order_id,order_date,customer_id,product_id,product_name,category,region,quantity,sales,cost,profit,discount
O000001,2025-02-22,C0347,P002,Wireless Mouse,Electronics,North,1,45382.14,27999.11,17383.03,0.07
O000002,2025-11-05,C0014,P007,Notebook,Stationery,South,1,2108.96,1307.13,801.83,0.02
O000003,2025-01-04,C0389,P007,Notebook,Stationery,South,4,100772.6,79895.45,20877.15,0.15
O000004,2025-06-22,C0053,P007,Notebook,Stationery,North,6,106041.6,88774.2,17267.4,0.04
O000005,2025-01-23,C0374,P007,Notebook,Stationery,West,2,37487.08,27407.47,10079.61,0.21
O000006,2025-11-13,C0454,P002,Wireless Mouse,Electronics,East,7,32291.28,25794.97,6496.31,0.14
O000007,2025-02-10,C0438,P004,Office Chair,Furniture,South,2,5316.98,4157.46,1159.52,0.17
O000008,2025-03-25,C0190,P002,Wireless Mouse,Electronics,East,7,114737.91,91817.08,22920.83,0.11
O000009,2025-11-08,C0326,P004,Office Chair,Furniture,South,5,177846.9,132391.12,45455.78,0.23
O000010,2025-11-24,C0353,P004,Office Chair,Furniture,South,3,83248.62,70499.68,12748.94,0.09
O000011,2025-07-25,C0138,P006,Monitor,Electronics,North,1,12015.9,9510.75,2505.15,0.21
O000012,2025-07-22,C0453,P004,Office Chair,Furniture,West,10,434690.8,324553.89,110136.91,0.08
O000013,2025-05-15,C0383,P003,Keyboard,Electronics,West,5,43945.0,31570.55,12374.45,0.06
O000014,2025-09-10,C0047,P007,Notebook,Stationery,North,6,65578.5,38789.65,26788.85,0.25
O000015,2025-11-02,C0033,P002,Wireless Mouse,Electronics,West,3,119001.6,89744.39,29257.21,0.04
O000016,2025-01-06,C0349,P007,Notebook,Stationery,North,10,268603.8,225982.69,42621.11,0.13
O000017,2025-01-02,C0489,P005,Desk,Furniture,East,6,41905.8,25036.51,16869.29,0.07
O000018,2025-11-24,C0260,P003,Keyboard,Electronics,South,9,50354.46,32203.36,18151.1,0.22
O000019,2025-09-29,C0471,P003,Keyboard,Electronics,North,6,56308.14,44122.38,12185.76,0.13
O000020,2025-06-07,C0123,P006,Monitor,Electronics,North,8,11453.76,7546.82,3906.94,0.03
O000021,2025-02-05,C0390,P004,Office Chair,Furniture,South,10,52537.8,36555.65,15982.15,0.02
O000022,2025-11-07,C0217,P003,Keyboard,Electronics,South,8,278254.08,197087.96,81166.12,0.04
O000023,2025-08-13,C0461,P004,Office Chair,Furniture,West,5,98805.0,73606.11,25198.89,0.25
O000024,2025-10-11,C0118,P002,Wireless Mouse,Electronics,South,4,58506.0,32547.49,25958.51,0.02
O000025,2025-01-17,C0441,P001,Laptop Pro,Electronics,East,2,78269.52,48423.99,29845.53,0.16
O000026,2025-10-04,C0068,P002,Wireless Mouse,Electronics,West,9,132220.89,91976.07,40244.82,0.07
O000027,2025-08-09,C0182,P004,Office Chair,Furniture,West,8,204265.2,118285.74,85979.46,0.05
O000028,2025-11-27,C0051,P007,Notebook,Stationery,North,8,380001.6,283495.12,96506.48,0.01
O000029,2025-08-18,C0072,P007,Notebook,Stationery,West,6,41516.04,25202.84,16313.2,0.06
O000030,2025-08-15,C0414,P003,Keyboard,Electronics,North,5,143434.6,118617.5,24817.1,0.06
O000031,2025-05-02,C0086,P001,Laptop Pro,Electronics,West,9,7982.28,6608.61,1373.67,0.24
O000032,2025-03-26,C0195,P008,Pen Set,Stationery,North,8,88657.92,72764.47,15893.45,0.22
O000033,2025-10-12,C0339,P007,Notebook,Stationery,West,5,139588.35,105944.41,33643.94,0.07
O000034,2025-10-05,C0032,P003,Keyboard,Electronics,East,4,74651.0,42367.8,32283.2,0.05
O000035,2025-09-29,C0081,P001,Laptop Pro,Electronics,North,1,33865.92,27967.02,5898.9,0.12
O000036,2025-05-01,C0207,P002,Wireless Mouse,Electronics,North,3,11959.5,9000.29,2959.21,0.15
O000037,2025-12-03,C0299,P004,Office Chair,Furniture,East,10,387703.8,222772.67,164931.13,0.01
O000038,2025-07-22,C0068,P005,Desk,Furniture,East,4,144618.48,89895.68,54722.8,0.18
O000039,2025-11-15,C0289,P008,Pen Set,Stationery,North,6,228569.88,126352.2,102217.68,0.23
O000040,2025-06-28,C0452,P002,Wireless Mouse,Electronics,North,9,110943.27,65427.35,45515.92,0.13
O000041,2025-12-27,C0155,P004,Office Chair,Furniture,North,6,108725.76,86994.03,21731.73,0.04
O000042,2025-10-11,C0080,P005,Desk,Furniture,East,2,16740.0,13675.14,3064.86,0.07
O000043,2025-11-21,C0437,P005,Desk,Furniture,East,10,114824.6,70166.92,44657.68,0.18
O000044,2025-05-22,C0023,P008,Pen Set,Stationery,North,5,17292.1,11708.01,5584.09,0.02
O000045,2025-08-15,C0283,P006,Monitor,Electronics,West,3,95652.84,57245.79,38407.05,0.24
O000046,2025-03-18,C0280,P001,Laptop Pro,Electronics,North,2,7799.12,5906.32,1892.8,0.24
O000047,2025-06-07,C0187,P006,Monitor,Electronics,North,10,349536.0,205608.84,143927.16,0.04
O000048,2025-10-14,C0453,P006,Monitor,Electronics,West,4,168820.24,98057.23,70763.01,0.06
O000049,2025-07-31,C0013,P003,Keyboard,Electronics,South,4,32980.96,26161.54,6819.42,0.24
O000050,2025-05-17,C0082,P006,Monitor,Electronics,North,7,240802.38,191010.42,49791.96,0.22
O000051,2025-08-24,C0180,P007,Notebook,Stationery,East,1,29184.18,23200.72,5983.46,0.06
O000052,2025-05-23,C0443,P004,Office Chair,Furniture,North,4,5810.0,3890.03,1919.97,0.17
O000053,2025-10-02,C0170,P005,Desk,Furniture,North,6,220492.8,166219.7,54273.1,0.13
O000054,2025-01-20,C0056,P002,Wireless Mouse,Electronics,West,5,50583.5,42746.35,7837.15,0.15
O000055,2025-07-17,C0461,P006,Monitor,Electronics,South,6,146874.9,103315.76,43559.14,0.15
O000056,2025-10-03,C0352,P005,Desk,Furniture,South,1,41518.5,29311.07,12207.43,0.11
O000057,2025-11-16,C0161,P006,Monitor,Electronics,North,7,25456.2,21032.71,4423.49,0.24
O000058,2025-12-23,C0152,P005,Desk,Furniture,South,9,152903.43,99059.23,53844.2,0.17
O000059,2025-03-31,C0316,P004,Office Chair,Furniture,East,7,232888.32,175410.41,57477.91,0.24
O000060,2025-10-24,C0311,P007,Notebook,Stationery,East,9,1871.28,1147.2,724.08,0.08
O000061,2025-03-28,C0338,P008,Pen Set,Stationery,North,8,193735.28,136264.14,57471.14,0.17
O000062,2025-05-01,C0345,P005,Desk,Furniture,East,9,330417.36,214955.15,115462.21,0.16
O000063,2025-09-01,C0313,P004,Office Chair,Furniture,North,4,39029.76,24333.21,14696.55,0.01
O000064,2025-07-16,C0254,P008,Pen Set,Stationery,West,7,249661.44,191116.77,58544.67,0.14
O000065,2025-02-24,C0399,P004,Office Chair,Furniture,West,3,107555.55,87958.71,19596.84,0.17
O000066,2025-05-08,C0470,P004,Office Chair,Furniture,North,3,119556.27,67557.13,51999.14,0.13
O000067,2025-11-01,C0163,P008,Pen Set,Stationery,West,3,76318.5,64593.52,11724.98,0.17
O000068,2025-09-01,C0231,P007,Notebook,Stationery,East,9,206549.46,159682.69,46866.77,0.22
O000069,2025-08-14,C0040,P004,Office Chair,Furniture,East,5,151197.2,94010.45,57186.75,0.12
O000070,2025-03-12,C0078,P004,Office Chair,Furniture,South,5,102166.0,72746.86,29419.14,0.08
O000071,2025-06-19,C0278,P007,Notebook,Stationery,West,3,132510.75,89373.25,43137.5,0.05
O000072,2025-10-27,C0485,P007,Notebook,Stationery,North,1,10866.45,7246.22,3620.23,0.21
O000073,2025-07-19,C0437,P007,Notebook,Stationery,West,8,3562.88,2278.76,1284.12,0.24
O000074,2025-07-19,C0173,P004,Office Chair,Furniture,West,8,108475.2,75465.39,33009.81,0.07
O000075,2025-07-21,C0304,P003,Keyboard,Electronics,North,8,51384.0,36494.82,14889.18,0.25
O000076,2025-05-14,C0195,P002,Wireless Mouse,Electronics,East,7,49647.78,30013.01,19634.77,0.22
O000077,2025-05-23,C0386,P004,Office Chair,Furniture,West,8,159123.2,129509.1,29614.1,0.08
O000078,2025-06-29,C0115,P005,Desk,Furniture,North,2,62044.0,44164.51,17879.49,0.0
O000079,2025-03-20,C0123,P001,Laptop Pro,Electronics,South,1,15584.75,8666.9,6917.85,0.05
O000080,2025-05-12,C0393,P008,Pen Set,Stationery,East,2,56483.2,38945.74,17537.46,0.24
O000081,2025-03-25,C0494,P003,Keyboard,Electronics,East,10,303969.6,232690.91,71278.69,0.24
O000082,2025-07-12,C0204,P002,Wireless Mouse,Electronics,South,10,14491.4,10473.5,4017.9,0.23
O000083,2025-12-23,C0396,P002,Wireless Mouse,Electronics,East,10,359134.0,223688.34,135445.66,0.21
O000084,2025-07-09,C0036,P002,Wireless Mouse,Electronics,East,10,26308.1,17850.4,8457.7,0.09
O000085,2025-11-22,C0457,P001,Laptop Pro,Electronics,West,7,219486.75,183981.75,35505.0,0.03
O000086,2025-05-19,C0316,P003,Keyboard,Electronics,West,7,67404.82,56595.93,10808.89,0.18
O000087,2025-05-06,C0426,P008,Pen Set,Stationery,North,7,286242.6,185110.62,101131.98,0.15
O000088,2025-12-09,C0195,P005,Desk,Furniture,East,8,104852.88,75594.2,29258.68,0.19
O000089,2025-05-13,C0175,P001,Laptop Pro,Electronics,East,8,163400.0,100268.12,63131.88,0.05
O000090,2025-05-04,C0369,P005,Desk,Furniture,West,9,6772.95,4113.33,2659.62,0.13
O000091,2025-12-31,C0252,P008,Pen Set,Stationery,West,9,422044.02,292403.89,129640.13,0.06
O000092,2025-06-06,C0340,P001,Laptop Pro,Electronics,East,2,36628.04,27747.06,8880.98,0.06
O000093,2025-10-09,C0170,P008,Pen Set,Stationery,East,9,286600.86,243321.1,43279.76,0.09
O000094,2025-04-09,C0162,P008,Pen Set,Stationery,North,5,95381.8,55912.5,39469.3,0.06
O000095,2025-10-29,C0390,P003,Keyboard,Electronics,East,4,47166.4,29853.97,17312.43,0.18
O000096,2025-01-08,C0363,P002,Wireless Mouse,Electronics,South,4,73748.64,44531.82,29216.82,0.06
O000097,2025-03-06,C0327,P005,Desk,Furniture,West,1,3244.78,2463.52,781.26,0.14
O000098,2025-06-24,C0095,P002,Wireless Mouse,Electronics,North,1,35173.53,24396.86,10776.67,0.07
O000099,2025-02-07,C0296,P005,Desk,Furniture,North,8,48512.32,32513.55,15998.77,0.21
O000100,2025-05-08,C0061,P003,Keyboard,Electronics,West,3,84556.08,48666.61,35889.47,0.24
O000101,2025-10-29,C0220,P004,Office Chair,Furniture,East,9,201275.28,137434.04,63841.24,0.11
O000102,2025-11-17,C0109,P001,Laptop Pro,Electronics,East,10,477279.6,371715.44,105564.16,0.02
O000103,2025-01-02,C0210,P002,Wireless Mouse,Electronics,West,3,45846.72,26248.14,19598.58,0.04
O000104,2025-12-26,C0441,P008,Pen Set,Stationery,West,5,10993.3,8377.85,2615.45,0.06
O000105,2025-12-05,C0412,P002,Wireless Mouse,Electronics,South,4,56118.4,41388.3,14730.1,0.2
O000106,2025-05-17,C0424,P007,Notebook,Stationery,South,2,67469.44,40123.86,27345.58,0.06
O000107,2025-10-19,C0472,P002,Wireless Mouse,Electronics,East,1,8858.4,6453.46,2404.94,0.2
O000108,2025-05-20,C0257,P008,Pen Set,Stationery,West,2,51320.56,38999.53,12321.03,0.17
O000109,2025-06-15,C0310,P008,Pen Set,Stationery,East,2,77996.16,53006.86,24989.3,0.01
O000110,2025-10-22,C0301,P001,Laptop Pro,Electronics,North,2,23107.04,18503.83,4603.21,0.24
O000111,2025-09-23,C0334,P005,Desk,Furniture,West,10,22971.6,13841.7,9129.9,0.19
O000112,2025-02-16,C0241,P005,Desk,Furniture,East,3,102955.2,81774.59,21180.61,0.11
O000113,2025-06-18,C0211,P007,Notebook,Stationery,West,6,105775.2,85394.43,20380.77,0.17
O000114,2025-05-10,C0166,P005,Desk,Furniture,North,7,251219.43,144807.39,106412.04,0.01
O000115,2025-07-31,C0028,P007,Notebook,Stationery,South,9,2079.0,1481.87,597.13,0.16
O000116,2025-01-27,C0105,P006,Monitor,Electronics,East,10,438011.2,298991.83,139019.37,0.12
O000117,2025-01-15,C0499,P003,Keyboard,Electronics,South,5,112756.8,78412.61,34344.19,0.22
O000118,2025-04-26,C0431,P003,Keyboard,Electronics,North,5,181495.0,122036.73,59458.27,0.0
O000119,2025-05-30,C0261,P008,Pen Set,Stationery,East,2,67383.84,47135.85,20247.99,0.21
O000120,2025-07-16,C0098,P007,Notebook,Stationery,South,8,234225.44,167560.08,66665.36,0.06
O000121,2025-05-17,C0421,P002,Wireless Mouse,Electronics,North,5,126007.8,99081.85,26925.95,0.08
O000122,2025-03-18,C0229,P005,Desk,Furniture,West,5,166259.5,124359.15,41900.35,0.14
O000123,2025-06-14,C0446,P006,Monitor,Electronics,South,6,176758.2,117219.5,59538.7,0.19
O000124,2025-01-23,C0163,P004,Office Chair,Furniture,West,10,237801.2,186118.28,51682.92,0.06
O000125,2025-03-19,C0254,P007,Notebook,Stationery,North,7,244692.0,182443.75,62248.25,0.2
O000126,2025-08-14,C0052,P003,Keyboard,Electronics,West,9,321909.84,186742.92,135166.92,0.08
O000127,2025-02-08,C0241,P001,Laptop Pro,Electronics,East,3,63339.12,53267.38,10071.74,0.22
O000128,2025-06-18,C0437,P006,Monitor,Electronics,West,10,410373.0,235592.92,174780.08,0.1
O000129,2025-11-20,C0351,P006,Monitor,Electronics,East,8,282395.52,161114.05,121281.47,0.01
O000130,2025-12-27,C0447,P004,Office Chair,Furniture,North,2,43532.8,33873.35,9659.45,0.24
O000131,2025-06-16,C0408,P008,Pen Set,Stationery,North,3,127452.78,71205.85,56246.93,0.07
O000132,2025-07-30,C0290,P005,Desk,Furniture,South,6,132245.1,82422.98,49822.12,0.11
O000133,2025-12-16,C0124,P003,Keyboard,Electronics,West,3,13706.25,9111.41,4594.84,0.15
O000134,2025-12-08,C0005,P003,Keyboard,Electronics,West,4,102214.56,70310.45,31904.11,0.16
O000135,2025-10-28,C0154,P005,Desk,Furniture,West,9,93077.46,77586.64,15490.82,0.02
O000136,2025-09-05,C0055,P005,Desk,Furniture,South,8,151992.4,101136.96,50855.44,0.05
O000137,2025-06-01,C0012,P007,Notebook,Stationery,West,10,204026.4,172975.14,31051.26,0.14
O000138,2025-01-26,C0467,P005,Desk,Furniture,West,1,29084.64,22787.63,6297.01,0.22
O000139,2025-04-08,C0318,P005,Desk,Furniture,East,4,127948.8,78778.25,49170.55,0.2
O000140,2025-08-14,C0018,P003,Keyboard,Electronics,East,2,69419.28,44614.37,24804.91,0.16
O000141,2025-04-13,C0068,P003,Keyboard,Electronics,East,2,35953.6,24256.13,11697.47,0.08
O000142,2025-06-01,C0383,P005,Desk,Furniture,East,3,39362.4,32798.97,6563.43,0.23
O000143,2025-12-13,C0371,P002,Wireless Mouse,Electronics,West,8,39429.12,33118.49,6310.63,0.04
O000144,2025-08-21,C0189,P006,Monitor,Electronics,East,2,52116.0,37053.0,15063.0,0.0
O000145,2025-11-14,C0453,P007,Notebook,Stationery,East,6,36354.0,25136.72,11217.28,0.17
O000146,2025-06-04,C0333,P004,Office Chair,Furniture,West,2,66108.78,54395.38,11713.4,0.21
O000147,2025-09-10,C0060,P002,Wireless Mouse,Electronics,North,3,7229.88,4636.59,2593.29,0.24
O000148,2025-12-23,C0485,P004,Office Chair,Furniture,West,9,73629.0,48691.11,24937.89,0.1
O000149,2025-07-28,C0481,P003,Keyboard,Electronics,East,7,295803.2,206116.89,89686.31,0.02
O000150,2025-07-05,C0051,P001,Laptop Pro,Electronics,East,6,77098.92,64390.44,12708.48,0.11
O000151,2025-08-21,C0047,P006,Monitor,Electronics,South,1,24451.56,20550.61,3900.95,0.07
O000152,2025-10-17,C0106,P001,Laptop Pro,Electronics,North,1,20732.64,12186.17,8546.47,0.06
O000153,2025-03-17,C0404,P004,Office Chair,Furniture,North,10,114816.0,71174.39,43641.61,0.2
O000154,2025-02-26,C0339,P005,Desk,Furniture,North,3,22495.02,17761.04,4733.98,0.14
O000155,2025-06-15,C0009,P003,Keyboard,Electronics,South,1,18941.6,11769.92,7171.68,0.2
O000156,2025-02-02,C0244,P005,Desk,Furniture,West,1,6890.67,4877.39,2013.28,0.19
O000157,2025-11-11,C0023,P006,Monitor,Electronics,East,9,341395.38,239369.92,102025.46,0.03
O000158,2025-08-07,C0352,P008,Pen Set,Stationery,North,1,3139.5,2524.75,614.75,0.25
O000159,2025-03-17,C0034,P008,Pen Set,Stationery,South,8,31299.84,20239.53,11060.31,0.22
O000160,2025-07-15,C0306,P005,Desk,Furniture,East,10,354356.5,270602.87,83753.63,0.15
O000161,2025-02-28,C0437,P008,Pen Set,Stationery,South,9,319414.77,251676.11,67738.66,0.11
O000162,2025-07-24,C0213,P007,Notebook,Stationery,North,8,109252.8,87208.4,22044.4,0.1
O000163,2025-03-20,C0352,P006,Monitor,Electronics,West,7,120156.61,79578.56,40578.05,0.17
O000164,2025-07-10,C0416,P002,Wireless Mouse,Electronics,South,2,11356.24,6574.91,4781.33,0.02
O000165,2025-07-30,C0182,P001,Laptop Pro,Electronics,West,10,318234.4,238995.3,79239.1,0.14
O000166,2025-09-17,C0109,P001,Laptop Pro,Electronics,South,5,181920.8,105710.57,76210.23,0.08
O000167,2025-02-28,C0391,P008,Pen Set,Stationery,East,4,26542.88,19028.05,7514.83,0.09
O000168,2025-11-11,C0346,P004,Office Chair,Furniture,North,7,196643.16,156435.15,40208.01,0.24
O000169,2025-06-23,C0180,P005,Desk,Furniture,North,1,11181.39,8707.2,2474.19,0.07
O000170,2025-11-21,C0498,P003,Keyboard,Electronics,North,3,94031.28,53680.17,40351.11,0.16
O000171,2025-03-22,C0190,P002,Wireless Mouse,Electronics,East,9,117100.62,80342.0,36758.62,0.09
O000172,2025-03-22,C0387,P006,Monitor,Electronics,North,10,384885.2,217761.37,167123.83,0.02
O000173,2025-08-15,C0213,P002,Wireless Mouse,Electronics,East,5,121341.85,84417.34,36924.51,0.17
O000174,2025-12-14,C0348,P004,Office Chair,Furniture,West,9,62727.21,36586.71,26140.5,0.09
O000175,2025-01-04,C0105,P005,Desk,Furniture,East,1,13185.9,9623.04,3562.86,0.1
O000176,2025-09-12,C0383,P004,Office Chair,Furniture,West,3,47276.55,27703.84,19572.71,0.07
O000177,2025-10-14,C0427,P003,Keyboard,Electronics,East,3,65555.37,40580.95,24974.42,0.13
O000178,2025-02-09,C0442,P002,Wireless Mouse,Electronics,East,7,338391.9,188018.14,150373.76,0.01
O000179,2025-02-28,C0208,P007,Notebook,Stationery,North,10,218972.8,147874.12,71098.68,0.18
O000180,2025-07-05,C0046,P006,Monitor,Electronics,West,3,107471.76,81343.55,26128.21,0.12
O000181,2025-07-22,C0446,P002,Wireless Mouse,Electronics,East,4,97756.8,69132.51,28624.29,0.15
O000182,2025-11-21,C0059,P006,Monitor,Electronics,South,4,71367.48,40887.42,30480.06,0.19
O000183,2025-03-17,C0121,P006,Monitor,Electronics,North,6,218282.64,162322.15,55960.49,0.24
O000184,2025-12-02,C0039,P003,Keyboard,Electronics,South,5,63014.4,37547.82,25466.58,0.04
O000185,2025-12-15,C0474,P008,Pen Set,Stationery,East,8,341543.84,247223.24,94320.6,0.14
O000186,2025-06-05,C0408,P006,Monitor,Electronics,East,3,85318.8,58243.94,27074.86,0.02
O000187,2025-01-20,C0030,P001,Laptop Pro,Electronics,East,6,196674.24,135414.69,61259.55,0.02
O000188,2025-11-11,C0305,P005,Desk,Furniture,West,2,66218.88,53411.35,12807.53,0.22
O000189,2025-01-22,C0231,P008,Pen Set,Stationery,South,10,277605.2,214221.36,63383.84,0.24
O000190,2025-08-19,C0053,P006,Monitor,Electronics,East,10,272919.0,228519.64,44399.36,0.13
O000191,2025-08-13,C0225,P002,Wireless Mouse,Electronics,South,9,367580.16,229488.79,138091.37,0.04
O000192,2025-12-14,C0307,P006,Monitor,Electronics,North,6,101190.6,79165.4,22025.2,0.1
O000193,2025-05-26,C0130,P006,Monitor,Electronics,South,2,42739.76,32205.0,10534.76,0.02
O000194,2025-06-08,C0496,P006,Monitor,Electronics,West,2,63727.4,52576.63,11150.77,0.17
O000195,2025-07-12,C0330,P003,Keyboard,Electronics,East,10,359235.8,230943.56,128292.24,0.23
O000196,2025-07-05,C0010,P003,Keyboard,Electronics,East,9,47809.44,32368.04,15441.4,0.16
O000197,2025-04-09,C0116,P005,Desk,Furniture,South,3,38867.01,30310.32,8556.69,0.09
O000198,2025-10-04,C0428,P003,Keyboard,Electronics,North,2,30944.3,17958.28,12986.02,0.21
O000199,2025-04-03,C0426,P006,Monitor,Electronics,South,10,74698.0,44540.61,30157.39,0.15
O000200,2025-08-16,C0313,P008,Pen Set,Stationery,East,1,24684.66,18905.38,5779.28,0.09
O000201,2025-08-29,C0463,P008,Pen Set,Stationery,South,4,132336.96,111120.57,21216.39,0.06
O000202,2025-07-15,C0258,P006,Monitor,Electronics,West,10,255851.2,162345.65,93505.55,0.12
O000203,2025-11-25,C0247,P003,Keyboard,Electronics,East,4,154528.76,96580.62,57948.14,0.03
O000204,2025-05-20,C0231,P002,Wireless Mouse,Electronics,South,9,70056.9,54569.77,15487.13,0.07
O000205,2025-01-14,C0213,P007,Notebook,Stationery,North,2,23601.6,19244.48,4357.12,0.2
O000206,2025-07-11,C0115,P007,Notebook,Stationery,North,9,209021.22,177324.74,31696.48,0.06
O000207,2025-03-12,C0020,P006,Monitor,Electronics,East,2,79023.84,62224.49,16799.35,0.16
O000208,2025-01-03,C0464,P008,Pen Set,Stationery,North,3,122830.26,84087.19,38743.07,0.18
O000209,2025-11-08,C0271,P001,Laptop Pro,Electronics,West,5,56615.35,40459.67,16155.68,0.21
O000210,2025-08-03,C0328,P002,Wireless Mouse,Electronics,West,5,72555.8,40945.04,31610.76,0.08
O000211,2025-09-21,C0295,P002,Wireless Mouse,Electronics,South,2,56025.2,31090.1,24935.1,0.15
O000212,2025-10-20,C0214,P003,Keyboard,Electronics,South,5,141650.0,92900.42,48749.58,0.0
O000213,2025-09-17,C0403,P002,Wireless Mouse,Electronics,North,9,210198.24,148782.06,61416.18,0.02
O000214,2025-05-10,C0383,P007,Notebook,Stationery,North,8,20516.16,17322.04,3194.12,0.16
O000215,2025-02-23,C0396,P006,Monitor,Electronics,East,2,42856.48,32019.42,10837.06,0.06
O000216,2025-03-31,C0426,P003,Keyboard,Electronics,West,1,20027.68,15903.03,4124.65,0.14
O000217,2025-08-23,C0019,P008,Pen Set,Stationery,East,3,26568.78,20799.56,5769.22,0.02
O000218,2025-06-08,C0264,P004,Office Chair,Furniture,West,1,10352.16,6673.82,3678.34,0.22
O000219,2025-07-02,C0442,P008,Pen Set,Stationery,North,5,10525.95,6392.74,4133.21,0.19
O000220,2025-07-24,C0381,P006,Monitor,Electronics,West,5,33428.0,22767.32,10660.68,0.2
O000221,2025-09-23,C0137,P007,Notebook,Stationery,North,6,65699.04,45940.51,19758.53,0.12
O000222,2025-10-07,C0151,P007,Notebook,Stationery,East,2,48314.0,38491.88,9822.12,0.15
O000223,2025-11-05,C0368,P002,Wireless Mouse,Electronics,West,2,36005.4,23113.62,12891.78,0.17
O000224,2025-06-30,C0315,P003,Keyboard,Electronics,West,8,165454.56,127076.43,38378.13,0.11
O000225,2025-09-20,C0411,P005,Desk,Furniture,South,1,4247.11,2853.48,1393.63,0.17
O000226,2025-03-06,C0035,P001,Laptop Pro,Electronics,South,3,99642.33,67901.45,31740.88,0.17
O000227,2025-03-20,C0348,P006,Monitor,Electronics,West,6,115322.4,64547.75,50774.65,0.24
O000228,2025-09-29,C0188,P006,Monitor,Electronics,West,6,142368.84,102815.44,39553.4,0.19
O000229,2025-04-06,C0256,P006,Monitor,Electronics,West,5,62920.4,35095.36,27825.04,0.24
O000230,2025-11-10,C0147,P002,Wireless Mouse,Electronics,West,5,70757.8,43471.55,27286.25,0.18
O000231,2025-08-16,C0045,P004,Office Chair,Furniture,East,2,14370.1,9852.32,4517.78,0.21
O000232,2025-03-22,C0365,P006,Monitor,Electronics,South,2,62339.68,50956.42,11383.26,0.14
O000233,2025-03-13,C0122,P006,Monitor,Electronics,West,9,130033.35,79358.59,50674.76,0.03
O000234,2025-10-10,C0067,P001,Laptop Pro,Electronics,North,6,188381.28,130024.86,58356.42,0.14
O000235,2025-09-27,C0211,P002,Wireless Mouse,Electronics,West,5,98598.75,75493.21,23105.54,0.25
O000236,2025-12-15,C0265,P002,Wireless Mouse,Electronics,East,3,52859.52,36208.37,16651.15,0.16
O000237,2025-03-08,C0222,P003,Keyboard,Electronics,North,9,322286.85,251491.55,70795.3,0.15
O000238,2025-12-30,C0116,P002,Wireless Mouse,Electronics,East,9,84687.84,50693.3,33994.54,0.08
O000239,2025-05-21,C0065,P005,Desk,Furniture,East,2,31583.7,26432.57,5151.13,0.05
O000240,2025-03-20,C0088,P002,Wireless Mouse,Electronics,East,9,364668.48,303579.98,61088.5,0.04
O000241,2025-10-23,C0136,P001,Laptop Pro,Electronics,South,1,5467.77,4059.47,1408.3,0.01
O000242,2025-10-07,C0149,P007,Notebook,Stationery,East,10,416552.4,340197.96,76354.44,0.01
O000243,2025-12-19,C0031,P008,Pen Set,Stationery,South,4,162327.6,111367.0,50960.6,0.1
O000244,2025-03-15,C0161,P008,Pen Set,Stationery,East,7,196719.6,128272.54,68447.06,0.12
O000245,2025-02-24,C0164,P006,Monitor,Electronics,South,7,49720.23,35027.61,14692.62,0.19
O000246,2025-01-26,C0149,P008,Pen Set,Stationery,West,2,31557.62,18690.42,12867.2,0.11
O000247,2025-06-10,C0098,P007,Notebook,Stationery,South,4,34131.2,28333.18,5798.02,0.2
O000248,2025-01-12,C0047,P008,Pen Set,Stationery,West,9,243880.56,156708.42,87172.14,0.12
O000249,2025-05-25,C0254,P008,Pen Set,Stationery,West,4,48616.6,27448.81,21167.79,0.15
O000250,2025-05-16,C0373,P005,Desk,Furniture,East,9,5225.85,3549.81,1676.04,0.21
O000251,2025-04-10,C0186,P007,Notebook,Stationery,East,6,17091.0,12324.06,4766.94,0.1
O000252,2025-11-16,C0349,P002,Wireless Mouse,Electronics,North,7,207122.58,148083.76,59038.82,0.11
O000253,2025-10-13,C0481,P003,Keyboard,Electronics,East,2,47345.48,40055.99,7289.49,0.09
O000254,2025-01-24,C0020,P003,Keyboard,Electronics,South,4,138096.84,96671.02,41425.82,0.13
O000255,2025-09-21,C0072,P006,Monitor,Electronics,East,8,243746.08,178392.43,65353.65,0.11
O000256,2025-06-03,C0304,P006,Monitor,Electronics,East,3,58392.0,45066.7,13325.3,0.25
O000257,2025-06-19,C0345,P008,Pen Set,Stationery,North,10,174653.6,96931.19,77722.41,0.12
O000258,2025-12-19,C0323,P007,Notebook,Stationery,North,10,162904.0,125044.66,37859.34,0.2
O000259,2025-10-23,C0117,P008,Pen Set,Stationery,North,5,172656.0,135163.51,37492.49,0.2
O000260,2025-07-14,C0076,P008,Pen Set,Stationery,South,3,87081.12,64084.8,22996.32,0.16
O000261,2025-06-10,C0215,P001,Laptop Pro,Electronics,South,10,447257.3,248532.48,198724.82,0.03
O000262,2025-08-30,C0447,P007,Notebook,Stationery,North,4,94287.12,69154.27,25132.85,0.13
O000263,2025-09-02,C0270,P003,Keyboard,Electronics,West,9,106719.12,90651.15,16067.97,0.14
O000264,2025-07-01,C0347,P006,Monitor,Electronics,East,3,70048.44,45720.48,24327.96,0.23
O000265,2025-06-02,C0395,P008,Pen Set,Stationery,East,4,60840.6,38910.59,21930.01,0.07
O000266,2025-05-21,C0148,P004,Office Chair,Furniture,North,8,147678.08,106054.46,41623.62,0.12
O000267,2025-05-29,C0022,P007,Notebook,Stationery,East,7,121391.76,96067.59,25324.17,0.24
O000268,2025-04-20,C0104,P002,Wireless Mouse,Electronics,East,6,147122.64,113902.58,33220.06,0.16
O000269,2025-05-05,C0026,P005,Desk,Furniture,South,3,18762.9,13622.79,5140.11,0.15
O000270,2025-02-21,C0349,P004,Office Chair,Furniture,South,1,6089.4,4659.65,1429.75,0.1
O000271,2025-09-01,C0245,P001,Laptop Pro,Electronics,South,9,85455.0,70971.2,14483.8,0.1
O000272,2025-02-15,C0334,P005,Desk,Furniture,South,6,95276.16,78353.31,16922.85,0.16
O000273,2025-01-19,C0429,P001,Laptop Pro,Electronics,West,3,64551.24,38907.4,25643.84,0.22
O000274,2025-01-20,C0005,P008,Pen Set,Stationery,East,3,112372.08,93022.95,19349.13,0.24
O000275,2025-09-26,C0253,P002,Wireless Mouse,Electronics,South,6,100653.66,74724.65,25929.01,0.11
O000276,2025-08-23,C0332,P008,Pen Set,Stationery,East,5,51344.0,33332.79,18011.21,0.2
O000277,2025-12-12,C0388,P003,Keyboard,Electronics,South,1,44596.08,28474.92,16121.16,0.08
O000278,2025-09-21,C0168,P003,Keyboard,Electronics,North,10,328060.2,261823.84,66236.36,0.22
O000279,2025-05-08,C0004,P007,Notebook,Stationery,East,2,18463.5,12799.57,5663.93,0.25
O000280,2025-06-04,C0299,P007,Notebook,Stationery,North,4,95505.48,79862.68,15642.8,0.19
O000281,2025-08-27,C0158,P005,Desk,Furniture,South,6,257189.64,192978.6,64211.04,0.06
O000282,2025-11-24,C0470,P007,Notebook,Stationery,East,9,337585.32,255581.5,82003.82,0.19
O000283,2025-03-20,C0233,P006,Monitor,Electronics,East,10,139393.5,82252.01,57141.49,0.05
O000284,2025-04-22,C0391,P007,Notebook,Stationery,South,9,226398.24,178990.11,47408.13,0.19
O000285,2025-10-16,C0058,P002,Wireless Mouse,Electronics,North,9,230812.74,151998.37,78814.37,0.13
O000286,2025-09-24,C0227,P004,Office Chair,Furniture,North,10,339552.0,220177.5,119374.5,0.04
O000287,2025-01-29,C0233,P004,Office Chair,Furniture,South,10,315903.0,222115.38,93787.62,0.02
O000288,2025-06-07,C0371,P007,Notebook,Stationery,North,8,294275.52,202671.52,91604.0,0.01
O000289,2025-01-24,C0217,P007,Notebook,Stationery,East,5,1607.85,1163.27,444.58,0.19
O000290,2025-08-30,C0017,P002,Wireless Mouse,Electronics,East,9,28745.64,16405.3,12340.34,0.23
O000291,2025-11-27,C0494,P007,Notebook,Stationery,West,3,22052.25,18601.07,3451.18,0.19
O000292,2025-07-12,C0042,P006,Monitor,Electronics,South,7,161588.7,132830.79,28757.91,0.22
O000293,2025-03-07,C0373,P006,Monitor,Electronics,South,2,17844.0,11918.32,5925.68,0.25
O000294,2025-08-06,C0273,P001,Laptop Pro,Electronics,West,1,17382.64,13310.38,4072.26,0.12
O000295,2025-02-27,C0017,P004,Office Chair,Furniture,West,4,110608.68,69981.55,40627.13,0.09
O000296,2025-08-17,C0307,P001,Laptop Pro,Electronics,North,4,53723.6,39120.63,14602.97,0.02
O000297,2025-01-29,C0072,P004,Office Chair,Furniture,East,1,23640.18,16830.1,6810.08,0.11
O000298,2025-06-14,C0122,P004,Office Chair,Furniture,East,10,181451.4,141851.71,39599.69,0.14
O000299,2025-10-13,C0486,P003,Keyboard,Electronics,South,9,118956.6,75245.54,43711.06,0.1
O000300,2025-11-26,C0344,P007,Notebook,Stationery,West,9,291187.71,190240.05,100947.66,0.01
O000301,2025-10-03,C0243,P006,Monitor,Electronics,South,7,181137.6,120083.01,61054.59,0.04
O000302,2025-01-30,C0288,P004,Office Chair,Furniture,West,5,223540.8,153998.94,69541.86,0.04
O000303,2025-04-15,C0170,P007,Notebook,Stationery,North,9,304965.09,189949.81,115015.28,0.03
O000304,2025-01-27,C0138,P008,Pen Set,Stationery,West,6,32671.98,26099.09,6572.89,0.13
O000305,2025-12-10,C0287,P001,Laptop Pro,Electronics,South,2,20049.6,14561.53,5488.07,0.2
O000306,2025-04-19,C0480,P008,Pen Set,Stationery,South,4,81037.28,66669.23,14368.05,0.08
O000307,2025-07-23,C0469,P002,Wireless Mouse,Electronics,South,8,106890.72,81357.8,25532.92,0.17
O000308,2025-06-07,C0134,P006,Monitor,Electronics,East,5,110646.8,82389.42,28257.38,0.12
O000309,2025-06-13,C0469,P008,Pen Set,Stationery,South,8,42636.8,32690.66,9946.14,0.2
O000310,2025-03-16,C0009,P006,Monitor,Electronics,East,6,162322.38,131355.4,30966.98,0.01
O000311,2025-10-19,C0427,P007,Notebook,Stationery,South,5,48393.0,29955.54,18437.46,0.05
O000312,2025-09-08,C0495,P008,Pen Set,Stationery,West,9,294804.0,191996.79,102807.21,0.24
O000313,2025-10-07,C0251,P008,Pen Set,Stationery,South,3,115732.8,69529.92,46202.88,0.2
O000314,2025-12-09,C0025,P001,Laptop Pro,Electronics,North,9,17177.76,9830.82,7346.94,0.21
O000315,2025-01-05,C0112,P007,Notebook,Stationery,West,3,117123.06,89265.44,27857.62,0.06
O000316,2025-09-05,C0338,P006,Monitor,Electronics,West,1,34179.6,28374.92,5804.68,0.16
O000317,2025-09-29,C0370,P001,Laptop Pro,Electronics,East,1,30167.94,16699.62,13468.32,0.14
O000318,2025-04-02,C0055,P005,Desk,Furniture,North,1,26490.4,19926.34,6564.06,0.2
O000319,2025-07-01,C0137,P003,Keyboard,Electronics,West,4,43445.2,27184.77,16260.43,0.15
O000320,2025-12-23,C0116,P002,Wireless Mouse,Electronics,East,6,143160.06,89183.33,53976.73,0.11
O000321,2025-09-01,C0029,P002,Wireless Mouse,Electronics,North,1,5694.3,3776.18,1918.12,0.1
O000322,2025-06-19,C0290,P003,Keyboard,Electronics,North,2,52073.64,38715.3,13358.34,0.21
O000323,2025-10-18,C0244,P001,Laptop Pro,Electronics,East,4,43289.4,32799.79,10489.61,0.23
O000324,2025-10-16,C0337,P001,Laptop Pro,Electronics,North,2,69383.16,56879.86,12503.3,0.23
O000325,2025-12-31,C0421,P003,Keyboard,Electronics,West,6,5590.56,4059.37,1531.19,0.24
O000326,2025-07-19,C0347,P002,Wireless Mouse,Electronics,East,5,46637.8,33579.63,13058.17,0.14
O000327,2025-06-27,C0028,P007,Notebook,Stationery,North,3,111620.04,78160.58,33459.46,0.18
O000328,2025-11-01,C0204,P007,Notebook,Stationery,East,4,18858.84,14723.13,4135.71,0.09
O000329,2025-07-12,C0222,P001,Laptop Pro,Electronics,South,5,130798.8,85901.24,44897.56,0.12
O000330,2025-02-07,C0043,P007,Notebook,Stationery,East,2,75778.26,47280.7,28497.56,0.07
O000331,2025-07-19,C0163,P003,Keyboard,Electronics,East,7,262304.0,156407.43,105896.57,0.2
O000332,2025-05-19,C0053,P002,Wireless Mouse,Electronics,South,2,820.8,560.95,259.85,0.24
O000333,2025-07-28,C0053,P002,Wireless Mouse,Electronics,North,3,75945.48,54409.01,21536.47,0.11
O000334,2025-06-16,C0443,P002,Wireless Mouse,Electronics,West,6,214743.48,156636.72,58106.76,0.02
O000335,2025-10-14,C0464,P001,Laptop Pro,Electronics,South,5,122935.5,70738.3,52197.2,0.1
O000336,2025-09-10,C0075,P003,Keyboard,Electronics,North,7,76781.32,49166.1,27615.22,0.03
O000337,2025-02-09,C0185,P003,Keyboard,Electronics,East,7,113915.55,79202.0,34713.55,0.11
O000338,2025-03-11,C0156,P004,Office Chair,Furniture,North,8,265982.0,182824.99,83157.01,0.15
O000339,2025-08-14,C0172,P007,Notebook,Stationery,West,6,223008.24,180337.73,42670.51,0.09
O000340,2025-09-03,C0161,P003,Keyboard,Electronics,South,5,90163.75,68397.11,21766.64,0.15
O000341,2025-10-22,C0401,P007,Notebook,Stationery,South,6,94956.0,70255.17,24700.83,0.18
O000342,2025-02-28,C0478,P006,Monitor,Electronics,South,7,103986.4,69450.49,34535.91,0.2
O000343,2025-12-29,C0108,P003,Keyboard,Electronics,West,9,13426.92,9244.26,4182.66,0.24
O000344,2025-06-05,C0124,P005,Desk,Furniture,East,2,44841.58,26535.17,18306.41,0.17
O000345,2025-09-03,C0299,P003,Keyboard,Electronics,West,7,170855.16,144750.23,26104.93,0.02
O000346,2025-10-02,C0305,P007,Notebook,Stationery,North,9,18784.8,12357.75,6427.05,0.2
O000347,2025-11-10,C0023,P002,Wireless Mouse,Electronics,West,4,143742.72,86231.48,57511.24,0.17
O000348,2025-09-19,C0383,P006,Monitor,Electronics,South,7,50001.0,31381.7,18619.3,0.0
O000349,2025-12-20,C0257,P008,Pen Set,Stationery,South,6,136398.24,102826.08,33572.16,0.12
O000350,2025-02-13,C0060,P006,Monitor,Electronics,South,1,30882.86,20839.53,10043.33,0.03
O000351,2025-09-05,C0179,P006,Monitor,Electronics,West,5,100939.35,61780.96,39158.39,0.11
O000352,2025-06-03,C0023,P002,Wireless Mouse,Electronics,North,8,315506.24,203713.81,111792.43,0.17
O000353,2025-05-05,C0265,P001,Laptop Pro,Electronics,South,6,248310.3,196168.87,52141.43,0.03
O000354,2025-07-27,C0323,P003,Keyboard,Electronics,South,6,196992.6,135652.3,61340.3,0.11
O000355,2025-04-12,C0231,P003,Keyboard,Electronics,West,7,181039.32,132924.88,48114.44,0.01
O000356,2025-12-27,C0415,P007,Notebook,Stationery,North,1,44065.75,27915.8,16149.95,0.05
O000357,2025-02-28,C0135,P002,Wireless Mouse,Electronics,West,9,101981.88,62119.44,39862.44,0.09
O000358,2025-06-28,C0181,P006,Monitor,Electronics,West,10,218186.5,158425.53,59760.97,0.15
O000359,2025-06-10,C0061,P003,Keyboard,Electronics,South,5,171997.5,129279.0,42718.5,0.15
O000360,2025-07-18,C0215,P005,Desk,Furniture,South,2,22196.72,13149.5,9047.22,0.09
O000361,2025-11-27,C0477,P007,Notebook,Stationery,South,7,76217.68,54207.06,22010.62,0.12
O000362,2025-08-19,C0318,P003,Keyboard,Electronics,North,8,146910.72,94665.45,52245.27,0.04
O000363,2025-10-15,C0259,P006,Monitor,Electronics,West,1,31000.23,24631.69,6368.54,0.03
O000364,2025-03-27,C0043,P007,Notebook,Stationery,North,8,179993.28,122963.4,57029.88,0.18
O000365,2025-03-28,C0400,P004,Office Chair,Furniture,West,5,10890.3,7746.08,3144.22,0.07
O000366,2025-10-06,C0422,P008,Pen Set,Stationery,East,9,293991.48,171768.05,122223.43,0.03
O000367,2025-12-01,C0385,P001,Laptop Pro,Electronics,South,8,273638.0,185402.44,88235.56,0.05
O000368,2025-02-14,C0225,P005,Desk,Furniture,North,1,27595.89,22315.69,5280.2,0.07
O000369,2025-12-30,C0313,P004,Office Chair,Furniture,West,4,165036.0,108129.81,56906.19,0.15
O000370,2025-01-31,C0292,P003,Keyboard,Electronics,East,10,74592.0,59230.45,15361.55,0.2
O000371,2025-05-30,C0149,P005,Desk,Furniture,East,10,340876.8,287597.77,53279.03,0.04
O000372,2025-05-22,C0444,P002,Wireless Mouse,Electronics,South,3,118459.2,97803.54,20655.66,0.2
O000373,2025-12-13,C0202,P003,Keyboard,Electronics,West,4,32091.52,25626.51,6465.01,0.18
O000374,2025-08-20,C0039,P003,Keyboard,Electronics,North,10,387298.5,261142.8,126155.7,0.07
O000375,2025-07-08,C0233,P007,Notebook,Stationery,West,9,412967.43,343134.98,69832.45,0.07
O000376,2025-02-17,C0375,P006,Monitor,Electronics,West,10,2823.6,2270.6,553.0,0.22
O000377,2025-04-19,C0254,P006,Monitor,Electronics,East,2,63403.2,53286.49,10116.71,0.1
O000378,2025-09-06,C0404,P006,Monitor,Electronics,East,5,96040.5,56584.98,39455.52,0.14
O000379,2025-01-09,C0064,P001,Laptop Pro,Electronics,South,1,5649.0,4524.91,1124.09,0.16
O000380,2025-12-19,C0466,P008,Pen Set,Stationery,South,8,1464.0,993.09,470.91,0.25
O000381,2025-02-12,C0191,P005,Desk,Furniture,South,3,53384.52,35133.99,18250.53,0.02
O000382,2025-04-30,C0220,P001,Laptop Pro,Electronics,North,7,265321.56,201599.92,63721.64,0.08
O000383,2025-04-26,C0266,P002,Wireless Mouse,Electronics,West,1,12483.68,7363.0,5120.68,0.12
O000384,2025-08-05,C0356,P001,Laptop Pro,Electronics,South,1,41665.26,24423.26,17242.0,0.09
O000385,2025-02-22,C0053,P008,Pen Set,Stationery,East,2,27367.2,21051.64,6315.56,0.1
O000386,2025-03-10,C0329,P006,Monitor,Electronics,South,5,41337.0,32822.01,8514.99,0.1
O000387,2025-08-14,C0180,P002,Wireless Mouse,Electronics,South,9,334035.0,248858.1,85176.9,0.0
O000388,2025-02-14,C0460,P003,Keyboard,Electronics,North,7,235740.75,190475.88,45264.87,0.17
O000389,2025-08-08,C0162,P003,Keyboard,Electronics,South,2,63694.32,41749.12,21945.2,0.18
O000390,2025-11-04,C0370,P004,Office Chair,Furniture,East,5,207980.5,148917.99,59062.51,0.02
O000391,2025-07-20,C0152,P001,Laptop Pro,Electronics,North,5,59438.4,41776.68,17661.72,0.13
O000392,2025-11-01,C0037,P004,Office Chair,Furniture,North,8,197794.64,138431.48,59363.16,0.03
O000393,2025-08-04,C0188,P006,Monitor,Electronics,South,6,47784.6,38308.53,9476.07,0.1
O000394,2025-04-21,C0021,P008,Pen Set,Stationery,North,2,2198.1,1218.05,980.05,0.15
O000395,2025-08-01,C0217,P007,Notebook,Stationery,West,9,143451.0,100460.84,42990.16,0.16
O000396,2025-06-08,C0041,P002,Wireless Mouse,Electronics,South,9,271077.75,171657.36,99420.39,0.15
O000397,2025-11-29,C0349,P003,Keyboard,Electronics,North,9,175065.3,129598.79,45466.51,0.1
O000398,2025-05-06,C0045,P005,Desk,Furniture,West,7,255562.16,158855.19,96706.97,0.24
O000399,2025-12-03,C0380,P002,Wireless Mouse,Electronics,South,8,274223.6,176267.37,97956.23,0.15
O000400,2025-09-12,C0488,P002,Wireless Mouse,Electronics,East,1,45194.24,25010.73,20183.51,0.03
O000401,2025-05-18,C0376,P005,Desk,Furniture,North,3,71498.7,56079.09,15419.61,0.03
O000402,2025-12-31,C0500,P001,Laptop Pro,Electronics,North,6,158114.88,89992.92,68121.96,0.07
O000403,2025-10-18,C0086,P008,Pen Set,Stationery,East,8,245146.72,171574.02,73572.7,0.09
O000404,2025-03-01,C0117,P003,Keyboard,Electronics,North,5,27077.7,20368.82,6708.88,0.22
O000405,2025-03-18,C0092,P001,Laptop Pro,Electronics,North,1,16063.74,10589.1,5474.64,0.01
O000406,2025-06-13,C0139,P007,Notebook,Stationery,North,4,80046.64,66018.98,14027.66,0.06
O000407,2025-04-25,C0412,P006,Monitor,Electronics,North,2,54947.66,31089.48,23858.18,0.17
O000408,2025-06-09,C0168,P007,Notebook,Stationery,North,2,47860.8,37429.93,10430.87,0.22
O000409,2025-06-05,C0379,P008,Pen Set,Stationery,South,1,23158.15,16654.0,6504.15,0.05
O000410,2025-04-11,C0376,P008,Pen Set,Stationery,South,6,177735.12,150956.86,26778.26,0.24
O000411,2025-11-22,C0430,P003,Keyboard,Electronics,North,1,26801.28,19094.94,7706.34,0.01
O000412,2025-06-07,C0054,P006,Monitor,Electronics,South,1,41947.08,33754.89,8192.19,0.16
O000413,2025-03-14,C0365,P004,Office Chair,Furniture,East,7,172607.4,145295.35,27312.05,0.24
O000414,2025-12-25,C0459,P002,Wireless Mouse,Electronics,East,1,11987.82,8462.53,3525.29,0.22
O000415,2025-07-21,C0039,P008,Pen Set,Stationery,North,2,74991.56,44249.08,30742.48,0.02
O000416,2025-07-21,C0359,P007,Notebook,Stationery,East,3,43850.43,35311.62,8538.81,0.07
O000417,2025-03-11,C0400,P006,Monitor,Electronics,North,8,135525.44,112901.69,22623.75,0.06
O000418,2025-03-03,C0275,P003,Keyboard,Electronics,East,2,19530.16,12581.52,6948.64,0.11
O000419,2025-02-16,C0081,P004,Office Chair,Furniture,East,8,143651.2,115746.19,27905.01,0.12
O000420,2025-07-02,C0203,P001,Laptop Pro,Electronics,North,4,83258.88,63555.43,19703.45,0.04
O000421,2025-08-20,C0285,P005,Desk,Furniture,South,5,57390.3,38527.12,18863.18,0.01
O000422,2025-01-07,C0032,P002,Wireless Mouse,Electronics,South,8,44019.2,26056.63,17962.57,0.2
O000423,2025-11-27,C0044,P003,Keyboard,Electronics,East,4,96285.28,71163.42,25121.86,0.09
O000424,2025-03-07,C0048,P002,Wireless Mouse,Electronics,East,1,4203.75,3126.73,1077.02,0.05
O000425,2025-08-10,C0421,P002,Wireless Mouse,Electronics,West,1,30106.89,24905.61,5201.28,0.01
O000426,2025-04-20,C0466,P008,Pen Set,Stationery,South,1,20984.06,12629.09,8354.97,0.17
O000427,2025-11-14,C0316,P005,Desk,Furniture,South,5,114773.1,64318.25,50454.85,0.22
O000428,2025-02-14,C0144,P005,Desk,Furniture,West,8,169728.0,117741.89,51986.11,0.22
O000429,2025-05-08,C0323,P003,Keyboard,Electronics,North,7,78033.48,61580.85,16452.63,0.16
O000430,2025-10-17,C0258,P007,Notebook,Stationery,East,6,163241.76,113518.95,49722.81,0.14
O000431,2025-01-16,C0459,P007,Notebook,Stationery,East,5,59320.8,43252.87,16067.93,0.01
O000432,2025-04-30,C0499,P001,Laptop Pro,Electronics,South,8,254042.88,184231.05,69811.83,0.09
O000433,2025-01-29,C0392,P002,Wireless Mouse,Electronics,South,4,162612.48,115472.24,47140.24,0.06
O000434,2025-12-24,C0184,P007,Notebook,Stationery,North,6,66723.84,48558.67,18165.17,0.04
O000435,2025-09-10,C0278,P006,Monitor,Electronics,East,10,356505.6,297507.68,58997.92,0.04
O000436,2025-04-23,C0011,P003,Keyboard,Electronics,West,8,21066.08,13056.48,8009.6,0.02
O000437,2025-04-01,C0471,P001,Laptop Pro,Electronics,East,6,230547.9,135826.57,94721.33,0.05
O000438,2025-02-26,C0434,P001,Laptop Pro,Electronics,East,1,8398.0,6929.75,1468.25,0.15
O000439,2025-02-21,C0173,P002,Wireless Mouse,Electronics,East,6,211456.32,141396.33,70059.99,0.24
O000440,2025-11-24,C0492,P006,Monitor,Electronics,West,3,25884.12,17628.65,8255.47,0.18
O000441,2025-11-11,C0403,P006,Monitor,Electronics,East,3,106122.6,80448.16,25674.44,0.24
O000442,2025-05-31,C0066,P004,Office Chair,Furniture,South,10,106388.1,81939.95,24448.15,0.09
O000443,2025-10-18,C0017,P001,Laptop Pro,Electronics,South,10,204317.7,159623.02,44694.68,0.21
O000444,2025-09-12,C0073,P006,Monitor,Electronics,East,10,123278.4,71653.48,51624.92,0.16
O000445,2025-02-15,C0421,P002,Wireless Mouse,Electronics,East,4,68784.0,41295.59,27488.41,0.25
O000446,2025-06-29,C0132,P008,Pen Set,Stationery,North,1,16701.0,12658.57,4042.43,0.05
O000447,2025-03-27,C0453,P001,Laptop Pro,Electronics,West,1,22687.88,15334.65,7353.23,0.11
O000448,2025-09-03,C0404,P008,Pen Set,Stationery,South,7,139772.36,81127.87,58644.49,0.14
O000449,2025-01-11,C0164,P003,Keyboard,Electronics,East,8,32192.0,18028.29,14163.71,0.2
O000450,2025-02-08,C0281,P002,Wireless Mouse,Electronics,North,2,43392.0,28753.16,14638.84,0.04
O000451,2025-08-09,C0483,P006,Monitor,Electronics,South,10,315237.0,240006.13,75230.87,0.22
O000452,2025-04-08,C0210,P007,Notebook,Stationery,East,3,10793.19,6601.82,4191.37,0.03
O000453,2025-10-09,C0431,P005,Desk,Furniture,West,5,77258.3,51598.55,25659.75,0.02
O000454,2025-12-05,C0321,P003,Keyboard,Electronics,West,1,23847.0,13742.75,10104.25,0.0
O000455,2025-02-11,C0243,P004,Office Chair,Furniture,North,2,3583.4,2656.94,926.46,0.05
O000456,2025-02-16,C0329,P005,Desk,Furniture,West,7,191348.08,143188.07,48160.01,0.12
O000457,2025-05-15,C0226,P003,Keyboard,Electronics,West,6,137581.08,94068.67,43512.41,0.09
O000458,2025-12-23,C0342,P005,Desk,Furniture,North,4,61232.0,36453.81,24778.19,0.14
O000459,2025-04-27,C0284,P002,Wireless Mouse,Electronics,North,6,192693.6,149710.8,42982.8,0.1
O000460,2025-09-01,C0294,P007,Notebook,Stationery,South,9,189023.4,142924.44,46098.96,0.24
O000461,2025-01-18,C0258,P008,Pen Set,Stationery,South,5,24183.0,19495.9,4687.1,0.1
O000462,2025-04-19,C0414,P002,Wireless Mouse,Electronics,South,8,70096.32,42068.27,28028.05,0.24
O000463,2025-04-14,C0422,P003,Keyboard,Electronics,South,1,27387.08,20675.54,6711.54,0.02
O000464,2025-07-18,C0285,P005,Desk,Furniture,West,6,221071.62,126033.72,95037.9,0.23
O000465,2025-12-25,C0320,P006,Monitor,Electronics,West,5,152448.1,123793.94,28654.16,0.11
O000466,2025-02-21,C0474,P002,Wireless Mouse,Electronics,North,7,67240.32,48842.04,18398.28,0.04
O000467,2025-05-16,C0197,P002,Wireless Mouse,Electronics,West,5,137681.7,111985.9,25695.8,0.22
O000468,2025-11-08,C0349,P008,Pen Set,Stationery,West,1,10681.05,6335.53,4345.52,0.07
O000469,2025-09-01,C0472,P001,Laptop Pro,Electronics,East,7,127378.44,71941.72,55436.72,0.17
O000470,2025-05-24,C0432,P006,Monitor,Electronics,West,1,17873.6,11455.48,6418.12,0.2
O000471,2025-06-14,C0138,P002,Wireless Mouse,Electronics,West,4,33145.76,25625.55,7520.21,0.08
O000472,2025-09-06,C0389,P002,Wireless Mouse,Electronics,East,4,110762.4,88298.77,22463.63,0.05
O000473,2025-07-26,C0070,P001,Laptop Pro,Electronics,North,9,93650.76,71443.43,22207.33,0.02
O000474,2025-08-22,C0026,P003,Keyboard,Electronics,East,4,42198.64,26367.7,15830.94,0.21
O000475,2025-11-22,C0473,P004,Office Chair,Furniture,North,5,96143.0,67447.96,28695.04,0.21
O000476,2025-08-31,C0301,P001,Laptop Pro,Electronics,East,4,86623.68,59235.96,27387.72,0.12
O000477,2025-05-26,C0015,P006,Monitor,Electronics,West,3,41676.93,31535.06,10141.87,0.19
O000478,2025-04-24,C0332,P001,Laptop Pro,Electronics,South,3,91618.29,56280.71,35337.58,0.19
O000479,2025-12-16,C0005,P004,Office Chair,Furniture,West,5,193059.0,107343.84,85715.16,0.1
O000480,2025-11-08,C0413,P003,Keyboard,Electronics,East,3,95030.4,58646.21,36384.19,0.2
O000481,2025-04-22,C0239,P005,Desk,Furniture,East,7,137542.16,94587.66,42954.5,0.21
O000482,2025-07-11,C0288,P007,Notebook,Stationery,East,10,69050.0,58680.68,10369.32,0.0
O000483,2025-11-24,C0167,P005,Desk,Furniture,East,2,62271.16,52713.05,9558.11,0.02
O000484,2025-01-30,C0413,P005,Desk,Furniture,West,5,60211.2,46943.2,13268.0,0.04
O000485,2025-06-01,C0133,P006,Monitor,Electronics,West,3,140985.9,98579.01,42406.89,0.01
O000486,2025-10-20,C0418,P007,Notebook,Stationery,South,7,335980.26,256158.3,79821.96,0.01
O000487,2025-12-10,C0184,P006,Monitor,Electronics,East,4,157219.44,123491.01,33728.43,0.13
O000488,2025-05-13,C0372,P003,Keyboard,Electronics,South,9,101025.9,69832.56,31193.34,0.07
O000489,2025-06-07,C0216,P006,Monitor,Electronics,East,2,26872.3,20779.35,6092.95,0.09
O000490,2025-08-29,C0028,P006,Monitor,Electronics,North,5,179373.75,144461.19,34912.56,0.07
O000491,2025-09-29,C0153,P008,Pen Set,Stationery,West,4,128036.12,96566.04,31470.08,0.03
O000492,2025-10-19,C0458,P001,Laptop Pro,Electronics,West,3,20704.5,13515.92,7188.58,0.25
O000493,2025-06-20,C0324,P003,Keyboard,Electronics,South,6,268481.4,154173.68,114307.72,0.05
O000494,2025-03-28,C0296,P006,Monitor,Electronics,South,1,452.12,277.07,175.05,0.11
O000495,2025-07-26,C0220,P008,Pen Set,Stationery,West,2,14756.0,10920.12,3835.88,0.15
O000496,2025-01-08,C0457,P007,Notebook,Stationery,East,1,2324.64,1788.11,536.53,0.13
O000497,2025-04-26,C0356,P004,Office Chair,Furniture,East,1,44551.0,34307.88,10243.12,0.0
O000498,2025-03-27,C0034,P005,Desk,Furniture,North,3,18713.7,13597.4,5116.3,0.1
O000499,2025-06-22,C0223,P005,Desk,Furniture,South,5,123323.9,89892.14,33431.76,0.18
O000500,2025-07-26,C0010,P006,Monitor,Electronics,South,8,153854.64,92230.48,61624.16,0.19
O000501,2025-03-28,C0064,P004,Office Chair,Furniture,East,3,34538.4,25106.23,9432.17,0.18
O000502,2025-01-25,C0305,P001,Laptop Pro,Electronics,North,7,277439.12,197098.31,80340.81,0.06
O000503,2025-07-14,C0064,P002,Wireless Mouse,Electronics,East,1,2789.63,1883.09,906.54,0.17
O000504,2025-06-04,C0216,P008,Pen Set,Stationery,North,3,34030.83,25151.96,8878.87,0.17
O000505,2025-02-23,C0262,P005,Desk,Furniture,North,10,327098.0,221003.02,106094.98,0.18
O000506,2025-05-15,C0426,P005,Desk,Furniture,South,2,12608.64,9238.36,3370.28,0.12
O000507,2025-04-17,C0353,P006,Monitor,Electronics,West,7,131416.32,93889.29,37527.03,0.04
O000508,2025-02-26,C0428,P006,Monitor,Electronics,West,4,1516.0,874.28,641.72,0.0
O000509,2025-05-12,C0330,P003,Keyboard,Electronics,South,2,66120.6,50719.32,15401.28,0.02
O000510,2025-03-31,C0448,P008,Pen Set,Stationery,North,5,77039.6,44678.55,32361.05,0.12
O000511,2025-02-18,C0436,P005,Desk,Furniture,North,6,245927.04,189747.97,56179.07,0.08
O000512,2025-08-13,C0490,P001,Laptop Pro,Electronics,East,3,110055.96,71382.1,38673.86,0.16
O000513,2025-08-22,C0140,P002,Wireless Mouse,Electronics,West,6,129162.0,86568.67,42593.33,0.05
O000514,2025-03-09,C0357,P008,Pen Set,Stationery,North,7,233262.12,139965.11,93297.01,0.22
O000515,2025-10-19,C0348,P003,Keyboard,Electronics,West,2,42294.56,29386.36,12908.2,0.23
O000516,2025-12-17,C0451,P003,Keyboard,Electronics,South,10,203204.7,149031.86,54172.84,0.19
O000517,2025-02-02,C0134,P008,Pen Set,Stationery,East,8,47430.24,32357.21,15073.03,0.22
O000518,2025-12-09,C0448,P001,Laptop Pro,Electronics,East,9,378749.16,272511.41,106237.75,0.14
O000519,2025-12-06,C0347,P002,Wireless Mouse,Electronics,West,7,250068.84,173692.54,76376.3,0.18
O000520,2025-03-22,C0259,P003,Keyboard,Electronics,West,9,359669.97,267241.84,92428.13,0.01
O000521,2025-06-19,C0497,P008,Pen Set,Stationery,East,3,12407.58,8017.66,4389.92,0.19
O000522,2025-05-01,C0041,P001,Laptop Pro,Electronics,West,9,114513.3,75990.03,38523.27,0.14
O000523,2025-06-11,C0061,P008,Pen Set,Stationery,West,10,289746.8,202688.56,87058.24,0.02
O000524,2025-01-01,C0423,P001,Laptop Pro,Electronics,North,2,47950.2,34386.97,13563.23,0.1
O000525,2025-06-24,C0187,P005,Desk,Furniture,North,9,316803.15,238059.29,78743.86,0.05
O000526,2025-08-31,C0367,P004,Office Chair,Furniture,East,8,151057.28,111167.19,39890.09,0.14
O000527,2025-06-24,C0182,P008,Pen Set,Stationery,East,2,10667.7,6576.89,4090.81,0.19
O000528,2025-07-29,C0055,P006,Monitor,Electronics,East,2,4992.0,3483.05,1508.95,0.22
O000529,2025-08-23,C0423,P004,Office Chair,Furniture,South,4,24988.04,16688.74,8299.3,0.23
O000530,2025-12-11,C0302,P006,Monitor,Electronics,North,2,89676.0,74250.65,15425.35,0.1
O000531,2025-09-13,C0003,P008,Pen Set,Stationery,North,8,294793.6,206726.75,88066.85,0.15
O000532,2025-04-01,C0355,P007,Notebook,Stationery,South,10,245237.3,192345.61,52891.69,0.23
O000533,2025-06-14,C0259,P003,Keyboard,Electronics,West,2,42989.52,31461.8,11527.72,0.16
O000534,2025-06-25,C0497,P007,Notebook,Stationery,East,10,369230.4,233382.69,135847.71,0.19
O000535,2025-09-20,C0154,P008,Pen Set,Stationery,East,3,24988.5,18991.37,5997.13,0.1
O000536,2025-06-26,C0472,P004,Office Chair,Furniture,South,4,46848.48,29850.63,16997.85,0.16
O000537,2025-03-01,C0390,P003,Keyboard,Electronics,East,9,267067.44,172716.36,94351.08,0.17
O000538,2025-12-12,C0383,P008,Pen Set,Stationery,East,10,285737.2,218028.08,67709.12,0.24
O000539,2025-01-28,C0344,P007,Notebook,Stationery,North,1,33423.29,22201.79,11221.5,0.03
O000540,2025-12-16,C0129,P004,Office Chair,Furniture,South,5,197456.0,166862.11,30593.89,0.2
O000541,2025-08-20,C0053,P001,Laptop Pro,Electronics,South,5,54954.45,30757.56,24196.89,0.19
O000542,2025-05-28,C0355,P007,Notebook,Stationery,North,4,107785.6,85112.52,22673.08,0.2
O000543,2025-06-10,C0495,P007,Notebook,Stationery,North,7,146300.0,123293.86,23006.14,0.24
O000544,2025-08-15,C0425,P001,Laptop Pro,Electronics,South,5,56737.8,44498.18,12239.62,0.16
O000545,2025-04-10,C0151,P006,Monitor,Electronics,West,10,295380.4,179869.15,115511.25,0.18
O000546,2025-03-03,C0194,P003,Keyboard,Electronics,North,2,18928.56,14584.91,4343.65,0.24
O000547,2025-05-11,C0003,P007,Notebook,Stationery,East,5,170548.05,102035.26,68512.79,0.07
O000548,2025-01-27,C0397,P008,Pen Set,Stationery,East,3,8112.96,5247.37,2865.59,0.04
O000549,2025-06-12,C0270,P008,Pen Set,Stationery,South,10,329920.5,259056.69,70863.81,0.09
O000550,2025-10-06,C0275,P003,Keyboard,Electronics,West,9,33609.6,20092.19,13517.41,0.2
O000551,2025-06-19,C0185,P002,Wireless Mouse,Electronics,East,6,68777.28,51514.21,17263.07,0.22
O000552,2025-11-29,C0005,P004,Office Chair,Furniture,North,10,307700.8,221052.38,86648.42,0.12
O000553,2025-11-15,C0125,P006,Monitor,Electronics,North,8,98258.16,72132.33,26125.83,0.23
O000554,2025-05-25,C0013,P006,Monitor,Electronics,East,7,48069.0,34228.55,13840.45,0.1
O000555,2025-06-14,C0264,P008,Pen Set,Stationery,North,8,22863.12,17043.51,5819.61,0.07
O000556,2025-04-18,C0344,P002,Wireless Mouse,Electronics,South,3,92540.16,68302.03,24238.13,0.13
O000557,2025-08-11,C0332,P007,Notebook,Stationery,North,2,23789.28,18099.43,5689.85,0.13
O000558,2025-02-07,C0028,P003,Keyboard,Electronics,South,1,24841.9,13945.4,10896.5,0.18
O000559,2025-05-13,C0209,P005,Desk,Furniture,West,9,37275.84,23047.42,14228.42,0.14
O000560,2025-03-02,C0274,P008,Pen Set,Stationery,North,7,184042.32,122728.72,61313.6,0.08
O000561,2025-09-15,C0055,P002,Wireless Mouse,Electronics,East,10,26092.4,14919.03,11173.37,0.18
O000562,2025-07-15,C0203,P005,Desk,Furniture,North,10,54581.7,45194.04,9387.66,0.07
O000563,2025-10-07,C0152,P008,Pen Set,Stationery,South,3,100208.85,77564.27,22644.58,0.05
O000564,2025-03-05,C0022,P005,Desk,Furniture,North,6,4798.8,3438.44,1360.36,0.14
O000565,2025-06-26,C0109,P007,Notebook,Stationery,West,9,246800.88,158299.9,88500.98,0.24
O000566,2025-04-10,C0059,P003,Keyboard,Electronics,South,3,34567.56,27668.72,6898.84,0.06
O000567,2025-12-10,C0035,P001,Laptop Pro,Electronics,East,9,230043.24,131571.71,98471.53,0.16
O000568,2025-07-02,C0066,P002,Wireless Mouse,Electronics,South,4,162356.8,135642.93,26713.87,0.15
O000569,2025-09-06,C0231,P002,Wireless Mouse,Electronics,East,5,199920.0,121561.27,78358.73,0.02
O000570,2025-06-11,C0491,P005,Desk,Furniture,West,10,87608.2,57764.29,29843.91,0.14
O000571,2025-11-25,C0224,P003,Keyboard,Electronics,East,1,19482.44,12010.1,7472.34,0.06
O000572,2025-08-25,C0229,P006,Monitor,Electronics,East,3,110050.56,89511.36,20539.2,0.18
O000573,2025-02-11,C0431,P005,Desk,Furniture,East,8,282107.04,209793.27,72313.77,0.03
O000574,2025-02-09,C0373,P003,Keyboard,Electronics,North,9,109421.01,89276.68,20144.33,0.07
O000575,2025-07-27,C0394,P001,Laptop Pro,Electronics,South,9,370602.54,268526.43,102076.11,0.01
O000576,2025-08-30,C0335,P001,Laptop Pro,Electronics,South,9,133739.46,113627.51,20111.95,0.14
O000577,2025-05-29,C0069,P006,Monitor,Electronics,West,7,80993.64,58872.68,22120.96,0.22
O000578,2025-11-11,C0351,P002,Wireless Mouse,Electronics,South,7,146440.14,109654.9,36785.24,0.13
O000579,2025-12-04,C0447,P003,Keyboard,Electronics,South,8,81669.12,68162.15,13506.97,0.04
O000580,2025-02-02,C0136,P008,Pen Set,Stationery,East,6,16233.6,11303.34,4930.26,0.05
O000581,2025-07-04,C0199,P004,Office Chair,Furniture,West,1,41815.2,34385.38,7429.82,0.05
O000582,2025-12-27,C0496,P008,Pen Set,Stationery,East,1,2111.25,1366.45,744.8,0.25
O000583,2025-07-13,C0188,P005,Desk,Furniture,North,10,308516.4,204545.72,103970.68,0.14
O000584,2025-06-26,C0250,P005,Desk,Furniture,West,7,90174.63,59142.78,31031.85,0.13
O000585,2025-09-21,C0330,P001,Laptop Pro,Electronics,East,9,74549.07,46145.67,28403.4,0.11
O000586,2025-03-02,C0339,P004,Office Chair,Furniture,South,3,35853.12,26194.51,9658.61,0.04
O000587,2025-09-03,C0108,P007,Notebook,Stationery,South,6,275879.64,207618.42,68261.22,0.03
O000588,2025-03-24,C0069,P007,Notebook,Stationery,North,1,16007.31,11558.01,4449.3,0.01
O000589,2025-07-27,C0307,P003,Keyboard,Electronics,North,1,10434.94,6302.82,4132.12,0.06
O000590,2025-09-04,C0088,P005,Desk,Furniture,South,2,25621.32,21722.59,3898.73,0.11
O000591,2025-04-04,C0320,P007,Notebook,Stationery,East,10,76416.0,60837.53,15578.47,0.2
O000592,2025-07-13,C0198,P003,Keyboard,Electronics,South,6,152581.8,87071.24,65510.56,0.15
O000593,2025-12-17,C0215,P002,Wireless Mouse,Electronics,South,1,11711.07,9635.89,2075.18,0.13
O000594,2025-09-30,C0258,P002,Wireless Mouse,Electronics,North,3,72501.66,52922.16,19579.5,0.23
O000595,2025-01-01,C0460,P002,Wireless Mouse,Electronics,West,8,336884.88,246277.13,90607.75,0.03
O000596,2025-09-04,C0405,P007,Notebook,Stationery,West,6,15169.08,10295.06,4874.02,0.17
O000597,2025-10-22,C0051,P006,Monitor,Electronics,West,10,375659.9,300962.62,74697.28,0.23
O000598,2025-02-12,C0146,P003,Keyboard,Electronics,West,5,127449.45,104894.16,22555.29,0.19
O000599,2025-10-23,C0268,P005,Desk,Furniture,North,4,1830.24,1440.08,390.16,0.18
O000600,2025-07-29,C0186,P001,Laptop Pro,Electronics,North,7,286588.4,226773.43,59814.97,0.05
O000601,2025-10-02,C0217,P003,Keyboard,Electronics,East,7,255260.95,160403.65,94857.3,0.15
O000602,2025-10-13,C0248,P005,Desk,Furniture,South,7,330352.05,236410.33,93941.72,0.05
O000603,2025-10-23,C0177,P006,Monitor,Electronics,West,9,289602.72,245163.9,44438.82,0.12
O000604,2025-03-24,C0052,P003,Keyboard,Electronics,South,2,92511.04,72614.95,19896.09,0.06
O000605,2025-01-27,C0083,P007,Notebook,Stationery,West,6,185038.2,139772.18,45266.02,0.15
O000606,2025-02-15,C0033,P001,Laptop Pro,Electronics,East,2,17114.24,12494.66,4619.58,0.12
O000607,2025-07-25,C0315,P004,Office Chair,Furniture,East,6,27769.5,21308.88,6460.62,0.15
O000608,2025-12-03,C0477,P001,Laptop Pro,Electronics,East,3,111307.68,61576.87,49730.81,0.12
O000609,2025-11-11,C0087,P004,Office Chair,Furniture,North,1,34355.43,26094.15,8261.28,0.13
O000610,2025-05-22,C0400,P006,Monitor,Electronics,West,4,172508.0,103027.54,69480.46,0.0
O000611,2025-12-27,C0036,P006,Monitor,Electronics,North,7,159287.45,112349.07,46938.38,0.15
O000612,2025-05-22,C0116,P005,Desk,Furniture,South,9,314520.57,263878.45,50642.12,0.09
O000613,2025-09-17,C0055,P008,Pen Set,Stationery,North,7,265139.0,159749.01,105389.99,0.0
O000614,2025-10-03,C0417,P005,Desk,Furniture,East,6,37766.4,31610.96,6155.44,0.2
O000615,2025-06-23,C0493,P008,Pen Set,Stationery,West,7,228579.12,142400.67,86178.45,0.12
O000616,2025-07-15,C0325,P008,Pen Set,Stationery,South,10,17529.6,10997.12,6532.48,0.12
O000617,2025-01-05,C0359,P004,Office Chair,Furniture,East,6,124159.68,87526.52,36633.16,0.24
O000618,2025-06-25,C0039,P004,Office Chair,Furniture,South,5,28327.5,21943.51,6383.99,0.1
O000619,2025-04-04,C0485,P008,Pen Set,Stationery,South,6,133203.3,96187.94,37015.36,0.05
O000620,2025-04-16,C0118,P008,Pen Set,Stationery,South,4,51138.48,41515.38,9623.1,0.18
O000621,2025-02-10,C0347,P004,Office Chair,Furniture,West,10,225907.2,131479.52,94427.68,0.04
O000622,2025-06-11,C0253,P001,Laptop Pro,Electronics,East,9,21109.59,13961.02,7148.57,0.21
O000623,2025-10-23,C0066,P008,Pen Set,Stationery,North,3,94014.63,57972.04,36042.59,0.07
O000624,2025-12-18,C0398,P007,Notebook,Stationery,South,8,282260.88,184651.31,97609.57,0.01
O000625,2025-01-05,C0007,P008,Pen Set,Stationery,South,2,79970.4,51556.55,28413.85,0.13
O000626,2025-05-13,C0096,P007,Notebook,Stationery,East,10,62578.4,45922.12,16656.28,0.08
O000627,2025-04-05,C0256,P004,Office Chair,Furniture,West,5,118142.0,77138.33,41003.67,0.24
O000628,2025-07-25,C0144,P004,Office Chair,Furniture,West,7,261506.07,172469.37,89036.7,0.19
O000629,2025-02-21,C0370,P003,Keyboard,Electronics,East,10,66834.4,50513.68,16320.72,0.24
O000630,2025-03-18,C0243,P004,Office Chair,Furniture,North,9,202812.75,123476.25,79336.5,0.21
O000631,2025-11-19,C0265,P003,Keyboard,Electronics,East,7,223669.39,182957.34,40712.05,0.03
O000632,2025-07-23,C0051,P008,Pen Set,Stationery,South,5,71582.1,51564.19,20017.91,0.14
O000633,2025-08-19,C0382,P001,Laptop Pro,Electronics,East,4,59364.8,43868.13,15496.67,0.12
O000634,2025-05-12,C0177,P005,Desk,Furniture,North,6,122875.08,101931.44,20943.64,0.14
O000635,2025-04-12,C0296,P007,Notebook,Stationery,South,2,36206.04,30374.51,5831.53,0.22
O000636,2025-08-17,C0456,P005,Desk,Furniture,North,6,107094.9,74564.62,32530.28,0.17
O000637,2025-03-27,C0328,P007,Notebook,Stationery,East,10,166997.6,139773.37,27224.23,0.12
O000638,2025-02-10,C0083,P007,Notebook,Stationery,East,10,338958.0,278664.8,60293.2,0.1
O000639,2025-11-06,C0331,P004,Office Chair,Furniture,West,6,105668.64,80638.91,25029.73,0.16
O000640,2025-08-19,C0212,P005,Desk,Furniture,South,8,155520.0,109840.78,45679.22,0.19
O000641,2025-12-25,C0384,P003,Keyboard,Electronics,North,1,6883.08,5152.72,1730.36,0.18
O000642,2025-08-31,C0281,P004,Office Chair,Furniture,North,3,76300.2,43425.32,32874.88,0.03
O000643,2025-05-15,C0317,P001,Laptop Pro,Electronics,South,7,195836.13,112600.95,83235.18,0.19
O000644,2025-08-15,C0321,P002,Wireless Mouse,Electronics,South,7,134718.92,103905.73,30813.19,0.06
O000645,2025-06-16,C0443,P003,Keyboard,Electronics,West,9,101395.8,75952.02,25443.78,0.01
O000646,2025-12-24,C0277,P008,Pen Set,Stationery,South,9,139722.48,82510.94,57211.54,0.14
O000647,2025-06-08,C0466,P008,Pen Set,Stationery,East,10,249742.2,185273.37,64468.83,0.13
O000648,2025-07-07,C0212,P008,Pen Set,Stationery,East,9,108612.0,74134.0,34478.0,0.2
O000649,2025-03-11,C0177,P003,Keyboard,Electronics,East,5,4455.0,3540.01,914.99,0.0
O000650,2025-09-02,C0154,P008,Pen Set,Stationery,North,9,5565.15,3882.13,1683.02,0.17
O000651,2025-07-11,C0097,P007,Notebook,Stationery,West,5,184827.5,102055.35,82772.15,0.06
O000652,2025-07-19,C0425,P007,Notebook,Stationery,West,7,111397.44,85902.5,25494.94,0.04
O000653,2025-11-10,C0414,P004,Office Chair,Furniture,East,5,23989.95,14918.6,9071.35,0.11
O000654,2025-04-04,C0070,P005,Desk,Furniture,East,9,144317.7,116326.5,27991.2,0.1
O000655,2025-09-09,C0097,P002,Wireless Mouse,Electronics,East,8,289662.96,220184.92,69478.04,0.11
O000656,2025-02-22,C0145,P001,Laptop Pro,Electronics,East,3,7870.56,4381.06,3489.5,0.24
O000657,2025-01-08,C0253,P003,Keyboard,Electronics,South,8,382808.0,220902.84,161905.16,0.0
O000658,2025-07-10,C0238,P006,Monitor,Electronics,North,7,115466.4,80770.91,34695.49,0.2
O000659,2025-07-20,C0037,P006,Monitor,Electronics,West,2,75071.28,42551.27,32520.01,0.24
O000660,2025-03-04,C0499,P003,Keyboard,Electronics,South,4,53084.8,42386.92,10697.88,0.2
O000661,2025-08-24,C0377,P007,Notebook,Stationery,North,8,107570.88,60245.4,47325.48,0.18
O000662,2025-06-15,C0082,P004,Office Chair,Furniture,North,8,170654.64,109838.93,60815.71,0.17
O000663,2025-01-27,C0443,P002,Wireless Mouse,Electronics,South,5,133295.4,81259.15,52036.25,0.16
O000664,2025-05-22,C0300,P002,Wireless Mouse,Electronics,North,4,148373.68,82276.22,66097.46,0.11
O000665,2025-12-20,C0244,P007,Notebook,Stationery,South,4,2386.4,1728.52,657.88,0.24
O000666,2025-11-13,C0174,P006,Monitor,Electronics,North,2,31680.0,18292.68,13387.32,0.04
O000667,2025-02-24,C0065,P001,Laptop Pro,Electronics,West,6,244465.92,173792.29,70673.63,0.04
O000668,2025-08-13,C0376,P004,Office Chair,Furniture,South,6,176601.6,137221.08,39380.52,0.2
O000669,2025-01-21,C0249,P001,Laptop Pro,Electronics,West,7,135877.28,84951.68,50925.6,0.18
O000670,2025-10-06,C0179,P005,Desk,Furniture,East,9,363377.52,261635.64,101741.88,0.12
O000671,2025-02-05,C0272,P008,Pen Set,Stationery,South,5,151824.75,108760.58,43064.17,0.23
O000672,2025-11-23,C0260,P008,Pen Set,Stationery,West,5,75069.4,51514.4,23555.0,0.14
O000673,2025-05-03,C0165,P003,Keyboard,Electronics,North,1,32243.06,25240.03,7003.03,0.21
O000674,2025-03-20,C0314,P007,Notebook,Stationery,East,4,114689.4,89425.65,25263.75,0.17
O000675,2025-12-04,C0035,P006,Monitor,Electronics,North,7,271780.88,157327.67,114453.21,0.08
O000676,2025-02-20,C0017,P003,Keyboard,Electronics,West,3,6409.65,4458.62,1951.03,0.05
O000677,2025-07-07,C0114,P008,Pen Set,Stationery,North,9,303258.96,190077.12,113181.84,0.18
O000678,2025-02-10,C0240,P001,Laptop Pro,Electronics,North,4,151976.0,124153.78,27822.22,0.12
O000679,2025-07-08,C0407,P006,Monitor,Electronics,North,9,339043.32,228781.67,110261.65,0.23
O000680,2025-02-09,C0484,P005,Desk,Furniture,South,9,21136.32,16916.18,4220.14,0.18
O000681,2025-04-09,C0270,P002,Wireless Mouse,Electronics,South,2,89721.12,59718.32,30002.8,0.06
O000682,2025-11-23,C0296,P003,Keyboard,Electronics,East,9,381574.26,295274.57,86299.69,0.14
O000683,2025-07-25,C0259,P008,Pen Set,Stationery,East,7,47187.84,28507.07,18680.77,0.04
O000684,2025-06-11,C0282,P003,Keyboard,Electronics,East,9,316523.16,207543.36,108979.8,0.11
O000685,2025-11-08,C0124,P006,Monitor,Electronics,South,7,259791.0,199457.22,60333.78,0.11
O000686,2025-08-18,C0492,P007,Notebook,Stationery,West,9,414506.16,347561.56,66944.6,0.06
O000687,2025-06-04,C0004,P001,Laptop Pro,Electronics,East,1,16016.55,11296.2,4720.35,0.15
O000688,2025-12-20,C0422,P004,Office Chair,Furniture,East,4,82514.52,65729.58,16784.94,0.01
O000689,2025-05-16,C0188,P003,Keyboard,Electronics,South,2,4704.48,2807.78,1896.7,0.12
O000690,2025-04-22,C0376,P004,Office Chair,Furniture,North,5,97412.0,65260.14,32151.86,0.02
O000691,2025-12-26,C0296,P006,Monitor,Electronics,North,8,81178.24,66542.39,14635.85,0.12
O000692,2025-01-29,C0472,P005,Desk,Furniture,East,1,38474.4,25564.85,12909.55,0.2
O000693,2025-04-27,C0383,P006,Monitor,Electronics,North,7,148208.83,86874.41,61334.42,0.23
O000694,2025-10-17,C0077,P007,Notebook,Stationery,East,1,17551.38,11334.59,6216.79,0.13
O000695,2025-08-17,C0386,P004,Office Chair,Furniture,North,3,8739.9,7422.01,1317.89,0.17
O000696,2025-06-22,C0043,P004,Office Chair,Furniture,West,7,107469.6,63880.33,43589.27,0.2
O000697,2025-08-11,C0397,P001,Laptop Pro,Electronics,South,9,220641.57,147732.35,72909.22,0.07
O000698,2025-10-20,C0101,P003,Keyboard,Electronics,South,8,280090.4,187267.22,92823.18,0.05
O000699,2025-10-22,C0046,P004,Office Chair,Furniture,North,2,28591.38,18499.29,10092.09,0.19
O000700,2025-11-01,C0336,P007,Notebook,Stationery,North,7,153759.06,99362.41,54396.65,0.09
O000701,2025-08-15,C0320,P005,Desk,Furniture,South,3,58953.45,49936.39,9017.06,0.15
O000702,2025-02-13,C0058,P008,Pen Set,Stationery,North,1,14725.95,9750.73,4975.22,0.05
O000703,2025-01-08,C0176,P004,Office Chair,Furniture,North,10,77048.4,61333.62,15714.78,0.22
O000704,2025-10-03,C0109,P005,Desk,Furniture,South,8,246145.68,150814.16,95331.52,0.01
O000705,2025-12-22,C0358,P005,Desk,Furniture,North,9,240823.8,204144.08,36679.72,0.16
O000706,2025-01-31,C0146,P007,Notebook,Stationery,South,10,380050.8,238153.86,141896.94,0.13
O000707,2025-07-18,C0339,P005,Desk,Furniture,East,1,25763.64,14234.42,11529.22,0.16
O000708,2025-07-17,C0119,P006,Monitor,Electronics,West,2,2697.0,2198.11,498.89,0.07
O000709,2025-04-06,C0102,P002,Wireless Mouse,Electronics,West,6,149582.16,106123.78,43458.38,0.22
O000710,2025-09-08,C0202,P001,Laptop Pro,Electronics,South,1,12638.01,8107.01,4531.0,0.23
O000711,2025-05-01,C0257,P001,Laptop Pro,Electronics,East,6,245956.62,181410.05,64546.57,0.09
O000712,2025-01-16,C0484,P001,Laptop Pro,Electronics,East,5,99734.7,79234.99,20499.71,0.22
O000713,2025-02-14,C0374,P004,Office Chair,Furniture,West,3,52881.66,39506.81,13374.85,0.22
O000714,2025-06-09,C0466,P004,Office Chair,Furniture,East,7,96031.04,65103.24,30927.8,0.14
O000715,2025-10-05,C0351,P008,Pen Set,Stationery,South,9,75539.25,44686.98,30852.27,0.05
O000716,2025-03-11,C0221,P003,Keyboard,Electronics,South,5,185824.3,131404.1,54420.2,0.18
O000717,2025-03-02,C0095,P003,Keyboard,Electronics,East,6,23963.04,19999.09,3963.95,0.14
O000718,2025-07-30,C0156,P003,Keyboard,Electronics,West,1,16446.3,11088.29,5358.01,0.22
O000719,2025-11-10,C0316,P005,Desk,Furniture,East,3,36421.56,22050.48,14371.08,0.03
O000720,2025-02-10,C0353,P004,Office Chair,Furniture,West,10,144910.4,80834.69,64075.71,0.06
O000721,2025-04-05,C0437,P003,Keyboard,Electronics,West,9,315453.6,234972.1,80481.5,0.12
O000722,2025-07-29,C0392,P008,Pen Set,Stationery,North,8,70748.16,43714.01,27034.15,0.04
O000723,2025-04-15,C0034,P005,Desk,Furniture,South,7,83830.95,70960.64,12870.31,0.19
O000724,2025-05-07,C0219,P008,Pen Set,Stationery,West,10,268156.4,217215.39,50941.01,0.17
O000725,2025-07-21,C0314,P001,Laptop Pro,Electronics,North,10,382281.0,292850.29,89430.71,0.21
O000726,2025-05-06,C0266,P002,Wireless Mouse,Electronics,West,8,190503.76,107201.19,83302.57,0.21
O000727,2025-01-26,C0098,P001,Laptop Pro,Electronics,East,9,200354.04,148100.62,52253.42,0.13
O000728,2025-03-27,C0217,P008,Pen Set,Stationery,East,7,114301.53,72669.98,41631.55,0.19
O000729,2025-02-16,C0370,P001,Laptop Pro,Electronics,North,9,75406.32,56089.52,19316.8,0.12
O000730,2025-06-15,C0231,P003,Keyboard,Electronics,North,10,394052.0,263195.22,130856.78,0.14
O000731,2025-08-21,C0047,P003,Keyboard,Electronics,East,8,242648.64,198665.78,43982.86,0.22
O000732,2025-12-28,C0231,P006,Monitor,Electronics,East,3,116306.34,67150.32,49156.02,0.18
O000733,2025-09-19,C0314,P002,Wireless Mouse,Electronics,South,9,377071.2,296875.69,80195.51,0.1
O000734,2025-06-21,C0290,P007,Notebook,Stationery,South,9,224024.13,134697.98,89326.15,0.01
O000735,2025-06-07,C0159,P003,Keyboard,Electronics,West,3,28970.46,16379.7,12590.76,0.19
O000736,2025-01-02,C0319,P005,Desk,Furniture,East,3,18495.36,15501.52,2993.84,0.22
O000737,2025-01-03,C0312,P001,Laptop Pro,Electronics,West,8,207371.84,147866.56,59505.28,0.21
O000738,2025-08-15,C0041,P004,Office Chair,Furniture,North,4,130337.76,89427.55,40910.21,0.16
O000739,2025-04-17,C0026,P004,Office Chair,Furniture,South,9,140958.9,101104.83,39854.07,0.15
O000740,2025-01-17,C0342,P003,Keyboard,Electronics,East,1,39141.83,23235.07,15906.76,0.09
O000741,2025-03-24,C0345,P006,Monitor,Electronics,East,2,6621.22,5615.59,1005.63,0.03
O000742,2025-02-17,C0394,P003,Keyboard,Electronics,East,8,339239.04,281379.77,57859.27,0.14
O000743,2025-10-09,C0034,P006,Monitor,Electronics,East,6,118661.16,92262.92,26398.24,0.21
O000744,2025-09-27,C0212,P008,Pen Set,Stationery,South,3,20408.04,12904.53,7503.51,0.17
O000745,2025-11-19,C0271,P004,Office Chair,Furniture,North,10,38926.1,29931.0,8995.1,0.03
O000746,2025-06-12,C0133,P008,Pen Set,Stationery,East,10,432645.3,316979.04,115666.26,0.07
O000747,2025-09-12,C0253,P003,Keyboard,Electronics,South,10,326233.6,250793.85,75439.75,0.12
O000748,2025-11-17,C0408,P004,Office Chair,Furniture,North,5,64420.0,35894.57,28525.43,0.0
O000749,2025-10-14,C0413,P004,Office Chair,Furniture,South,10,246357.0,160165.97,86191.03,0.1
O000750,2025-06-07,C0154,P001,Laptop Pro,Electronics,East,4,168962.4,132983.32,35979.08,0.07
O000751,2025-10-19,C0316,P001,Laptop Pro,Electronics,North,2,83068.64,55557.54,27511.1,0.08
O000752,2025-09-03,C0470,P003,Keyboard,Electronics,West,4,69077.6,57105.34,11972.26,0.21
O000753,2025-10-02,C0459,P001,Laptop Pro,Electronics,East,3,91454.4,62937.58,28516.82,0.04
O000754,2025-10-17,C0372,P008,Pen Set,Stationery,East,7,338641.38,239189.85,99451.53,0.01
O000755,2025-07-01,C0034,P001,Laptop Pro,Electronics,South,4,126292.8,99753.71,26539.09,0.17
O000756,2025-03-26,C0293,P005,Desk,Furniture,West,1,16819.5,12412.0,4407.5,0.25
O000757,2025-12-28,C0440,P003,Keyboard,Electronics,East,10,61284.6,47523.88,13760.72,0.22
O000758,2025-07-10,C0232,P001,Laptop Pro,Electronics,East,5,133882.7,108861.98,25020.72,0.02
O000759,2025-01-20,C0399,P004,Office Chair,Furniture,South,9,172903.68,114508.01,58395.67,0.04
O000760,2025-09-14,C0079,P002,Wireless Mouse,Electronics,South,8,264211.2,183573.67,80637.53,0.01
O000761,2025-06-17,C0074,P006,Monitor,Electronics,North,8,300774.24,193430.2,107344.04,0.22
O000762,2025-09-25,C0060,P003,Keyboard,Electronics,North,4,188832.6,125814.72,63017.88,0.01
O000763,2025-06-20,C0240,P005,Desk,Furniture,North,1,35728.54,28995.94,6732.6,0.21
O000764,2025-06-09,C0328,P002,Wireless Mouse,Electronics,South,9,316291.23,176093.27,140197.96,0.19
O000765,2025-08-14,C0344,P006,Monitor,Electronics,North,4,47682.96,33839.77,13843.19,0.07
O000766,2025-11-15,C0287,P005,Desk,Furniture,North,3,29353.59,16278.83,13074.76,0.07
O000767,2025-12-27,C0412,P004,Office Chair,Furniture,East,9,179242.92,113158.86,66084.06,0.14
O000768,2025-10-04,C0228,P004,Office Chair,Furniture,North,3,13435.68,10985.99,2449.69,0.08
O000769,2025-07-16,C0028,P003,Keyboard,Electronics,North,1,23908.5,13511.57,10396.93,0.23
O000770,2025-11-19,C0429,P007,Notebook,Stationery,West,7,68472.46,55968.21,12504.25,0.18
O000771,2025-12-10,C0415,P006,Monitor,Electronics,North,5,87916.0,67156.36,20759.64,0.2
O000772,2025-12-24,C0240,P008,Pen Set,Stationery,North,10,86602.6,68477.12,18125.48,0.02
O000773,2025-08-29,C0119,P008,Pen Set,Stationery,South,5,189239.4,147596.9,41642.5,0.16
O000774,2025-12-25,C0470,P003,Keyboard,Electronics,East,10,131754.7,87962.48,43792.22,0.23
O000775,2025-06-29,C0246,P006,Monitor,Electronics,West,8,254620.08,176349.95,78270.13,0.01
O000776,2025-02-22,C0208,P003,Keyboard,Electronics,North,5,97945.5,57613.33,40332.17,0.15
O000777,2025-08-25,C0206,P006,Monitor,Electronics,West,9,377160.84,241622.6,135538.24,0.02
O000778,2025-07-16,C0034,P004,Office Chair,Furniture,East,10,139062.0,117113.5,21948.5,0.14
O000779,2025-06-25,C0279,P004,Office Chair,Furniture,South,10,227640.0,154933.18,72706.82,0.2
O000780,2025-09-07,C0059,P003,Keyboard,Electronics,West,2,74928.7,54117.74,20810.96,0.23
O000781,2025-07-27,C0036,P006,Monitor,Electronics,North,9,46918.89,28285.16,18633.73,0.21
O000782,2025-04-22,C0419,P007,Notebook,Stationery,South,6,164273.76,93380.54,70893.22,0.16
O000783,2025-07-19,C0316,P001,Laptop Pro,Electronics,West,3,125311.68,88893.19,36418.49,0.04
O000784,2025-12-14,C0156,P004,Office Chair,Furniture,West,4,139972.56,89571.32,50401.24,0.22
O000785,2025-07-26,C0434,P006,Monitor,Electronics,South,2,76778.0,64948.54,11829.46,0.0
O000786,2025-01-01,C0361,P005,Desk,Furniture,East,1,18785.69,15786.93,2998.76,0.23
O000787,2025-07-21,C0321,P002,Wireless Mouse,Electronics,East,5,10542.1,8019.02,2523.08,0.06
O000788,2025-03-30,C0244,P007,Notebook,Stationery,South,7,157033.38,96318.75,60714.63,0.11
O000789,2025-08-02,C0079,P004,Office Chair,Furniture,East,9,180622.44,118865.17,61757.27,0.21
O000790,2025-09-07,C0337,P003,Keyboard,Electronics,West,3,2822.4,1565.62,1256.78,0.02
O000791,2025-08-22,C0458,P003,Keyboard,Electronics,West,2,15442.56,10419.97,5022.59,0.16
O000792,2025-07-16,C0182,P003,Keyboard,Electronics,South,8,239125.2,190348.78,48776.42,0.11
O000793,2025-05-02,C0365,P003,Keyboard,Electronics,East,7,278747.0,194968.78,83778.22,0.0
O000794,2025-10-18,C0248,P007,Notebook,Stationery,East,9,310982.49,262304.41,48678.08,0.09
O000795,2025-09-27,C0440,P002,Wireless Mouse,Electronics,East,10,241353.2,138541.31,102811.89,0.24
O000796,2025-05-06,C0242,P008,Pen Set,Stationery,North,9,41710.41,30574.61,11135.8,0.13
O000797,2025-01-06,C0241,P005,Desk,Furniture,West,10,28166.6,20012.65,8153.95,0.23
O000798,2025-05-31,C0149,P008,Pen Set,Stationery,South,10,444277.2,291390.03,152887.17,0.08
O000799,2025-05-14,C0032,P001,Laptop Pro,Electronics,West,10,453688.8,356375.49,97313.31,0.08
O000800,2025-11-16,C0014,P003,Keyboard,Electronics,East,10,30088.8,19182.39,10906.41,0.16
O000801,2025-05-23,C0130,P008,Pen Set,Stationery,South,2,14809.14,11927.78,2881.36,0.13
O000802,2025-03-31,C0466,P005,Desk,Furniture,South,5,85195.0,49708.29,35486.71,0.0
O000803,2025-09-06,C0093,P008,Pen Set,Stationery,North,6,65252.52,49607.08,15645.44,0.07
O000804,2025-09-11,C0386,P006,Monitor,Electronics,West,2,16501.9,13144.05,3357.85,0.15
O000805,2025-04-18,C0296,P007,Notebook,Stationery,East,4,154849.32,114785.53,40063.79,0.11
O000806,2025-08-26,C0205,P001,Laptop Pro,Electronics,West,5,198844.0,112497.38,86346.62,0.2
O000807,2025-04-30,C0195,P005,Desk,Furniture,West,8,298521.92,246799.35,51722.57,0.24
O000808,2025-05-28,C0475,P008,Pen Set,Stationery,West,5,42247.2,28745.85,13501.35,0.13
O000809,2025-09-30,C0327,P007,Notebook,Stationery,East,6,174051.0,97869.8,76181.2,0.17
O000810,2025-05-17,C0411,P007,Notebook,Stationery,North,10,339170.7,220627.22,118543.48,0.21
O000811,2025-05-04,C0376,P005,Desk,Furniture,South,10,227339.2,171092.6,56246.6,0.12
O000812,2025-02-04,C0007,P006,Monitor,Electronics,West,3,53483.4,40210.99,13272.41,0.14
O000813,2025-05-26,C0129,P002,Wireless Mouse,Electronics,South,9,52357.23,34317.8,18039.43,0.17
O000814,2025-12-03,C0458,P001,Laptop Pro,Electronics,South,1,39976.16,33242.24,6733.92,0.02
O000815,2025-12-03,C0392,P002,Wireless Mouse,Electronics,South,2,9260.38,5454.11,3806.27,0.21
O000816,2025-02-08,C0328,P002,Wireless Mouse,Electronics,West,3,46877.58,35071.15,11806.43,0.07
O000817,2025-06-15,C0132,P005,Desk,Furniture,South,7,245595.35,191801.16,53794.19,0.23
O000818,2025-01-31,C0133,P002,Wireless Mouse,Electronics,East,5,19296.0,12538.47,6757.53,0.1
O000819,2025-11-09,C0202,P003,Keyboard,Electronics,South,8,33425.92,27695.91,5730.01,0.12
O000820,2025-11-11,C0330,P008,Pen Set,Stationery,North,2,16560.16,11250.58,5309.58,0.14
O000821,2025-05-09,C0398,P008,Pen Set,Stationery,West,5,34496.55,19701.8,14794.75,0.01
O000822,2025-01-20,C0341,P001,Laptop Pro,Electronics,West,8,66897.6,36811.09,30086.51,0.16
O000823,2025-01-02,C0264,P005,Desk,Furniture,West,3,127175.28,84876.67,42298.61,0.08
O000824,2025-02-05,C0277,P008,Pen Set,Stationery,South,7,147485.1,115669.78,31815.32,0.21
O000825,2025-10-18,C0275,P001,Laptop Pro,Electronics,East,7,254077.6,176487.36,77590.24,0.2
O000826,2025-11-28,C0047,P006,Monitor,Electronics,East,5,130947.3,111187.97,19759.33,0.01
O000827,2025-04-14,C0091,P006,Monitor,Electronics,North,2,49121.64,31289.88,17831.76,0.19
O000828,2025-11-19,C0353,P007,Notebook,Stationery,East,4,65689.52,53795.66,11893.86,0.17
O000829,2025-01-19,C0099,P008,Pen Set,Stationery,North,2,74172.6,45010.85,29161.75,0.11
O000830,2025-06-07,C0256,P004,Office Chair,Furniture,West,8,201315.52,143369.99,57945.53,0.02
O000831,2025-01-22,C0208,P001,Laptop Pro,Electronics,North,1,22210.65,17464.98,4745.67,0.01
O000832,2025-10-02,C0077,P004,Office Chair,Furniture,South,9,206834.76,167755.4,39079.36,0.24
O000833,2025-08-30,C0465,P002,Wireless Mouse,Electronics,North,1,46463.04,34668.37,11794.67,0.04
O000834,2025-06-07,C0421,P004,Office Chair,Furniture,North,3,3286.08,1856.59,1429.49,0.04
O000835,2025-02-24,C0059,P008,Pen Set,Stationery,West,10,89949.4,51198.05,38751.35,0.21
O000836,2025-12-14,C0206,P004,Office Chair,Furniture,East,2,23994.4,19038.51,4955.89,0.11
O000837,2025-04-20,C0392,P002,Wireless Mouse,Electronics,North,10,348957.5,279489.88,69467.62,0.03
O000838,2025-08-01,C0087,P003,Keyboard,Electronics,East,6,25276.26,14972.92,10303.34,0.03
O000839,2025-02-21,C0406,P003,Keyboard,Electronics,West,8,99588.72,55989.74,43598.98,0.23
O000840,2025-02-15,C0362,P003,Keyboard,Electronics,East,1,31470.74,17377.11,14093.63,0.02
O000841,2025-05-19,C0268,P007,Notebook,Stationery,West,8,353654.24,209690.92,143963.32,0.03
O000842,2025-04-03,C0368,P007,Notebook,Stationery,West,4,39572.6,22211.56,17361.04,0.15
O000843,2025-04-09,C0061,P002,Wireless Mouse,Electronics,North,5,103482.0,74229.0,29253.0,0.1
O000844,2025-12-04,C0107,P006,Monitor,Electronics,East,9,286100.1,223472.61,62627.49,0.05
O000845,2025-08-31,C0255,P001,Laptop Pro,Electronics,South,4,24268.8,18336.85,5931.95,0.2
O000846,2025-08-11,C0129,P003,Keyboard,Electronics,East,1,3141.6,1996.55,1145.05,0.16
O000847,2025-04-01,C0081,P008,Pen Set,Stationery,North,1,5704.83,4720.51,984.32,0.19
O000848,2025-08-16,C0304,P008,Pen Set,Stationery,East,9,68848.92,42726.95,26121.97,0.02
O000849,2025-02-26,C0167,P007,Notebook,Stationery,South,4,163214.52,105714.94,57499.58,0.17
O000850,2025-04-23,C0038,P002,Wireless Mouse,Electronics,West,4,174776.4,106611.29,68165.11,0.1
O000851,2025-08-21,C0092,P008,Pen Set,Stationery,West,1,27613.44,22874.04,4739.4,0.04
O000852,2025-05-19,C0104,P006,Monitor,Electronics,East,3,74287.08,54943.19,19343.89,0.18
O000853,2025-02-26,C0437,P003,Keyboard,Electronics,West,1,39185.04,24850.42,14334.62,0.14
O000854,2025-06-01,C0310,P008,Pen Set,Stationery,South,7,64745.73,39880.53,24865.2,0.19
O000855,2025-09-25,C0251,P003,Keyboard,Electronics,South,10,287757.5,165731.72,122025.78,0.21
O000856,2025-05-07,C0127,P008,Pen Set,Stationery,East,8,147960.0,100380.96,47579.04,0.0
O000857,2025-03-18,C0468,P007,Notebook,Stationery,North,10,115245.0,83844.37,31400.63,0.22
O000858,2025-09-16,C0018,P007,Notebook,Stationery,West,1,2118.75,1631.53,487.22,0.25
O000859,2025-05-04,C0043,P007,Notebook,Stationery,North,8,289803.6,198727.72,91075.88,0.21
O000860,2025-02-16,C0009,P007,Notebook,Stationery,West,4,32385.08,20134.41,12250.67,0.09
O000861,2025-10-26,C0013,P005,Desk,Furniture,West,3,123596.97,89127.53,34469.44,0.11
O000862,2025-07-09,C0321,P008,Pen Set,Stationery,West,3,124956.0,98335.08,26620.92,0.1
O000863,2025-01-17,C0152,P001,Laptop Pro,Electronics,West,2,39659.88,25773.84,13886.04,0.22
O000864,2025-12-17,C0042,P005,Desk,Furniture,East,10,307441.4,188198.39,119243.01,0.14
O000865,2025-07-16,C0188,P001,Laptop Pro,Electronics,West,9,363750.66,205689.64,158061.02,0.09
O000866,2025-02-04,C0288,P001,Laptop Pro,Electronics,South,6,139472.64,100090.75,39381.89,0.04
O000867,2025-10-25,C0447,P003,Keyboard,Electronics,South,6,82679.58,61572.44,21107.14,0.13
O000868,2025-08-05,C0142,P004,Office Chair,Furniture,North,6,109114.2,76496.67,32617.53,0.22
O000869,2025-03-04,C0241,P002,Wireless Mouse,Electronics,East,6,121880.16,85369.13,36511.03,0.11
O000870,2025-02-03,C0097,P008,Pen Set,Stationery,West,10,194608.0,162227.1,32380.9,0.2
O000871,2025-02-09,C0056,P002,Wireless Mouse,Electronics,South,2,40252.68,25621.31,14631.37,0.22
O000872,2025-04-15,C0267,P005,Desk,Furniture,North,2,88095.36,52429.9,35665.46,0.04
O000873,2025-06-27,C0216,P005,Desk,Furniture,West,7,270424.42,159444.46,110979.96,0.14
O000874,2025-04-29,C0428,P001,Laptop Pro,Electronics,East,5,61691.0,50064.6,11626.4,0.02
O000875,2025-09-06,C0304,P007,Notebook,Stationery,West,10,190386.0,149652.4,40733.6,0.16
O000876,2025-03-29,C0405,P008,Pen Set,Stationery,East,5,181268.75,142623.06,38645.69,0.03
O000877,2025-01-25,C0076,P004,Office Chair,Furniture,East,8,149397.76,116668.43,32729.33,0.24
O000878,2025-10-02,C0147,P005,Desk,Furniture,South,8,75493.6,45163.06,30330.54,0.15
O000879,2025-06-12,C0295,P003,Keyboard,Electronics,South,3,30362.94,17074.46,13288.48,0.06
O000880,2025-01-18,C0341,P008,Pen Set,Stationery,East,5,116023.5,83391.45,32632.05,0.05
O000881,2025-10-01,C0155,P006,Monitor,Electronics,North,3,65786.13,55434.01,10352.12,0.11
O000882,2025-06-13,C0080,P001,Laptop Pro,Electronics,North,7,186707.43,155776.86,30930.57,0.19
O000883,2025-10-21,C0342,P006,Monitor,Electronics,South,5,121906.2,102508.69,19397.51,0.22
O000884,2025-01-21,C0072,P008,Pen Set,Stationery,North,6,264012.66,183144.1,80868.56,0.03
O000885,2025-07-02,C0048,P005,Desk,Furniture,East,1,22542.85,13888.86,8653.99,0.15
O000886,2025-05-23,C0101,P001,Laptop Pro,Electronics,North,10,401175.5,284004.23,117171.27,0.05
O000887,2025-09-20,C0202,P002,Wireless Mouse,Electronics,South,9,219565.71,183839.54,35726.17,0.17
O000888,2025-12-08,C0185,P008,Pen Set,Stationery,West,6,202617.9,168784.89,33833.01,0.15
O000889,2025-06-26,C0180,P003,Keyboard,Electronics,East,7,153871.2,85191.9,68679.3,0.1
O000890,2025-08-01,C0412,P008,Pen Set,Stationery,West,9,50787.0,41459.53,9327.47,0.05
O000891,2025-08-01,C0072,P005,Desk,Furniture,North,3,109234.8,73968.31,35266.49,0.24
O000892,2025-06-21,C0034,P003,Keyboard,Electronics,West,4,70653.44,57247.5,13405.94,0.12
O000893,2025-03-31,C0285,P002,Wireless Mouse,Electronics,West,1,22708.56,14351.78,8356.78,0.16
O000894,2025-09-09,C0022,P003,Keyboard,Electronics,East,4,39152.4,24933.77,14218.63,0.21
O000895,2025-01-02,C0079,P005,Desk,Furniture,East,8,241755.68,149249.34,92506.34,0.18
O000896,2025-08-02,C0092,P005,Desk,Furniture,West,8,56031.36,45822.78,10208.58,0.16
O000897,2025-02-04,C0307,P004,Office Chair,Furniture,East,1,6497.82,4534.93,1962.89,0.19
O000898,2025-09-01,C0499,P008,Pen Set,Stationery,North,10,224468.4,165747.2,58721.2,0.22
O000899,2025-03-25,C0298,P006,Monitor,Electronics,North,9,373338.9,300009.17,73329.73,0.14
O000900,2025-03-25,C0028,P003,Keyboard,Electronics,East,6,142337.52,84071.54,58265.98,0.22
O000901,2025-05-29,C0150,P006,Monitor,Electronics,North,7,225824.83,148320.69,77504.14,0.23
O000902,2025-06-15,C0447,P004,Office Chair,Furniture,East,3,16302.15,9783.58,6518.57,0.15
O000903,2025-10-01,C0297,P005,Desk,Furniture,East,5,187252.15,123353.63,63898.52,0.17
O000904,2025-09-06,C0211,P003,Keyboard,Electronics,East,1,7982.25,5283.49,2698.76,0.13
O000905,2025-04-07,C0408,P003,Keyboard,Electronics,North,2,27797.76,17132.71,10665.05,0.04
O000906,2025-01-09,C0246,P007,Notebook,Stationery,East,8,40398.56,23809.69,16588.87,0.03
O000907,2025-11-02,C0268,P005,Desk,Furniture,East,6,44688.0,36506.43,8181.57,0.2
O000908,2025-03-07,C0439,P003,Keyboard,Electronics,South,5,8440.2,4942.4,3497.8,0.19
O000909,2025-08-06,C0354,P004,Office Chair,Furniture,North,5,39966.5,33745.03,6221.47,0.05
O000910,2025-02-25,C0017,P002,Wireless Mouse,Electronics,North,1,25868.16,14557.44,11310.72,0.19
O000911,2025-01-06,C0387,P008,Pen Set,Stationery,North,2,33226.38,21281.29,11945.09,0.01
O000912,2025-12-10,C0180,P002,Wireless Mouse,Electronics,North,10,116118.5,70833.14,45285.36,0.15
O000913,2025-06-28,C0181,P002,Wireless Mouse,Electronics,South,3,111952.56,93439.8,18512.76,0.24
O000914,2025-01-08,C0271,P004,Office Chair,Furniture,South,9,331367.4,263727.34,67640.06,0.02
O000915,2025-02-20,C0474,P004,Office Chair,Furniture,South,5,44109.45,31367.9,12741.55,0.23
O000916,2025-02-24,C0093,P008,Pen Set,Stationery,East,6,234355.2,159806.75,74548.45,0.15
O000917,2025-06-10,C0064,P007,Notebook,Stationery,West,7,86733.78,58308.81,28424.97,0.13
O000918,2025-05-28,C0286,P002,Wireless Mouse,Electronics,North,9,72127.44,47486.91,24640.53,0.12
O000919,2025-11-04,C0377,P002,Wireless Mouse,Electronics,East,6,189470.1,120329.32,69140.78,0.03
O000920,2025-08-08,C0097,P008,Pen Set,Stationery,North,4,131403.6,111100.26,20303.34,0.1
O000921,2025-12-11,C0054,P008,Pen Set,Stationery,West,6,71700.0,53936.16,17763.84,0.0
O000922,2025-07-22,C0206,P008,Pen Set,Stationery,North,9,323884.26,189720.18,134164.08,0.17
O000923,2025-11-01,C0433,P003,Keyboard,Electronics,West,2,36534.72,23805.64,12729.08,0.24
O000924,2025-10-25,C0304,P002,Wireless Mouse,Electronics,East,4,91948.24,58254.31,33693.93,0.18
O000925,2025-09-06,C0262,P007,Notebook,Stationery,East,6,156287.34,130506.44,25780.9,0.17
O000926,2025-04-29,C0322,P003,Keyboard,Electronics,South,8,56492.8,39364.32,17128.48,0.03
O000927,2025-12-14,C0014,P001,Laptop Pro,Electronics,South,2,96132.96,54840.84,41292.12,0.01
O000928,2025-11-16,C0050,P007,Notebook,Stationery,North,10,411350.4,263603.94,147746.46,0.08
O000929,2025-09-16,C0134,P008,Pen Set,Stationery,East,8,99941.52,69896.07,30045.45,0.07
O000930,2025-08-19,C0162,P001,Laptop Pro,Electronics,West,1,22157.46,12978.52,9178.94,0.22
O000931,2025-06-05,C0453,P008,Pen Set,Stationery,South,8,20259.36,14525.96,5733.4,0.01
O000932,2025-02-26,C0292,P008,Pen Set,Stationery,West,7,58043.72,38699.15,19344.57,0.08
O000933,2025-07-20,C0135,P008,Pen Set,Stationery,West,8,234137.04,164365.49,69771.55,0.21
O000934,2025-06-14,C0032,P007,Notebook,Stationery,North,10,405259.4,341769.39,63490.01,0.09
O000935,2025-01-14,C0392,P001,Laptop Pro,Electronics,East,3,66101.49,51071.14,15030.35,0.09
O000936,2025-06-29,C0029,P007,Notebook,Stationery,South,2,51431.38,33801.21,17630.17,0.09
O000937,2025-12-19,C0034,P004,Office Chair,Furniture,East,4,157032.96,90369.72,66663.24,0.08
O000938,2025-08-24,C0337,P002,Wireless Mouse,Electronics,West,6,67956.0,44024.28,23931.72,0.0
O000939,2025-06-12,C0194,P007,Notebook,Stationery,West,5,6378.55,4633.36,1745.19,0.17
O000940,2025-12-12,C0106,P006,Monitor,Electronics,East,10,52832.0,30643.46,22188.54,0.2
O000941,2025-07-06,C0497,P008,Pen Set,Stationery,West,9,363798.36,267191.11,96607.25,0.08
O000942,2025-10-02,C0110,P004,Office Chair,Furniture,East,8,264454.08,207899.22,56554.86,0.21
O000943,2025-04-26,C0320,P005,Desk,Furniture,North,1,14763.75,9900.69,4863.06,0.25
O000944,2025-09-29,C0244,P002,Wireless Mouse,Electronics,West,10,207157.5,149138.59,58018.91,0.07
O000945,2025-06-03,C0222,P004,Office Chair,Furniture,East,6,26328.96,16865.12,9463.84,0.16
O000946,2025-12-10,C0391,P004,Office Chair,Furniture,South,7,174797.7,123164.34,51633.36,0.06
O000947,2025-08-28,C0138,P001,Laptop Pro,Electronics,West,9,96169.5,59037.09,37132.41,0.14
O000948,2025-03-19,C0383,P001,Laptop Pro,Electronics,East,9,109328.31,64976.34,44351.97,0.09
O000949,2025-11-21,C0105,P007,Notebook,Stationery,West,7,115113.18,94777.44,20335.74,0.22
O000950,2025-05-01,C0208,P005,Desk,Furniture,South,5,204187.2,154377.05,49810.15,0.04
O000951,2025-06-08,C0238,P002,Wireless Mouse,Electronics,West,3,37947.69,29945.03,8002.66,0.01
O000952,2025-05-20,C0070,P007,Notebook,Stationery,North,7,229592.44,140188.49,89403.95,0.23
O000953,2025-01-22,C0494,P005,Desk,Furniture,West,5,186473.8,138603.77,47870.03,0.14
O000954,2025-02-02,C0462,P001,Laptop Pro,Electronics,West,1,5244.0,3352.98,1891.02,0.08
O000955,2025-03-13,C0121,P006,Monitor,Electronics,North,2,39839.2,30567.44,9271.76,0.24
O000956,2025-09-26,C0129,P002,Wireless Mouse,Electronics,West,9,310920.3,259588.09,51332.21,0.21
O000957,2025-06-18,C0427,P002,Wireless Mouse,Electronics,West,4,153294.92,121410.52,31884.4,0.03
O000958,2025-05-21,C0226,P004,Office Chair,Furniture,West,7,97352.64,58659.47,38693.17,0.04
O000959,2025-02-27,C0163,P005,Desk,Furniture,West,10,34012.0,22529.94,11482.06,0.12
O000960,2025-07-05,C0244,P008,Pen Set,Stationery,East,4,57411.12,47713.9,9697.22,0.22
O000961,2025-12-06,C0410,P005,Desk,Furniture,North,1,32296.96,23633.12,8663.84,0.24
O000962,2025-12-25,C0186,P004,Office Chair,Furniture,North,5,163903.5,121564.72,42338.78,0.1
O000963,2025-05-11,C0155,P004,Office Chair,Furniture,North,8,205264.0,172057.29,33206.71,0.0
O000964,2025-08-13,C0324,P004,Office Chair,Furniture,East,5,55248.65,33042.46,22206.19,0.21
O000965,2025-09-09,C0242,P007,Notebook,Stationery,West,1,14164.02,11288.15,2875.87,0.22
O000966,2025-09-17,C0034,P006,Monitor,Electronics,East,7,37487.87,28473.71,9014.16,0.21
O000967,2025-08-21,C0356,P007,Notebook,Stationery,North,10,383920.0,296131.19,87788.81,0.2
O000968,2025-01-02,C0206,P001,Laptop Pro,Electronics,South,3,110796.99,82247.89,28549.1,0.11
O000969,2025-09-22,C0366,P005,Desk,Furniture,South,6,223063.68,133246.36,89817.32,0.02
O000970,2025-05-14,C0089,P007,Notebook,Stationery,East,6,157280.64,121192.85,36087.79,0.12
O000971,2025-07-13,C0484,P005,Desk,Furniture,South,4,20631.6,12473.18,8158.42,0.1
O000972,2025-02-15,C0499,P001,Laptop Pro,Electronics,West,1,30914.52,22814.55,8099.97,0.16
O000973,2025-11-13,C0220,P004,Office Chair,Furniture,East,5,182320.15,102999.01,79321.14,0.21
O000974,2025-01-08,C0368,P003,Keyboard,Electronics,West,2,46679.04,33616.98,13062.06,0.04
O000975,2025-05-17,C0148,P008,Pen Set,Stationery,West,8,59904.32,36598.16,23306.16,0.06
O000976,2025-05-25,C0373,P007,Notebook,Stationery,South,3,67464.42,49250.7,18213.72,0.21
O000977,2025-05-15,C0121,P007,Notebook,Stationery,West,3,64735.2,36163.15,28572.05,0.2
O000978,2025-01-06,C0241,P004,Office Chair,Furniture,South,6,191236.98,131465.72,59771.26,0.17
O000979,2025-08-05,C0377,P006,Monitor,Electronics,East,7,300666.45,199957.81,100708.64,0.05
O000980,2025-05-01,C0242,P002,Wireless Mouse,Electronics,East,2,72671.94,47226.5,25445.44,0.01
O000981,2025-07-22,C0344,P001,Laptop Pro,Electronics,East,1,14636.01,9722.43,4913.58,0.13
O000982,2025-09-15,C0253,P003,Keyboard,Electronics,East,9,22146.75,13910.1,8236.65,0.15
O000983,2025-03-14,C0134,P008,Pen Set,Stationery,North,3,16767.0,11889.93,4877.07,0.08
O000984,2025-05-24,C0383,P006,Monitor,Electronics,East,1,7550.4,6357.52,1192.88,0.12
O000985,2025-05-16,C0265,P007,Notebook,Stationery,East,5,74162.5,57733.22,16429.28,0.15
O000986,2025-03-19,C0285,P007,Notebook,Stationery,West,3,51362.34,35819.19,15543.15,0.18
O000987,2025-08-29,C0134,P001,Laptop Pro,Electronics,South,4,39362.4,23811.98,15550.42,0.01
O000988,2025-01-21,C0227,P008,Pen Set,Stationery,East,7,40965.75,33926.27,7039.48,0.25
O000989,2025-03-17,C0064,P008,Pen Set,Stationery,East,8,252262.08,193214.89,59047.19,0.03
O000990,2025-09-18,C0422,P002,Wireless Mouse,Electronics,East,4,71512.2,42942.25,28569.95,0.05
O000991,2025-08-02,C0472,P004,Office Chair,Furniture,North,10,4089.0,2949.14,1139.86,0.13
O000992,2025-05-26,C0349,P004,Office Chair,Furniture,North,8,349358.24,226592.82,122765.42,0.02
O000993,2025-06-15,C0079,P007,Notebook,Stationery,North,6,179662.56,104531.45,75131.11,0.23
O000994,2025-05-18,C0305,P002,Wireless Mouse,Electronics,North,8,313017.6,214797.89,98219.71,0.16
O000995,2025-10-19,C0067,P006,Monitor,Electronics,South,1,36289.68,24892.2,11397.48,0.16
O000996,2025-10-08,C0488,P001,Laptop Pro,Electronics,West,5,85516.0,66115.84,19400.16,0.2
O000997,2025-07-24,C0046,P002,Wireless Mouse,Electronics,North,7,113715.84,95466.13,18249.71,0.04
O000998,2025-12-01,C0079,P004,Office Chair,Furniture,North,3,62353.8,39624.64,22729.16,0.19
O000999,2025-12-17,C0309,P005,Desk,Furniture,South,8,187189.6,154714.07,32475.53,0.18
O001000,2025-07-18,C0244,P006,Monitor,Electronics,East,2,42248.94,29442.73,12806.21,0.13
O001001,2025-04-06,C0223,P007,Notebook,Stationery,West,2,88603.06,58519.73,30083.33,0.11
O001002,2025-04-25,C0332,P002,Wireless Mouse,Electronics,South,1,30796.22,21220.37,9575.85,0.09
O001003,2025-08-28,C0224,P008,Pen Set,Stationery,North,9,313422.48,180277.8,133144.68,0.16
O001004,2025-06-03,C0431,P008,Pen Set,Stationery,South,5,37271.25,28150.76,9120.49,0.25
O001005,2025-01-24,C0263,P007,Notebook,Stationery,North,5,185422.05,106239.37,79182.68,0.01
O001006,2025-05-10,C0182,P007,Notebook,Stationery,East,7,39374.72,30164.7,9210.02,0.12
O001007,2025-04-02,C0403,P002,Wireless Mouse,Electronics,South,9,11052.18,8272.26,2779.92,0.03
O001008,2025-06-10,C0301,P007,Notebook,Stationery,West,1,5092.2,3876.76,1215.44,0.1
O001009,2025-04-06,C0109,P008,Pen Set,Stationery,South,10,159896.1,131983.61,27912.49,0.09
O001010,2025-10-01,C0010,P002,Wireless Mouse,Electronics,North,10,134113.2,78040.36,56072.84,0.22
O001011,2025-12-21,C0208,P007,Notebook,Stationery,West,2,2056.32,1425.31,631.01,0.04
O001012,2025-12-20,C0346,P005,Desk,Furniture,West,10,369623.8,278009.19,91614.61,0.09
O001013,2025-01-09,C0357,P005,Desk,Furniture,South,2,16290.18,9892.06,6398.12,0.03
O001014,2025-08-12,C0432,P001,Laptop Pro,Electronics,South,4,106612.8,79418.21,27194.59,0.16
O001015,2025-03-01,C0086,P002,Wireless Mouse,Electronics,South,5,146740.8,99279.51,47461.29,0.04
O001016,2025-05-05,C0104,P008,Pen Set,Stationery,East,8,248792.0,170386.42,78405.58,0.0
O001017,2025-08-10,C0213,P007,Notebook,Stationery,West,1,22079.0,16319.1,5759.9,0.0
O001018,2025-11-10,C0479,P005,Desk,Furniture,West,1,28933.2,20369.17,8564.03,0.1
O001019,2025-10-11,C0033,P004,Office Chair,Furniture,East,1,34823.0,25174.28,9648.72,0.0
O001020,2025-06-27,C0230,P007,Notebook,Stationery,West,8,55355.52,46038.6,9316.92,0.12
O001021,2025-08-13,C0119,P001,Laptop Pro,Electronics,South,3,46924.5,32414.14,14510.36,0.18
O001022,2025-05-31,C0371,P006,Monitor,Electronics,West,10,395396.4,233025.91,162370.49,0.16
O001023,2025-11-15,C0107,P007,Notebook,Stationery,East,6,149539.2,120133.72,29405.48,0.2
O001024,2025-09-09,C0052,P002,Wireless Mouse,Electronics,West,8,66508.8,39698.72,26810.08,0.04
O001025,2025-01-10,C0184,P008,Pen Set,Stationery,East,5,74014.5,41752.67,32261.83,0.05
O001026,2025-01-17,C0414,P006,Monitor,Electronics,North,3,27610.5,22594.7,5015.8,0.21
O001027,2025-04-25,C0250,P006,Monitor,Electronics,East,7,45630.55,26748.92,18881.63,0.15
O001028,2025-03-19,C0437,P006,Monitor,Electronics,North,6,15833.88,11354.58,4479.3,0.19
O001029,2025-02-24,C0401,P001,Laptop Pro,Electronics,North,8,183360.64,142421.58,40939.06,0.24
O001030,2025-04-16,C0467,P001,Laptop Pro,Electronics,East,9,61413.12,35952.33,25460.79,0.04
O001031,2025-02-20,C0079,P003,Keyboard,Electronics,East,5,207414.5,145557.06,61857.44,0.11
O001032,2025-08-01,C0394,P006,Monitor,Electronics,North,3,19573.83,13344.12,6229.71,0.21
O001033,2025-05-17,C0191,P004,Office Chair,Furniture,West,8,167905.92,100975.02,66930.9,0.07
O001034,2025-04-27,C0071,P006,Monitor,Electronics,West,4,32837.4,23278.27,9559.13,0.19
O001035,2025-12-16,C0186,P007,Notebook,Stationery,North,7,161004.48,113483.46,47521.02,0.24
O001036,2025-02-05,C0044,P008,Pen Set,Stationery,East,3,2093.46,1476.32,617.14,0.18
O001037,2025-01-19,C0339,P006,Monitor,Electronics,South,7,68336.87,45647.65,22689.22,0.11
O001038,2025-12-25,C0284,P001,Laptop Pro,Electronics,East,9,158598.0,129373.92,29224.08,0.1
O001039,2025-11-09,C0472,P006,Monitor,Electronics,South,6,3398.58,2787.05,611.53,0.21
O001040,2025-11-13,C0334,P007,Notebook,Stationery,West,8,322217.2,229846.42,92370.78,0.05
O001041,2025-10-03,C0172,P006,Monitor,Electronics,West,7,71684.34,41238.87,30445.47,0.22
O001042,2025-10-10,C0160,P003,Keyboard,Electronics,East,9,298315.17,172380.19,125934.98,0.07
O001043,2025-05-13,C0124,P003,Keyboard,Electronics,East,1,1581.06,1125.68,455.38,0.22
O001044,2025-05-13,C0322,P007,Notebook,Stationery,East,9,54885.06,44043.89,10841.17,0.18
O001045,2025-06-02,C0294,P002,Wireless Mouse,Electronics,North,1,41816.04,24563.78,17252.26,0.16
O001046,2025-10-17,C0366,P008,Pen Set,Stationery,South,6,75225.6,63693.52,11532.08,0.2
O001047,2025-10-21,C0345,P006,Monitor,Electronics,South,5,78215.05,62143.72,16071.33,0.17
O001048,2025-10-26,C0099,P007,Notebook,Stationery,East,9,410589.18,266207.17,144382.01,0.06
O001049,2025-02-11,C0048,P008,Pen Set,Stationery,North,2,16078.56,12839.23,3239.33,0.18
O001050,2025-12-13,C0270,P007,Notebook,Stationery,West,3,89521.35,51333.49,38187.86,0.05
O001051,2025-08-14,C0353,P007,Notebook,Stationery,West,5,169364.8,114664.48,54700.32,0.12
O001052,2025-08-23,C0067,P007,Notebook,Stationery,North,3,25209.99,17531.77,7678.22,0.13
O001053,2025-10-14,C0190,P004,Office Chair,Furniture,North,8,247270.32,147633.22,99637.1,0.01
O001054,2025-09-25,C0079,P007,Notebook,Stationery,North,2,14780.22,9413.18,5367.04,0.09
O001055,2025-03-15,C0073,P006,Monitor,Electronics,West,5,113804.0,79182.28,34621.72,0.08
O001056,2025-09-08,C0002,P001,Laptop Pro,Electronics,North,5,89195.5,70976.21,18219.29,0.05
O001057,2025-10-17,C0232,P006,Monitor,Electronics,East,2,5630.4,4064.69,1565.71,0.1
O001058,2025-03-12,C0259,P007,Notebook,Stationery,West,8,299492.16,176653.32,122838.84,0.21
O001059,2025-11-16,C0341,P008,Pen Set,Stationery,West,8,62169.12,40258.54,21910.58,0.22
O001060,2025-12-10,C0456,P007,Notebook,Stationery,West,4,96092.16,54171.56,41920.6,0.08
O001061,2025-12-29,C0159,P005,Desk,Furniture,North,2,18126.92,13080.36,5046.56,0.18
O001062,2025-10-19,C0268,P002,Wireless Mouse,Electronics,South,4,140169.68,108951.73,31217.95,0.14
O001063,2025-04-03,C0493,P008,Pen Set,Stationery,North,9,12422.79,10321.53,2101.26,0.03
O001064,2025-10-24,C0228,P005,Desk,Furniture,North,4,51429.0,41229.36,10199.64,0.21
O001065,2025-01-12,C0175,P006,Monitor,Electronics,West,7,268835.49,217378.31,51457.18,0.01
O001066,2025-05-12,C0047,P003,Keyboard,Electronics,North,7,9821.28,6336.83,3484.45,0.21
O001067,2025-02-15,C0079,P002,Wireless Mouse,Electronics,East,9,93911.4,56797.68,37113.72,0.07
O001068,2025-01-14,C0366,P007,Notebook,Stationery,North,3,10353.0,6704.47,3648.53,0.15
O001069,2025-06-15,C0133,P005,Desk,Furniture,West,7,42961.24,28949.3,14011.94,0.08
O001070,2025-05-02,C0253,P002,Wireless Mouse,Electronics,West,1,12665.56,9234.48,3431.08,0.06
O001071,2025-02-03,C0248,P002,Wireless Mouse,Electronics,North,5,19195.8,13742.97,5452.83,0.08
O001072,2025-12-12,C0052,P007,Notebook,Stationery,South,4,5282.4,4432.16,850.24,0.07
O001073,2025-11-22,C0257,P003,Keyboard,Electronics,South,5,168480.0,96905.06,71574.94,0.1
O001074,2025-10-03,C0488,P003,Keyboard,Electronics,West,6,160281.0,125757.61,34523.39,0.25
O001075,2025-11-14,C0149,P008,Pen Set,Stationery,South,1,212.0,177.73,34.27,0.2
O001076,2025-12-15,C0195,P001,Laptop Pro,Electronics,East,1,29574.0,18491.64,11082.36,0.07
O001077,2025-10-01,C0289,P004,Office Chair,Furniture,North,10,312889.2,187240.69,125648.51,0.07
O001078,2025-10-12,C0144,P005,Desk,Furniture,West,2,43335.96,34631.91,8704.05,0.17
O001079,2025-12-16,C0485,P004,Office Chair,Furniture,East,10,252950.8,163277.51,89673.29,0.24
O001080,2025-06-24,C0108,P005,Desk,Furniture,West,8,136051.84,114951.1,21100.74,0.06
O001081,2025-11-08,C0244,P006,Monitor,Electronics,North,1,44173.8,36517.48,7656.32,0.03
O001082,2025-09-08,C0391,P001,Laptop Pro,Electronics,West,3,70374.66,53410.64,16964.02,0.14
O001083,2025-12-10,C0228,P002,Wireless Mouse,Electronics,North,2,70290.0,56205.65,14084.35,0.01
O001084,2025-12-23,C0005,P006,Monitor,Electronics,North,7,252296.59,152174.2,100122.39,0.09
O001085,2025-01-11,C0389,P008,Pen Set,Stationery,East,6,68602.98,42290.73,26312.25,0.11
O001086,2025-04-24,C0120,P006,Monitor,Electronics,West,4,19507.2,14387.94,5119.26,0.2
O001087,2025-11-07,C0108,P006,Monitor,Electronics,North,1,16367.12,12458.89,3908.23,0.12
O001088,2025-09-10,C0088,P004,Office Chair,Furniture,South,7,40786.2,29395.87,11390.33,0.22
O001089,2025-05-13,C0478,P003,Keyboard,Electronics,South,2,75165.3,42807.75,32357.55,0.03
O001090,2025-12-14,C0273,P005,Desk,Furniture,East,4,176742.72,148630.59,28112.13,0.01
O001091,2025-01-27,C0438,P008,Pen Set,Stationery,East,1,23680.44,19723.97,3956.47,0.16
O001092,2025-09-11,C0186,P007,Notebook,Stationery,North,7,123299.61,86986.47,36313.14,0.03
O001093,2025-06-11,C0003,P004,Office Chair,Furniture,West,1,14178.78,10063.01,4115.77,0.23
O001094,2025-04-26,C0354,P004,Office Chair,Furniture,West,6,26025.48,20620.04,5405.44,0.22
O001095,2025-11-17,C0321,P002,Wireless Mouse,Electronics,North,4,50311.68,32362.57,17949.11,0.04
O001096,2025-11-17,C0479,P001,Laptop Pro,Electronics,East,8,182451.2,132780.55,49670.65,0.2
O001097,2025-01-28,C0421,P005,Desk,Furniture,East,4,25579.84,21426.72,4153.12,0.12
O001098,2025-11-17,C0229,P004,Office Chair,Furniture,North,2,67182.3,52350.43,14831.87,0.15
O001099,2025-12-22,C0034,P002,Wireless Mouse,Electronics,South,1,2170.35,1773.23,397.12,0.09
O001100,2025-02-03,C0053,P001,Laptop Pro,Electronics,North,8,27894.4,20582.04,7312.36,0.08
O001101,2025-07-30,C0120,P001,Laptop Pro,Electronics,North,5,113395.5,83367.3,30028.2,0.1
O001102,2025-11-14,C0052,P008,Pen Set,Stationery,East,7,171483.2,139584.14,31899.06,0.2
O001103,2025-02-22,C0007,P001,Laptop Pro,Electronics,North,8,250946.56,152511.37,98435.19,0.08
O001104,2025-08-04,C0247,P004,Office Chair,Furniture,West,10,71030.4,44527.95,26502.45,0.16
O001105,2025-06-09,C0300,P003,Keyboard,Electronics,West,4,29510.4,16766.26,12744.14,0.2
O001106,2025-03-17,C0241,P006,Monitor,Electronics,East,5,149958.9,117365.14,32593.76,0.22
O001107,2025-12-03,C0348,P006,Monitor,Electronics,South,5,92609.8,65318.08,27291.72,0.24
O001108,2025-01-28,C0217,P001,Laptop Pro,Electronics,East,4,106985.6,76798.01,30187.59,0.2
O001109,2025-06-24,C0097,P004,Office Chair,Furniture,West,4,129911.32,102055.62,27855.7,0.23
O001110,2025-06-21,C0316,P008,Pen Set,Stationery,East,10,419317.6,303386.02,115931.58,0.08
O001111,2025-01-22,C0254,P007,Notebook,Stationery,South,6,63059.7,51256.92,11802.78,0.03
O001112,2025-05-03,C0247,P001,Laptop Pro,Electronics,East,4,171568.8,126476.4,45092.4,0.06
O001113,2025-07-05,C0006,P007,Notebook,Stationery,North,4,100449.2,85076.8,15372.4,0.05
O001114,2025-04-10,C0324,P006,Monitor,Electronics,East,1,35455.44,22591.24,12864.2,0.03
O001115,2025-05-15,C0369,P001,Laptop Pro,Electronics,South,1,12586.55,7580.17,5006.38,0.05
O001116,2025-05-15,C0467,P006,Monitor,Electronics,North,9,140996.16,78456.98,62539.18,0.04
O001117,2025-06-23,C0480,P001,Laptop Pro,Electronics,South,3,63083.16,51444.54,11638.62,0.16
O001118,2025-03-29,C0482,P005,Desk,Furniture,West,8,116028.64,76776.74,39251.9,0.09
O001119,2025-04-08,C0099,P002,Wireless Mouse,Electronics,West,2,15077.4,8884.18,6193.22,0.22
O001120,2025-01-24,C0391,P006,Monitor,Electronics,South,6,210887.28,156234.34,54652.94,0.11
O001121,2025-05-24,C0447,P005,Desk,Furniture,South,3,61120.68,45158.27,15962.41,0.06
O001122,2025-12-06,C0315,P008,Pen Set,Stationery,North,4,187626.88,129687.73,57939.15,0.02
O001123,2025-09-18,C0192,P003,Keyboard,Electronics,West,9,186879.15,138948.66,47930.49,0.19
O001124,2025-09-05,C0367,P008,Pen Set,Stationery,West,3,52375.86,37063.4,15312.46,0.18
O001125,2025-10-26,C0333,P008,Pen Set,Stationery,North,5,172296.0,142377.76,29918.24,0.1
O001126,2025-04-22,C0157,P004,Office Chair,Furniture,West,4,48070.68,29818.98,18251.7,0.11
O001127,2025-10-09,C0044,P007,Notebook,Stationery,South,10,80865.4,53551.67,27313.73,0.23
O001128,2025-01-22,C0239,P002,Wireless Mouse,Electronics,East,5,127589.85,78984.91,48604.94,0.13
O001129,2025-09-12,C0163,P007,Notebook,Stationery,East,8,219587.92,144983.71,74604.21,0.11
O001130,2025-02-08,C0184,P007,Notebook,Stationery,North,1,10651.52,6707.13,3944.39,0.11
O001131,2025-05-22,C0475,P005,Desk,Furniture,South,9,261658.44,150047.43,111611.01,0.14
O001132,2025-06-20,C0101,P002,Wireless Mouse,Electronics,East,2,8872.5,6333.26,2539.24,0.09
O001133,2025-05-21,C0098,P005,Desk,Furniture,South,5,196152.0,148106.88,48045.12,0.2
O001134,2025-07-26,C0485,P005,Desk,Furniture,West,1,18438.18,12058.38,6379.8,0.07
O001135,2025-03-18,C0444,P001,Laptop Pro,Electronics,West,8,299739.36,233301.58,66437.78,0.13
O001136,2025-09-22,C0301,P004,Office Chair,Furniture,West,4,154236.96,106783.1,47453.86,0.19
O001137,2025-12-24,C0214,P008,Pen Set,Stationery,South,6,32165.04,19503.4,12661.64,0.08
O001138,2025-03-07,C0157,P008,Pen Set,Stationery,North,8,291440.16,172440.79,118999.37,0.01
O001139,2025-07-26,C0391,P008,Pen Set,Stationery,East,6,126730.8,85887.47,40843.33,0.06
O001140,2025-03-13,C0079,P006,Monitor,Electronics,East,10,14817.8,8292.97,6524.83,0.14
O001141,2025-07-17,C0097,P007,Notebook,Stationery,West,7,72256.24,41121.95,31134.29,0.24
O001142,2025-06-05,C0048,P002,Wireless Mouse,Electronics,South,6,171104.88,126908.66,44196.22,0.24
O001143,2025-09-08,C0014,P002,Wireless Mouse,Electronics,South,9,105503.31,79835.13,25668.18,0.01
O001144,2025-12-04,C0269,P004,Office Chair,Furniture,North,2,47409.54,29389.73,18019.81,0.07
O001145,2025-07-30,C0201,P008,Pen Set,Stationery,South,1,21192.33,12748.2,8444.13,0.13
O001146,2025-07-19,C0490,P002,Wireless Mouse,Electronics,South,3,95461.2,73786.05,21675.15,0.1
O001147,2025-09-01,C0082,P003,Keyboard,Electronics,East,4,72980.0,55676.55,17303.45,0.11
O001148,2025-01-04,C0074,P004,Office Chair,Furniture,West,9,352389.78,222933.15,129456.63,0.17
O001149,2025-10-19,C0451,P002,Wireless Mouse,Electronics,West,7,223098.4,157899.44,65198.96,0.2
O001150,2025-11-27,C0452,P008,Pen Set,Stationery,West,8,300619.44,173556.86,127062.58,0.01
O001151,2025-03-31,C0213,P006,Monitor,Electronics,South,5,109777.5,87053.06,22724.44,0.15
O001152,2025-12-04,C0094,P003,Keyboard,Electronics,North,10,429451.7,285756.95,143694.75,0.11
O001153,2025-11-18,C0276,P007,Notebook,Stationery,East,1,12408.24,7412.43,4995.81,0.22
O001154,2025-03-04,C0189,P002,Wireless Mouse,Electronics,North,4,117147.6,91206.23,25941.37,0.1
O001155,2025-04-17,C0260,P002,Wireless Mouse,Electronics,North,9,174676.5,104710.13,69966.37,0.1
O001156,2025-08-25,C0196,P008,Pen Set,Stationery,East,1,4196.64,3158.75,1037.89,0.16
O001157,2025-12-30,C0470,P007,Notebook,Stationery,South,4,103736.16,64853.95,38882.21,0.01
O001158,2025-12-03,C0125,P006,Monitor,Electronics,West,8,225061.76,129357.53,95704.23,0.12
O001159,2025-01-10,C0311,P003,Keyboard,Electronics,North,8,116875.76,70262.99,46612.77,0.21
O001160,2025-02-09,C0344,P003,Keyboard,Electronics,North,5,36261.6,24195.73,12065.87,0.13
O001161,2025-01-18,C0458,P005,Desk,Furniture,South,3,79382.94,48820.65,30562.29,0.09
O001162,2025-12-04,C0460,P008,Pen Set,Stationery,North,1,33440.8,24823.23,8617.57,0.2
O001163,2025-07-13,C0393,P007,Notebook,Stationery,South,5,145020.15,79964.07,65056.08,0.01
O001164,2025-01-15,C0008,P004,Office Chair,Furniture,East,6,90242.4,50067.52,40174.88,0.05
O001165,2025-12-07,C0086,P004,Office Chair,Furniture,South,2,22275.6,12897.15,9378.45,0.24
O001166,2025-10-15,C0321,P001,Laptop Pro,Electronics,South,7,229413.73,148692.77,80720.96,0.03
O001167,2025-04-20,C0055,P004,Office Chair,Furniture,East,9,180803.7,105994.58,74809.12,0.23
O001168,2025-07-19,C0109,P006,Monitor,Electronics,West,3,3191.4,2058.04,1133.36,0.1
O001169,2025-07-08,C0023,P004,Office Chair,Furniture,North,2,69312.0,51636.3,17675.7,0.2
O001170,2025-02-22,C0365,P004,Office Chair,Furniture,South,7,113178.87,79210.81,33968.06,0.19
O001171,2025-07-18,C0348,P005,Desk,Furniture,South,2,72702.08,53745.9,18956.18,0.08
O001172,2025-12-08,C0247,P006,Monitor,Electronics,North,3,101666.34,76888.99,24777.35,0.19
O001173,2025-09-19,C0328,P006,Monitor,Electronics,South,1,30861.6,21130.12,9731.48,0.23
O001174,2025-06-08,C0122,P001,Laptop Pro,Electronics,West,4,5406.0,4427.7,978.3,0.15
O001175,2025-06-01,C0104,P004,Office Chair,Furniture,South,10,53479.8,35422.72,18057.08,0.01
O001176,2025-11-03,C0485,P007,Notebook,Stationery,West,4,167412.96,138454.33,28958.63,0.01
O001177,2025-01-21,C0267,P006,Monitor,Electronics,West,3,50858.52,39979.44,10879.08,0.08
O001178,2025-05-05,C0106,P005,Desk,Furniture,North,1,12014.32,7801.87,4212.45,0.21
O001179,2025-04-04,C0227,P004,Office Chair,Furniture,North,4,124956.0,88274.11,36681.89,0.22
O001180,2025-03-14,C0481,P002,Wireless Mouse,Electronics,South,8,29098.88,16459.26,12639.62,0.24
O001181,2025-04-15,C0121,P003,Keyboard,Electronics,North,2,19689.4,15739.04,3950.36,0.15
O001182,2025-08-06,C0091,P007,Notebook,Stationery,South,8,158300.16,96446.09,61854.07,0.04
O001183,2025-05-20,C0442,P005,Desk,Furniture,West,5,168993.2,125170.07,43823.13,0.11
O001184,2025-08-05,C0259,P002,Wireless Mouse,Electronics,West,6,143592.54,99253.18,44339.36,0.09
O001185,2025-02-12,C0389,P003,Keyboard,Electronics,East,8,9707.04,6583.5,3123.54,0.19
O001186,2025-06-06,C0233,P003,Keyboard,Electronics,East,9,413173.44,274402.97,138770.47,0.04
O001187,2025-08-29,C0101,P007,Notebook,Stationery,South,9,316134.72,205478.16,110656.56,0.12
O001188,2025-07-11,C0252,P004,Office Chair,Furniture,West,1,811.98,624.5,187.48,0.22
O001189,2025-11-25,C0302,P007,Notebook,Stationery,North,7,311110.8,216802.33,94308.47,0.09
O001190,2025-04-10,C0391,P007,Notebook,Stationery,West,1,7521.3,5412.95,2108.35,0.1
O001191,2025-07-08,C0357,P005,Desk,Furniture,North,6,165297.24,122401.6,42895.64,0.18
O001192,2025-07-05,C0324,P007,Notebook,Stationery,North,7,318550.96,220857.01,97693.95,0.06
O001193,2025-05-11,C0127,P003,Keyboard,Electronics,South,5,177452.65,133856.07,43596.58,0.11
O001194,2025-07-23,C0362,P001,Laptop Pro,Electronics,North,2,10498.32,8661.79,1836.53,0.16
O001195,2025-06-04,C0257,P004,Office Chair,Furniture,West,7,61200.51,38303.04,22897.47,0.21
O001196,2025-02-15,C0056,P005,Desk,Furniture,East,7,270340.98,207701.79,62639.19,0.22
O001197,2025-12-24,C0158,P003,Keyboard,Electronics,North,5,234023.0,181247.79,52775.21,0.05
O001198,2025-08-02,C0269,P003,Keyboard,Electronics,West,8,2375.52,1857.95,517.57,0.02
O001199,2025-03-10,C0102,P005,Desk,Furniture,West,7,76487.04,46345.03,30142.01,0.04
O001200,2025-04-06,C0103,P003,Keyboard,Electronics,North,9,59466.24,47234.7,12231.54,0.11
O001201,2025-08-14,C0321,P003,Keyboard,Electronics,North,4,51588.0,41862.87,9725.13,0.25
O001202,2025-02-02,C0176,P003,Keyboard,Electronics,North,2,38043.6,22346.98,15696.62,0.02
O001203,2025-02-01,C0137,P004,Office Chair,Furniture,North,8,212460.08,123278.42,89181.66,0.17
O001204,2025-11-05,C0267,P001,Laptop Pro,Electronics,East,2,24415.68,13481.82,10933.86,0.13
O001205,2025-07-09,C0350,P008,Pen Set,Stationery,East,8,366557.44,248832.42,117725.02,0.08
O001206,2025-01-30,C0500,P006,Monitor,Electronics,East,4,79255.04,52588.15,26666.89,0.17
O001207,2025-03-13,C0014,P006,Monitor,Electronics,North,2,715.56,543.46,172.1,0.11
O001208,2025-09-01,C0264,P005,Desk,Furniture,West,4,86668.2,65508.63,21159.57,0.11
O001209,2025-01-09,C0325,P004,Office Chair,Furniture,East,1,31932.16,25347.29,6584.87,0.24
O001210,2025-07-24,C0379,P001,Laptop Pro,Electronics,North,6,238313.52,174452.39,63861.13,0.11
O001211,2025-02-21,C0376,P006,Monitor,Electronics,West,7,164865.75,133068.09,31797.66,0.25
O001212,2025-10-20,C0402,P005,Desk,Furniture,North,10,106468.8,86341.68,20127.12,0.18
O001213,2025-10-08,C0448,P003,Keyboard,Electronics,West,8,43475.52,32690.05,10785.47,0.08
O001214,2025-05-05,C0109,P003,Keyboard,Electronics,South,8,54778.24,39013.08,15765.16,0.12
O001215,2025-06-17,C0463,P002,Wireless Mouse,Electronics,West,2,43051.5,24055.74,18995.76,0.25
O001216,2025-12-10,C0064,P005,Desk,Furniture,South,4,177964.56,123309.99,54654.57,0.06
O001217,2025-10-22,C0393,P008,Pen Set,Stationery,North,2,83786.24,51708.0,32078.24,0.08
O001218,2025-12-01,C0329,P006,Monitor,Electronics,West,7,267726.06,205482.01,62244.05,0.19
O001219,2025-02-15,C0175,P004,Office Chair,Furniture,South,4,66654.52,38413.27,28241.25,0.03
O001220,2025-07-14,C0296,P002,Wireless Mouse,Electronics,North,10,235710.0,151799.99,83910.01,0.03
O001221,2025-08-05,C0164,P005,Desk,Furniture,East,1,33816.9,27193.37,6623.53,0.13
O001222,2025-07-22,C0005,P003,Keyboard,Electronics,West,9,334297.35,206141.94,128155.41,0.15
O001223,2025-08-22,C0076,P006,Monitor,Electronics,East,3,46575.24,32600.33,13974.91,0.21
O001224,2025-12-19,C0064,P003,Keyboard,Electronics,East,1,36292.16,25430.4,10861.76,0.08
O001225,2025-01-31,C0415,P008,Pen Set,Stationery,East,4,121424.52,101990.37,19434.15,0.07
O001226,2025-01-27,C0473,P003,Keyboard,Electronics,South,4,148502.2,91703.3,56798.9,0.23
O001227,2025-03-23,C0012,P008,Pen Set,Stationery,West,7,103955.25,77735.15,26220.1,0.25
O001228,2025-07-20,C0201,P006,Monitor,Electronics,North,7,274896.16,179917.38,94978.78,0.12
O001229,2025-10-08,C0202,P005,Desk,Furniture,North,5,176472.45,134177.76,42294.69,0.23
O001230,2025-01-28,C0436,P003,Keyboard,Electronics,East,6,237600.0,192398.18,45201.82,0.2
O001231,2025-05-30,C0460,P008,Pen Set,Stationery,South,3,110649.84,83959.62,26690.22,0.03
O001232,2025-07-05,C0372,P004,Office Chair,Furniture,North,4,187131.0,139482.1,47648.9,0.05
O001233,2025-01-29,C0050,P003,Keyboard,Electronics,East,7,163789.71,98350.3,65439.41,0.17
O001234,2025-06-23,C0304,P008,Pen Set,Stationery,West,3,10586.58,7459.63,3126.95,0.03
O001235,2025-09-08,C0155,P003,Keyboard,Electronics,South,7,112654.08,70099.75,42554.33,0.01
O001236,2025-05-21,C0324,P007,Notebook,Stationery,West,2,47715.72,35552.66,12163.06,0.22
O001237,2025-11-25,C0343,P006,Monitor,Electronics,South,1,7822.08,4588.55,3233.53,0.03
O001238,2025-12-22,C0382,P001,Laptop Pro,Electronics,North,10,283125.0,196446.14,86678.86,0.25
O001239,2025-06-02,C0293,P003,Keyboard,Electronics,South,7,167637.75,127542.34,40095.41,0.25
O001240,2025-10-03,C0095,P002,Wireless Mouse,Electronics,West,6,21456.12,17350.77,4105.35,0.18
O001241,2025-09-29,C0251,P001,Laptop Pro,Electronics,North,7,205189.6,161082.53,44107.07,0.2
O001242,2025-11-03,C0356,P002,Wireless Mouse,Electronics,South,4,135283.2,81738.01,53545.19,0.22
O001243,2025-03-07,C0295,P001,Laptop Pro,Electronics,South,9,212464.8,124698.48,87766.32,0.2
O001244,2025-02-13,C0064,P003,Keyboard,Electronics,East,2,69678.44,54064.94,15613.5,0.06
O001245,2025-01-01,C0128,P006,Monitor,Electronics,East,9,91682.46,76423.61,15258.85,0.11
O001246,2025-10-23,C0252,P001,Laptop Pro,Electronics,East,9,146875.68,100386.01,46489.67,0.16
O001247,2025-12-06,C0420,P006,Monitor,Electronics,North,10,308606.4,233423.43,75182.97,0.13
O001248,2025-04-21,C0491,P004,Office Chair,Furniture,South,1,12024.0,9701.27,2322.73,0.04
O001249,2025-08-05,C0039,P004,Office Chair,Furniture,East,10,220698.3,169657.7,51040.6,0.07
O001250,2025-02-12,C0484,P005,Desk,Furniture,East,7,230600.37,154506.36,76094.01,0.23
O001251,2025-05-18,C0325,P007,Notebook,Stationery,South,3,100664.85,74378.28,26286.57,0.05
O001252,2025-03-25,C0215,P006,Monitor,Electronics,South,10,363526.8,255715.01,107811.79,0.16
O001253,2025-02-09,C0139,P006,Monitor,Electronics,North,7,173485.62,126832.24,46653.38,0.01
O001254,2025-07-05,C0466,P002,Wireless Mouse,Electronics,East,9,236887.56,175783.18,61104.38,0.02
O001255,2025-04-24,C0194,P005,Desk,Furniture,North,3,41836.05,24239.14,17596.91,0.07
O001256,2025-09-08,C0049,P002,Wireless Mouse,Electronics,East,3,85369.38,54804.14,30565.24,0.18
O001257,2025-03-29,C0163,P005,Desk,Furniture,West,9,137416.95,112540.51,24876.44,0.15
O001258,2025-10-10,C0305,P003,Keyboard,Electronics,West,6,242929.38,191094.13,51835.25,0.17
O001259,2025-03-21,C0337,P008,Pen Set,Stationery,South,10,80464.0,60830.58,19633.42,0.06
O001260,2025-11-24,C0499,P003,Keyboard,Electronics,East,7,214647.3,121460.19,93187.11,0.18
O001261,2025-07-01,C0409,P004,Office Chair,Furniture,West,10,226402.0,136957.67,89444.33,0.18
O001262,2025-04-28,C0157,P005,Desk,Furniture,North,5,122817.9,94022.02,28795.88,0.13
O001263,2025-02-09,C0374,P005,Desk,Furniture,South,7,114443.35,84734.2,29709.15,0.21
O001264,2025-10-11,C0476,P002,Wireless Mouse,Electronics,West,3,112571.91,87020.66,25551.25,0.01
O001265,2025-09-03,C0255,P001,Laptop Pro,Electronics,North,7,271431.3,208795.6,62635.7,0.13
O001266,2025-01-04,C0366,P007,Notebook,Stationery,West,1,38558.6,30824.49,7734.11,0.05
O001267,2025-09-28,C0351,P006,Monitor,Electronics,North,4,161448.28,133378.51,28069.77,0.17
O001268,2025-04-26,C0090,P008,Pen Set,Stationery,North,3,102575.55,79917.96,22657.59,0.23
O001269,2025-09-11,C0195,P006,Monitor,Electronics,South,3,92448.72,52258.67,40190.05,0.09
O001270,2025-10-04,C0436,P006,Monitor,Electronics,North,2,34415.92,21507.53,12908.39,0.23
O001271,2025-11-20,C0292,P005,Desk,Furniture,West,5,148158.3,90957.31,57200.99,0.07
O001272,2025-08-26,C0457,P004,Office Chair,Furniture,West,5,184165.95,150652.42,33513.53,0.13
O001273,2025-07-01,C0055,P001,Laptop Pro,Electronics,North,6,2988.6,1938.3,1050.3,0.15
O001274,2025-09-09,C0102,P006,Monitor,Electronics,North,3,72478.77,42066.77,30412.0,0.09
O001275,2025-12-03,C0129,P003,Keyboard,Electronics,South,7,44823.24,24745.71,20077.53,0.23
O001276,2025-04-04,C0275,P008,Pen Set,Stationery,East,7,160992.3,109233.67,51758.63,0.07
O001277,2025-07-01,C0383,P002,Wireless Mouse,Electronics,West,8,273080.88,163452.64,109628.24,0.21
O001278,2025-01-21,C0069,P001,Laptop Pro,Electronics,West,6,266070.3,161470.12,104600.18,0.05
O001279,2025-09-03,C0492,P007,Notebook,Stationery,East,6,13080.96,7975.43,5105.53,0.04
O001280,2025-03-07,C0167,P002,Wireless Mouse,Electronics,West,7,194151.02,153368.83,40782.19,0.14
O001281,2025-03-06,C0080,P007,Notebook,Stationery,East,3,16851.48,13275.83,3575.65,0.24
O001282,2025-11-02,C0378,P001,Laptop Pro,Electronics,North,4,11985.2,7822.05,4163.15,0.17
O001283,2025-08-08,C0127,P007,Notebook,Stationery,South,8,142624.8,81978.52,60646.28,0.07
O001284,2025-12-25,C0127,P003,Keyboard,Electronics,West,4,60341.76,48831.57,11510.19,0.19
O001285,2025-09-15,C0313,P004,Office Chair,Furniture,South,8,297587.2,172874.2,124713.0,0.2
O001286,2025-03-09,C0206,P004,Office Chair,Furniture,North,10,347894.4,215282.36,132612.04,0.16
O001287,2025-02-16,C0443,P005,Desk,Furniture,North,4,34820.36,25590.88,9229.48,0.11
O001288,2025-04-29,C0114,P007,Notebook,Stationery,East,7,222849.76,164907.26,57942.5,0.08
O001289,2025-06-05,C0057,P007,Notebook,Stationery,East,8,29371.2,21827.56,7543.64,0.13
O001290,2025-01-25,C0094,P006,Monitor,Electronics,North,5,95136.4,59373.73,35762.67,0.18
O001291,2025-08-30,C0144,P001,Laptop Pro,Electronics,North,1,35219.61,21610.52,13609.09,0.19
O001292,2025-06-05,C0058,P007,Notebook,Stationery,North,3,38148.96,25143.0,13005.96,0.24
O001293,2025-07-05,C0381,P001,Laptop Pro,Electronics,East,9,72358.92,55889.13,16469.79,0.08
O001294,2025-02-24,C0067,P004,Office Chair,Furniture,North,5,59347.0,34193.92,25153.08,0.15
O001295,2025-08-17,C0474,P001,Laptop Pro,Electronics,North,10,344664.0,209513.75,135150.25,0.2
O001296,2025-04-14,C0274,P002,Wireless Mouse,Electronics,South,9,333881.73,256289.35,77592.38,0.09
O001297,2025-10-14,C0500,P001,Laptop Pro,Electronics,East,3,34460.1,26309.63,8150.47,0.1
O001298,2025-02-04,C0248,P006,Monitor,Electronics,West,8,272095.68,224004.06,48091.62,0.18
O001299,2025-05-29,C0024,P001,Laptop Pro,Electronics,North,3,110110.14,92519.61,17590.53,0.07
O001300,2025-02-08,C0085,P004,Office Chair,Furniture,West,7,189650.02,153820.72,35829.3,0.17
O001301,2025-04-05,C0002,P007,Notebook,Stationery,South,9,208777.5,131832.19,76945.31,0.1
O001302,2025-09-20,C0234,P004,Office Chair,Furniture,East,10,458600.0,379990.54,78609.46,0.0
O001303,2025-03-29,C0115,P005,Desk,Furniture,North,4,64360.16,46059.04,18301.12,0.18
O001304,2025-05-23,C0475,P004,Office Chair,Furniture,South,5,11596.2,9655.16,1941.04,0.16
O001305,2025-04-18,C0274,P005,Desk,Furniture,North,1,31725.75,26867.3,4858.45,0.25
O001306,2025-02-12,C0485,P001,Laptop Pro,Electronics,East,6,212481.3,140393.42,72087.88,0.15
O001307,2025-11-17,C0418,P003,Keyboard,Electronics,North,7,262183.74,221696.9,40486.84,0.07
O001308,2025-01-09,C0276,P006,Monitor,Electronics,North,4,146138.88,88124.75,58014.13,0.24
O001309,2025-08-15,C0113,P007,Notebook,Stationery,East,5,173208.0,123889.33,49318.67,0.16
O001310,2025-07-22,C0080,P005,Desk,Furniture,West,4,128751.84,103962.78,24789.06,0.16
O001311,2025-09-11,C0093,P004,Office Chair,Furniture,West,7,163692.48,113553.81,50138.67,0.04
O001312,2025-04-03,C0332,P003,Keyboard,Electronics,East,3,32448.66,27029.95,5418.71,0.14
O001313,2025-12-18,C0312,P001,Laptop Pro,Electronics,South,5,42420.3,33734.73,8685.57,0.22
O001314,2025-11-27,C0497,P002,Wireless Mouse,Electronics,West,3,13139.07,9020.07,4119.0,0.11
O001315,2025-11-05,C0052,P002,Wireless Mouse,Electronics,West,9,67873.86,53783.1,14090.76,0.18
O001316,2025-11-26,C0479,P007,Notebook,Stationery,North,1,5854.69,4561.0,1293.69,0.21
O001317,2025-11-04,C0007,P003,Keyboard,Electronics,North,4,21122.16,17564.76,3557.4,0.07
O001318,2025-02-13,C0104,P002,Wireless Mouse,Electronics,South,9,348789.6,281060.26,67729.34,0.2
O001319,2025-09-03,C0080,P008,Pen Set,Stationery,South,10,234552.0,150632.93,83919.07,0.2
O001320,2025-01-11,C0423,P001,Laptop Pro,Electronics,North,9,381278.61,271883.63,109394.98,0.07
O001321,2025-08-01,C0073,P002,Wireless Mouse,Electronics,North,9,171518.31,139948.15,31570.16,0.03
O001322,2025-12-02,C0147,P004,Office Chair,Furniture,South,1,13398.95,7961.83,5437.12,0.11
O001323,2025-02-22,C0490,P007,Notebook,Stationery,East,2,62267.52,36304.5,25963.02,0.04
O001324,2025-02-13,C0459,P006,Monitor,Electronics,North,2,74612.0,49105.74,25506.26,0.08
O001325,2025-12-14,C0218,P003,Keyboard,Electronics,South,3,73836.9,53892.33,19944.57,0.13
O001326,2025-09-13,C0339,P005,Desk,Furniture,East,10,172981.9,100533.06,72448.84,0.09
O001327,2025-12-02,C0076,P005,Desk,Furniture,East,2,533.52,449.98,83.54,0.22
O001328,2025-09-02,C0418,P003,Keyboard,Electronics,North,7,169180.76,132919.2,36261.56,0.18
O001329,2025-02-16,C0166,P002,Wireless Mouse,Electronics,South,10,214418.8,135843.5,78575.3,0.24
O001330,2025-12-22,C0499,P003,Keyboard,Electronics,West,7,150103.52,101642.54,48460.98,0.08
O001331,2025-10-09,C0255,P006,Monitor,Electronics,West,3,99461.67,66137.59,33324.08,0.23
O001332,2025-10-23,C0398,P004,Office Chair,Furniture,South,7,33790.05,22860.73,10929.32,0.15
O001333,2025-01-09,C0186,P002,Wireless Mouse,Electronics,West,4,95616.0,81098.78,14517.22,0.0
O001334,2025-03-13,C0151,P003,Keyboard,Electronics,West,2,6320.16,4160.29,2159.87,0.23
O001335,2025-01-29,C0383,P003,Keyboard,Electronics,South,9,235145.7,187727.76,47417.94,0.06
O001336,2025-08-06,C0191,P002,Wireless Mouse,Electronics,North,3,61345.02,46550.86,14794.16,0.18
O001337,2025-03-22,C0016,P002,Wireless Mouse,Electronics,South,10,44299.2,32257.69,12041.51,0.12
O001338,2025-08-02,C0077,P006,Monitor,Electronics,South,3,15160.32,8394.93,6765.39,0.06
O001339,2025-08-29,C0211,P008,Pen Set,Stationery,East,3,128482.47,107235.29,21247.18,0.13
O001340,2025-11-25,C0017,P008,Pen Set,Stationery,South,1,18423.21,10464.39,7958.82,0.03
O001341,2025-08-21,C0284,P003,Keyboard,Electronics,East,1,20679.83,15591.99,5087.84,0.21
O001342,2025-02-17,C0268,P005,Desk,Furniture,West,4,86132.2,54396.64,31735.56,0.23
O001343,2025-04-05,C0422,P003,Keyboard,Electronics,North,4,89896.0,55346.44,34549.56,0.15
O001344,2025-07-14,C0085,P008,Pen Set,Stationery,North,8,139272.0,93525.32,45746.68,0.16
O001345,2025-07-05,C0309,P006,Monitor,Electronics,East,7,84376.11,49049.52,35326.59,0.07
O001346,2025-04-19,C0306,P001,Laptop Pro,Electronics,North,4,71784.96,41774.49,30010.47,0.04
O001347,2025-05-04,C0138,P005,Desk,Furniture,North,4,138149.0,114492.44,23656.56,0.05
O001348,2025-06-08,C0005,P001,Laptop Pro,Electronics,East,10,315869.4,203538.06,112331.34,0.01
O001349,2025-07-02,C0499,P005,Desk,Furniture,South,7,219330.3,170102.2,49228.1,0.05
O001350,2025-09-15,C0414,P002,Wireless Mouse,Electronics,South,6,125849.88,88230.02,37619.86,0.22
O001351,2025-01-20,C0149,P001,Laptop Pro,Electronics,South,10,222129.6,180067.96,42061.64,0.12
O001352,2025-04-29,C0453,P003,Keyboard,Electronics,South,8,33452.64,19335.2,14117.44,0.22
O001353,2025-11-30,C0268,P003,Keyboard,Electronics,East,3,86323.14,66349.36,19973.78,0.13
O001354,2025-08-09,C0021,P008,Pen Set,Stationery,West,3,62546.22,46099.14,16447.08,0.07
O001355,2025-10-18,C0322,P004,Office Chair,Furniture,West,4,136686.8,114462.17,22224.63,0.15
O001356,2025-02-14,C0256,P002,Wireless Mouse,Electronics,North,1,7732.26,4970.78,2761.48,0.19
O001357,2025-05-24,C0296,P008,Pen Set,Stationery,East,6,52307.64,31303.08,21004.56,0.23
O001358,2025-05-13,C0243,P006,Monitor,Electronics,East,2,9333.12,7294.6,2038.52,0.04
O001359,2025-07-06,C0440,P008,Pen Set,Stationery,East,3,18978.72,13218.26,5760.46,0.24
O001360,2025-07-07,C0263,P007,Notebook,Stationery,East,7,219971.29,129496.06,90475.23,0.23
O001361,2025-12-16,C0022,P006,Monitor,Electronics,North,2,80834.4,55373.8,25460.6,0.1
O001362,2025-07-12,C0082,P004,Office Chair,Furniture,West,9,6220.8,3617.95,2602.85,0.04
O001363,2025-06-28,C0239,P002,Wireless Mouse,Electronics,West,4,80003.04,60061.9,19941.14,0.22
O001364,2025-07-23,C0394,P008,Pen Set,Stationery,West,2,11065.6,6445.76,4619.84,0.05
O001365,2025-11-06,C0249,P004,Office Chair,Furniture,South,7,149156.98,97358.8,51798.18,0.02
O001366,2025-08-29,C0075,P008,Pen Set,Stationery,South,2,32828.54,23423.96,9404.58,0.11
O001367,2025-02-01,C0480,P006,Monitor,Electronics,East,10,16890.0,13212.4,3677.6,0.25
O001368,2025-12-17,C0217,P007,Notebook,Stationery,East,8,112353.12,91051.66,21301.46,0.01
O001369,2025-02-11,C0153,P005,Desk,Furniture,West,3,16352.64,10337.67,6014.97,0.04
O001370,2025-01-28,C0048,P007,Notebook,Stationery,West,9,106305.57,66742.27,39563.3,0.17
O001371,2025-09-04,C0244,P006,Monitor,Electronics,South,5,52164.5,43431.25,8733.25,0.05
O001372,2025-10-15,C0401,P007,Notebook,Stationery,South,6,235342.44,187545.5,47796.94,0.14
O001373,2025-06-12,C0008,P002,Wireless Mouse,Electronics,South,10,389788.8,292037.13,97751.67,0.04
O001374,2025-12-12,C0209,P008,Pen Set,Stationery,East,3,77058.54,45008.51,32050.03,0.22
O001375,2025-10-24,C0050,P001,Laptop Pro,Electronics,North,8,56710.08,42060.44,14649.64,0.16
O001376,2025-11-04,C0194,P004,Office Chair,Furniture,South,4,92083.52,72038.35,20045.17,0.17
O001377,2025-01-08,C0190,P006,Monitor,Electronics,East,4,38690.08,27974.9,10715.18,0.24
O001378,2025-12-25,C0256,P001,Laptop Pro,Electronics,West,5,88378.95,71615.89,16763.06,0.13
O001379,2025-09-25,C0499,P007,Notebook,Stationery,East,7,148102.5,105558.59,42543.91,0.09
O001380,2025-11-01,C0084,P002,Wireless Mouse,Electronics,West,3,80818.23,48738.93,32079.3,0.11
O001381,2025-05-26,C0360,P007,Notebook,Stationery,North,5,180222.05,122775.93,57446.12,0.17
O001382,2025-07-30,C0054,P002,Wireless Mouse,Electronics,West,2,10204.32,7498.93,2705.39,0.16
O001383,2025-05-29,C0437,P002,Wireless Mouse,Electronics,West,8,225678.4,126332.66,99345.74,0.15
O001384,2025-08-29,C0487,P004,Office Chair,Furniture,North,4,103179.36,60292.89,42886.47,0.14
O001385,2025-07-22,C0004,P006,Monitor,Electronics,East,8,167933.92,124851.79,43082.13,0.23
O001386,2025-06-07,C0430,P004,Office Chair,Furniture,West,9,157238.82,117552.46,39686.36,0.07
O001387,2025-07-11,C0431,P004,Office Chair,Furniture,East,1,27094.32,15115.22,11979.1,0.01
O001388,2025-07-20,C0099,P006,Monitor,Electronics,West,3,84820.5,52804.95,32015.55,0.25
O001389,2025-03-30,C0207,P001,Laptop Pro,Electronics,East,10,274713.7,203530.45,71183.25,0.03
O001390,2025-09-16,C0061,P003,Keyboard,Electronics,West,7,105204.96,83148.91,22056.05,0.02
O001391,2025-02-17,C0014,P005,Desk,Furniture,West,9,72661.32,44405.42,28255.9,0.24
O001392,2025-02-10,C0293,P001,Laptop Pro,Electronics,West,10,101277.0,77200.7,24076.3,0.01
O001393,2025-04-06,C0123,P001,Laptop Pro,Electronics,South,3,75433.68,59085.46,16348.22,0.16
O001394,2025-07-13,C0395,P005,Desk,Furniture,East,4,111513.24,85630.32,25882.92,0.21
O001395,2025-11-23,C0297,P001,Laptop Pro,Electronics,North,5,21702.45,16021.43,5681.02,0.23
O001396,2025-05-15,C0459,P002,Wireless Mouse,Electronics,South,8,304595.52,180488.26,124107.26,0.03
O001397,2025-04-17,C0201,P002,Wireless Mouse,Electronics,North,2,51492.2,42420.08,9072.12,0.21
O001398,2025-02-09,C0108,P008,Pen Set,Stationery,West,1,26768.7,22425.88,4342.82,0.02
O001399,2025-04-03,C0153,P007,Notebook,Stationery,North,6,192746.4,152764.0,39982.4,0.23
O001400,2025-06-25,C0178,P003,Keyboard,Electronics,West,10,353319.5,197659.34,155660.16,0.15
O001401,2025-04-09,C0311,P001,Laptop Pro,Electronics,North,3,83574.99,69198.0,14376.99,0.19
O001402,2025-07-06,C0059,P001,Laptop Pro,Electronics,South,9,245942.73,151228.21,94714.52,0.19
O001403,2025-03-06,C0138,P001,Laptop Pro,Electronics,East,6,52896.0,40641.22,12254.78,0.05
O001404,2025-05-31,C0240,P008,Pen Set,Stationery,West,4,22666.28,16216.57,6449.71,0.09
O001405,2025-04-12,C0352,P007,Notebook,Stationery,East,9,183021.3,114393.43,68627.87,0.23
O001406,2025-03-26,C0407,P007,Notebook,Stationery,South,2,61518.4,44679.19,16839.21,0.2
O001407,2025-06-13,C0319,P008,Pen Set,Stationery,North,7,183404.97,141978.15,41426.82,0.11
O001408,2025-11-20,C0420,P007,Notebook,Stationery,North,7,79993.76,52970.92,27022.84,0.14
O001409,2025-07-29,C0151,P008,Pen Set,Stationery,East,3,5499.36,3442.15,2057.21,0.24
O001410,2025-04-06,C0184,P007,Notebook,Stationery,South,1,7404.48,4789.25,2615.23,0.04
O001411,2025-06-10,C0063,P002,Wireless Mouse,Electronics,North,4,157444.56,93445.22,63999.34,0.09
O001412,2025-06-14,C0461,P006,Monitor,Electronics,South,1,43401.92,29930.53,13471.39,0.08
O001413,2025-02-22,C0288,P002,Wireless Mouse,Electronics,East,7,111776.7,79157.88,32618.82,0.15
O001414,2025-06-12,C0417,P002,Wireless Mouse,Electronics,East,10,378721.7,294213.88,84507.82,0.11
O001415,2025-05-21,C0216,P004,Office Chair,Furniture,North,4,11052.8,7732.49,3320.31,0.2
O001416,2025-05-02,C0296,P002,Wireless Mouse,Electronics,North,8,77622.0,56458.46,21163.54,0.15
O001417,2025-01-03,C0467,P005,Desk,Furniture,West,1,33906.4,24505.09,9401.31,0.2
O001418,2025-09-28,C0021,P005,Desk,Furniture,East,3,78996.06,56090.37,22905.69,0.01
O001419,2025-06-04,C0141,P001,Laptop Pro,Electronics,East,2,60748.24,48036.91,12711.33,0.02
O001420,2025-11-10,C0025,P006,Monitor,Electronics,West,7,32670.54,21038.27,11632.27,0.14
O001421,2025-03-04,C0432,P005,Desk,Furniture,East,8,205595.92,172730.54,32865.38,0.21
O001422,2025-02-23,C0166,P002,Wireless Mouse,Electronics,West,1,14732.19,8148.65,6583.54,0.01
O001423,2025-07-08,C0418,P004,Office Chair,Furniture,North,3,17008.8,13958.83,3049.97,0.05
O001424,2025-02-08,C0136,P001,Laptop Pro,Electronics,East,5,14661.55,12229.84,2431.71,0.03
O001425,2025-08-24,C0062,P007,Notebook,Stationery,South,5,220737.6,130528.54,90209.06,0.04
O001426,2025-07-31,C0327,P006,Monitor,Electronics,West,3,126352.5,101719.59,24632.91,0.15
O001427,2025-09-08,C0500,P002,Wireless Mouse,Electronics,East,9,294204.96,203995.26,90209.7,0.06
O001428,2025-12-31,C0043,P006,Monitor,Electronics,East,8,117600.0,91711.61,25888.39,0.02
O001429,2025-01-31,C0109,P004,Office Chair,Furniture,North,4,179320.4,150903.42,28416.98,0.02
O001430,2025-04-17,C0417,P004,Office Chair,Furniture,East,8,193306.0,112380.46,80925.54,0.05
O001431,2025-03-08,C0113,P005,Desk,Furniture,East,8,331353.6,232395.98,98957.62,0.04
O001432,2025-04-07,C0036,P007,Notebook,Stationery,East,8,284406.48,222976.48,61430.0,0.13
O001433,2025-11-28,C0053,P007,Notebook,Stationery,South,3,124683.0,101111.61,23571.39,0.08
O001434,2025-08-24,C0096,P008,Pen Set,Stationery,East,2,95110.44,52784.05,42326.39,0.03
O001435,2025-03-02,C0475,P001,Laptop Pro,Electronics,North,8,303295.92,198836.88,104459.04,0.13
O001436,2025-09-18,C0171,P006,Monitor,Electronics,North,7,94731.84,66374.54,28357.3,0.04
O001437,2025-08-05,C0100,P008,Pen Set,Stationery,East,5,119721.7,89143.16,30578.54,0.02
O001438,2025-09-10,C0266,P004,Office Chair,Furniture,West,7,70067.2,49668.45,20398.75,0.15
O001439,2025-02-28,C0028,P002,Wireless Mouse,Electronics,North,1,40004.52,23335.63,16668.89,0.06
O001440,2025-11-14,C0359,P005,Desk,Furniture,West,4,15712.2,9940.13,5772.07,0.13
O001441,2025-12-21,C0138,P007,Notebook,Stationery,West,7,45479.35,36257.07,9222.28,0.05
O001442,2025-11-02,C0148,P004,Office Chair,Furniture,North,3,36966.93,23525.67,13441.26,0.09
O001443,2025-06-06,C0437,P002,Wireless Mouse,Electronics,South,3,76645.8,56460.02,20185.78,0.23
O001444,2025-08-22,C0073,P003,Keyboard,Electronics,North,6,263770.92,159898.81,103872.11,0.02
O001445,2025-02-09,C0088,P008,Pen Set,Stationery,North,7,153097.56,128955.8,24141.76,0.01
O001446,2025-08-30,C0057,P006,Monitor,Electronics,North,8,307336.0,249546.25,57789.75,0.0
O001447,2025-09-26,C0258,P001,Laptop Pro,Electronics,South,10,335752.5,268806.04,66946.46,0.25
O001448,2025-08-20,C0252,P003,Keyboard,Electronics,East,2,12425.52,9578.29,2847.23,0.08
O001449,2025-06-30,C0155,P005,Desk,Furniture,East,8,122413.2,67825.28,54587.92,0.09
O001450,2025-01-11,C0076,P008,Pen Set,Stationery,West,2,29697.4,22821.4,6876.0,0.17
O001451,2025-12-23,C0499,P004,Office Chair,Furniture,West,3,62327.76,38849.54,23478.22,0.12
O001452,2025-07-13,C0328,P006,Monitor,Electronics,North,4,192009.44,158637.08,33372.36,0.02
O001453,2025-03-31,C0136,P005,Desk,Furniture,East,9,200090.25,162638.93,37451.32,0.25
O001454,2025-06-08,C0098,P006,Monitor,Electronics,North,7,244503.0,207383.32,37119.68,0.1
O001455,2025-06-27,C0148,P006,Monitor,Electronics,North,10,73496.2,50455.75,23040.45,0.11
O001456,2025-09-25,C0495,P001,Laptop Pro,Electronics,East,8,346567.68,261408.0,85159.68,0.04
O001457,2025-01-08,C0233,P003,Keyboard,Electronics,North,5,149283.6,117924.42,31359.18,0.07
O001458,2025-01-03,C0221,P004,Office Chair,Furniture,East,5,189474.95,131971.18,57503.77,0.03
O001459,2025-09-15,C0341,P001,Laptop Pro,Electronics,South,1,16176.69,13161.62,3015.07,0.03
O001460,2025-10-27,C0471,P002,Wireless Mouse,Electronics,North,5,35805.0,21805.9,13999.1,0.25
O001461,2025-12-14,C0327,P005,Desk,Furniture,West,4,8117.12,5327.99,2789.13,0.12
O001462,2025-11-02,C0160,P007,Notebook,Stationery,South,7,36205.26,29907.65,6297.61,0.22
O001463,2025-05-09,C0070,P007,Notebook,Stationery,West,6,221683.8,172979.45,48704.35,0.03
O001464,2025-11-18,C0237,P004,Office Chair,Furniture,South,5,98921.2,71223.22,27697.98,0.02
O001465,2025-06-10,C0258,P007,Notebook,Stationery,East,7,44094.26,30097.44,13996.82,0.03
O001466,2025-08-25,C0015,P008,Pen Set,Stationery,North,6,149038.56,124959.01,24079.55,0.12
O001467,2025-05-05,C0298,P007,Notebook,Stationery,East,2,95491.2,78498.98,16992.22,0.04
O001468,2025-01-28,C0387,P003,Keyboard,Electronics,West,10,279263.4,227136.53,52126.87,0.22
O001469,2025-09-23,C0236,P003,Keyboard,Electronics,North,7,308798.0,244643.46,64154.54,0.0
O001470,2025-06-20,C0305,P002,Wireless Mouse,Electronics,North,1,14145.74,10538.07,3607.67,0.21
O001471,2025-03-04,C0380,P005,Desk,Furniture,North,10,263549.9,213289.42,50260.48,0.17
O001472,2025-03-11,C0115,P004,Office Chair,Furniture,South,9,74667.78,62734.64,11933.14,0.14
O001473,2025-09-06,C0320,P005,Desk,Furniture,South,5,177483.75,97959.54,79524.21,0.25
O001474,2025-09-24,C0050,P002,Wireless Mouse,Electronics,South,2,387.84,315.69,72.15,0.04
O001475,2025-07-20,C0029,P004,Office Chair,Furniture,North,2,61869.06,43416.08,18452.98,0.01
O001476,2025-10-07,C0134,P005,Desk,Furniture,West,7,167480.25,133327.89,34152.36,0.25
O001477,2025-12-03,C0124,P002,Wireless Mouse,Electronics,South,7,57529.92,34831.05,22698.87,0.16
O001478,2025-10-29,C0253,P004,Office Chair,Furniture,East,8,235751.28,176874.91,58876.37,0.07
O001479,2025-08-02,C0417,P005,Desk,Furniture,West,7,148067.85,86205.21,61862.64,0.17
O001480,2025-01-06,C0298,P003,Keyboard,Electronics,East,1,16708.86,12018.06,4690.8,0.11
O001481,2025-03-13,C0240,P001,Laptop Pro,Electronics,West,10,290357.1,238707.66,51649.44,0.01
O001482,2025-09-15,C0108,P005,Desk,Furniture,East,1,9623.25,7763.57,1859.68,0.09
O001483,2025-12-02,C0369,P007,Notebook,Stationery,East,9,37264.32,22187.95,15076.37,0.04
O001484,2025-07-21,C0035,P008,Pen Set,Stationery,West,3,44258.4,33084.62,11173.78,0.2
O001485,2025-09-17,C0398,P007,Notebook,Stationery,East,8,268154.88,193825.48,74329.4,0.16
O001486,2025-11-13,C0425,P003,Keyboard,Electronics,West,6,176886.96,115759.88,61127.08,0.24
O001487,2025-02-19,C0341,P002,Wireless Mouse,Electronics,North,1,1685.86,1007.73,678.13,0.21
O001488,2025-05-02,C0054,P008,Pen Set,Stationery,South,8,138743.28,117154.62,21588.66,0.19
O001489,2025-01-20,C0434,P007,Notebook,Stationery,North,7,30307.48,18946.57,11360.91,0.02
O001490,2025-03-31,C0165,P008,Pen Set,Stationery,North,6,201342.96,112518.06,88824.9,0.16
O001491,2025-04-13,C0101,P008,Pen Set,Stationery,East,7,46882.5,33855.44,13027.06,0.25
O001492,2025-03-24,C0223,P008,Pen Set,Stationery,South,8,332486.16,202935.53,129550.63,0.07
O001493,2025-04-15,C0018,P002,Wireless Mouse,Electronics,South,10,15019.2,11273.37,3745.83,0.16
O001494,2025-06-24,C0095,P001,Laptop Pro,Electronics,West,6,139010.4,112507.7,26502.7,0.14
O001495,2025-07-02,C0317,P004,Office Chair,Furniture,South,4,118749.64,83155.04,35594.6,0.21
O001496,2025-10-19,C0041,P002,Wireless Mouse,Electronics,South,8,189618.24,154006.62,35611.62,0.16
O001497,2025-10-04,C0170,P005,Desk,Furniture,North,2,13953.28,7889.79,6063.49,0.12
O001498,2025-03-22,C0496,P004,Office Chair,Furniture,East,5,75033.0,49324.56,25708.44,0.1
O001499,2025-11-09,C0257,P002,Wireless Mouse,Electronics,East,9,320684.76,226187.92,94496.84,0.06
O001500,2025-10-26,C0242,P007,Notebook,Stationery,East,10,33643.2,27504.75,6138.45,0.14
O001501,2025-01-31,C0072,P001,Laptop Pro,Electronics,South,1,19895.06,12139.04,7756.02,0.11
O001502,2025-10-16,C0464,P006,Monitor,Electronics,North,1,13764.08,10897.0,2867.08,0.12
O001503,2025-02-11,C0455,P006,Monitor,Electronics,West,2,46712.6,34274.43,12438.17,0.15
O001504,2025-09-17,C0116,P003,Keyboard,Electronics,East,5,235639.8,132118.53,103521.27,0.01
O001505,2025-04-27,C0011,P007,Notebook,Stationery,North,8,128537.6,104492.71,24044.89,0.2
O001506,2025-12-17,C0378,P001,Laptop Pro,Electronics,North,4,119707.2,79463.62,40243.58,0.15
O001507,2025-08-09,C0360,P008,Pen Set,Stationery,West,1,20711.7,15712.56,4999.14,0.19
O001508,2025-07-08,C0181,P003,Keyboard,Electronics,South,2,56067.94,41192.89,14875.05,0.03
O001509,2025-01-06,C0117,P006,Monitor,Electronics,West,7,26293.68,15187.16,11106.52,0.06
O001510,2025-01-30,C0065,P001,Laptop Pro,Electronics,West,1,44531.56,25252.29,19279.27,0.06
O001511,2025-05-06,C0150,P003,Keyboard,Electronics,South,5,14099.0,10302.49,3796.51,0.08
O001512,2025-05-09,C0481,P007,Notebook,Stationery,South,8,335969.2,192524.18,143445.02,0.03
O001513,2025-07-07,C0400,P008,Pen Set,Stationery,East,6,78156.24,50083.74,28072.5,0.11
O001514,2025-02-23,C0028,P004,Office Chair,Furniture,East,9,146829.24,104604.93,42224.31,0.08
O001515,2025-03-12,C0431,P007,Notebook,Stationery,South,10,298195.2,182217.09,115978.11,0.07
O001516,2025-03-14,C0019,P005,Desk,Furniture,South,9,122324.76,93880.98,28443.78,0.03
O001517,2025-05-19,C0143,P008,Pen Set,Stationery,West,8,60873.12,48753.13,12119.99,0.01
O001518,2025-09-11,C0010,P005,Desk,Furniture,West,2,7650.18,5607.0,2043.18,0.07
O001519,2025-12-04,C0221,P007,Notebook,Stationery,North,8,23387.2,15524.38,7862.82,0.06
O001520,2025-11-08,C0387,P005,Desk,Furniture,East,1,28908.9,24028.13,4880.77,0.19
O001521,2025-11-15,C0223,P005,Desk,Furniture,West,10,116567.1,76034.77,40532.33,0.19
O001522,2025-12-14,C0148,P001,Laptop Pro,Electronics,West,2,65628.0,50296.58,15331.42,0.1
O001523,2025-03-25,C0492,P007,Notebook,Stationery,West,10,407072.4,287260.35,119812.05,0.14
O001524,2025-12-16,C0487,P008,Pen Set,Stationery,East,4,27233.36,17271.67,9961.69,0.23
O001525,2025-01-20,C0316,P002,Wireless Mouse,Electronics,East,4,133075.56,95990.7,37084.86,0.07
O001526,2025-11-08,C0007,P006,Monitor,Electronics,North,5,203994.1,152161.1,51833.0,0.06
O001527,2025-04-02,C0228,P005,Desk,Furniture,West,10,400236.8,251891.14,148345.66,0.08
O001528,2025-09-03,C0327,P001,Laptop Pro,Electronics,South,8,5498.24,4617.23,881.01,0.12
O001529,2025-11-09,C0283,P007,Notebook,Stationery,East,1,29400.14,18608.34,10791.8,0.23
O001530,2025-05-13,C0445,P002,Wireless Mouse,Electronics,West,8,90112.16,70830.02,19282.14,0.06
O001531,2025-12-02,C0026,P003,Keyboard,Electronics,South,4,159394.56,129328.24,30066.32,0.04
O001532,2025-10-24,C0163,P002,Wireless Mouse,Electronics,North,1,10188.25,8233.85,1954.4,0.17
O001533,2025-01-09,C0348,P004,Office Chair,Furniture,East,1,35271.0,29718.8,5552.2,0.25
O001534,2025-08-16,C0058,P001,Laptop Pro,Electronics,North,10,141787.1,81278.57,60508.53,0.09
O001535,2025-12-15,C0213,P004,Office Chair,Furniture,North,4,74132.0,59212.29,14919.71,0.14
O001536,2025-07-04,C0172,P007,Notebook,Stationery,West,5,47401.2,34701.95,12699.25,0.01
O001537,2025-01-23,C0149,P006,Monitor,Electronics,South,8,130845.12,78257.66,52587.46,0.16
O001538,2025-09-18,C0402,P001,Laptop Pro,Electronics,East,2,76214.7,49077.06,27137.64,0.05
O001539,2025-07-15,C0391,P004,Office Chair,Furniture,North,7,266014.98,204267.03,61747.95,0.01
O001540,2025-10-08,C0376,P002,Wireless Mouse,Electronics,West,4,129643.92,93645.92,35998.0,0.13
O001541,2025-09-24,C0226,P002,Wireless Mouse,Electronics,East,9,27310.5,20421.68,6888.82,0.15
O001542,2025-05-05,C0410,P005,Desk,Furniture,East,4,140984.28,87862.63,53121.65,0.07
O001543,2025-05-04,C0228,P004,Office Chair,Furniture,West,8,134984.88,78915.55,56069.33,0.19
O001544,2025-07-05,C0335,P006,Monitor,Electronics,West,2,40019.24,22928.35,17090.89,0.14
O001545,2025-03-06,C0474,P004,Office Chair,Furniture,South,8,207920.48,165992.55,41927.93,0.06
O001546,2025-05-27,C0175,P007,Notebook,Stationery,East,10,425248.0,267091.33,158156.67,0.03
O001547,2025-10-22,C0254,P002,Wireless Mouse,Electronics,South,2,48008.38,40565.85,7442.53,0.11
O001548,2025-10-11,C0365,P003,Keyboard,Electronics,West,8,9338.88,6309.23,3029.65,0.04
O001549,2025-03-27,C0038,P002,Wireless Mouse,Electronics,South,3,5766.21,3212.81,2553.4,0.21
O001550,2025-05-04,C0365,P007,Notebook,Stationery,East,7,159042.17,120725.51,38316.66,0.03
O001551,2025-01-24,C0038,P002,Wireless Mouse,Electronics,East,6,113536.2,83447.84,30088.36,0.15
O001552,2025-05-29,C0388,P008,Pen Set,Stationery,West,7,258806.66,207159.57,51647.09,0.11
O001553,2025-09-18,C0043,P003,Keyboard,Electronics,South,3,115736.04,95470.96,20265.08,0.19
O001554,2025-07-14,C0165,P001,Laptop Pro,Electronics,West,10,355500.6,264784.46,90716.14,0.09
O001555,2025-02-19,C0119,P003,Keyboard,Electronics,East,9,363765.15,303172.95,60592.2,0.15
O001556,2025-10-24,C0261,P008,Pen Set,Stationery,West,6,17358.24,14219.71,3138.53,0.14
O001557,2025-03-15,C0022,P005,Desk,Furniture,South,6,140042.4,84519.05,55523.35,0.08
O001558,2025-02-20,C0178,P007,Notebook,Stationery,East,9,142686.9,104823.97,37862.93,0.14
O001559,2025-03-28,C0148,P003,Keyboard,Electronics,East,2,35459.04,24171.54,11287.5,0.07
O001560,2025-10-10,C0430,P002,Wireless Mouse,Electronics,South,4,163215.0,94467.67,68747.33,0.07
O001561,2025-04-10,C0004,P001,Laptop Pro,Electronics,West,10,21310.4,15171.92,6138.48,0.24
O001562,2025-08-07,C0375,P001,Laptop Pro,Electronics,West,6,75402.54,62913.16,12489.38,0.07
O001563,2025-03-03,C0228,P003,Keyboard,Electronics,West,8,120298.64,92013.46,28285.18,0.23
O001564,2025-12-09,C0060,P008,Pen Set,Stationery,East,5,22978.8,19484.26,3494.54,0.22
O001565,2025-06-21,C0142,P002,Wireless Mouse,Electronics,West,4,187642.56,112026.02,75616.54,0.02
O001566,2025-09-24,C0163,P002,Wireless Mouse,Electronics,South,6,14487.42,12020.36,2467.06,0.11
O001567,2025-04-23,C0345,P001,Laptop Pro,Electronics,South,1,15826.52,10490.81,5335.71,0.03
O001568,2025-09-12,C0145,P005,Desk,Furniture,South,8,71272.96,43200.78,28072.18,0.12
O001569,2025-01-02,C0223,P004,Office Chair,Furniture,North,2,53776.88,41668.14,12108.74,0.21
O001570,2025-08-03,C0353,P008,Pen Set,Stationery,East,9,344188.8,207695.4,136493.4,0.05
O001571,2025-12-03,C0489,P007,Notebook,Stationery,South,10,130888.8,91003.05,39885.75,0.16
O001572,2025-11-19,C0201,P005,Desk,Furniture,East,4,64222.08,44767.07,19455.01,0.17
O001573,2025-05-28,C0215,P008,Pen Set,Stationery,West,5,30998.5,26003.89,4994.61,0.05
O001574,2025-06-13,C0339,P006,Monitor,Electronics,North,4,155258.72,93599.01,61659.71,0.11
O001575,2025-09-08,C0308,P006,Monitor,Electronics,West,7,314994.89,256611.04,58383.85,0.03
O001576,2025-07-29,C0032,P004,Office Chair,Furniture,East,1,17917.38,11010.8,6906.58,0.07
O001577,2025-07-24,C0134,P005,Desk,Furniture,North,6,146610.0,100073.85,46536.15,0.1
O001578,2025-01-24,C0158,P005,Desk,Furniture,West,8,364207.2,269833.78,94373.42,0.05
O001579,2025-11-17,C0057,P007,Notebook,Stationery,East,4,117683.28,83649.74,34033.54,0.22
O001580,2025-07-14,C0047,P003,Keyboard,Electronics,East,10,355740.0,272734.69,83005.31,0.0
O001581,2025-07-05,C0275,P006,Monitor,Electronics,South,9,32954.04,23252.2,9701.84,0.16
O001582,2025-03-24,C0467,P003,Keyboard,Electronics,East,9,185720.31,114923.79,70796.52,0.21
O001583,2025-01-07,C0019,P006,Monitor,Electronics,North,7,86266.6,53883.08,32383.52,0.14
O001584,2025-05-25,C0155,P002,Wireless Mouse,Electronics,North,9,189208.8,106465.06,82743.74,0.2
O001585,2025-07-13,C0336,P004,Office Chair,Furniture,West,4,8976.36,5269.96,3706.4,0.07
O001586,2025-12-27,C0391,P003,Keyboard,Electronics,West,5,28248.5,19812.17,8436.33,0.02
O001587,2025-03-19,C0049,P001,Laptop Pro,Electronics,West,1,38607.3,28239.76,10367.54,0.21
O001588,2025-01-12,C0155,P004,Office Chair,Furniture,East,10,165272.0,111979.35,53292.65,0.2
O001589,2025-08-30,C0193,P008,Pen Set,Stationery,East,4,25043.04,18702.52,6340.52,0.07
O001590,2025-09-05,C0146,P007,Notebook,Stationery,South,2,22442.8,16120.64,6322.16,0.24
O001591,2025-10-07,C0366,P007,Notebook,Stationery,North,1,26873.86,22451.42,4422.44,0.18
O001592,2025-04-29,C0229,P008,Pen Set,Stationery,East,4,115735.84,77450.95,38284.89,0.24
O001593,2025-11-19,C0500,P008,Pen Set,Stationery,North,10,61656.0,40059.79,21596.21,0.16
O001594,2025-10-31,C0128,P002,Wireless Mouse,Electronics,North,9,96546.6,80387.4,16159.2,0.05
O001595,2025-10-18,C0390,P003,Keyboard,Electronics,South,7,224529.06,158746.92,65782.14,0.21
O001596,2025-03-19,C0019,P001,Laptop Pro,Electronics,East,8,120355.2,92932.67,27422.53,0.1
O001597,2025-09-08,C0280,P007,Notebook,Stationery,West,1,14751.59,11454.78,3296.81,0.17
O001598,2025-10-12,C0440,P006,Monitor,Electronics,North,4,74944.32,52078.73,22865.59,0.12
O001599,2025-01-07,C0083,P002,Wireless Mouse,Electronics,North,7,315738.36,185712.49,130025.87,0.02
O001600,2025-08-06,C0254,P003,Keyboard,Electronics,South,4,90099.36,52626.98,37472.38,0.22
O001601,2025-01-05,C0152,P008,Pen Set,Stationery,North,3,115329.24,77898.47,37430.77,0.22
O001602,2025-09-25,C0166,P007,Notebook,Stationery,East,5,182420.7,137363.69,45057.01,0.23
O001603,2025-11-11,C0488,P003,Keyboard,Electronics,East,3,50158.98,30664.12,19494.86,0.13
O001604,2025-03-11,C0085,P005,Desk,Furniture,West,8,232066.0,150623.17,81442.83,0.05
O001605,2025-01-03,C0160,P001,Laptop Pro,Electronics,South,6,158296.32,109406.19,48890.13,0.04
O001606,2025-11-16,C0240,P004,Office Chair,Furniture,South,2,63083.2,36488.23,26594.97,0.11
O001607,2025-11-18,C0008,P002,Wireless Mouse,Electronics,South,6,216219.48,133582.31,82637.17,0.14
O001608,2025-11-16,C0393,P005,Desk,Furniture,West,5,119548.25,76717.11,42831.14,0.15
O001609,2025-10-31,C0079,P005,Desk,Furniture,North,9,269559.36,164640.5,104918.86,0.16
O001610,2025-09-25,C0301,P004,Office Chair,Furniture,West,5,55269.9,32095.05,23174.85,0.07
O001611,2025-11-12,C0343,P006,Monitor,Electronics,West,10,331568.0,278516.35,53051.65,0.15
O001612,2025-02-16,C0476,P004,Office Chair,Furniture,South,3,900.0,762.05,137.95,0.2
O001613,2025-01-27,C0071,P003,Keyboard,Electronics,West,3,73382.4,47478.51,25903.89,0.22
O001614,2025-05-04,C0287,P007,Notebook,Stationery,West,8,159240.96,123889.82,35351.14,0.08
O001615,2025-09-25,C0163,P007,Notebook,Stationery,North,7,286341.44,184268.89,102072.55,0.12
O001616,2025-08-12,C0287,P004,Office Chair,Furniture,West,3,98909.58,75508.0,23401.58,0.21
O001617,2025-11-30,C0179,P008,Pen Set,Stationery,South,5,218812.6,179410.72,39401.88,0.03
O001618,2025-08-06,C0110,P001,Laptop Pro,Electronics,South,6,149415.84,97687.7,51728.14,0.19
O001619,2025-04-11,C0227,P007,Notebook,Stationery,East,6,55121.22,46777.61,8343.61,0.23
O001620,2025-07-08,C0469,P004,Office Chair,Furniture,East,1,35526.72,20542.71,14984.01,0.08
O001621,2025-09-03,C0204,P001,Laptop Pro,Electronics,North,10,179120.7,113291.23,65829.47,0.01
O001622,2025-01-16,C0442,P005,Desk,Furniture,West,5,203826.15,147092.01,56734.14,0.01
O001623,2025-10-07,C0414,P008,Pen Set,Stationery,North,8,81579.52,66281.81,15297.71,0.12
O001624,2025-12-28,C0377,P001,Laptop Pro,Electronics,South,6,10653.9,8139.51,2514.39,0.15
O001625,2025-08-16,C0327,P003,Keyboard,Electronics,North,2,43761.26,25636.57,18124.69,0.21
O001626,2025-12-02,C0315,P006,Monitor,Electronics,North,2,66694.02,53740.22,12953.8,0.07
O001627,2025-07-07,C0265,P006,Monitor,Electronics,North,6,268905.6,227462.16,41443.44,0.04
O001628,2025-09-14,C0076,P007,Notebook,Stationery,East,7,255401.79,145447.86,109953.93,0.17
O001629,2025-12-19,C0259,P002,Wireless Mouse,Electronics,West,3,86896.26,63656.61,23239.65,0.01
O001630,2025-06-24,C0239,P003,Keyboard,Electronics,North,1,19150.56,12547.55,6603.01,0.07
O001631,2025-02-14,C0096,P008,Pen Set,Stationery,East,2,12041.26,7281.96,4759.3,0.23
O001632,2025-02-11,C0450,P001,Laptop Pro,Electronics,South,3,2519.4,1668.75,850.65,0.05
O001633,2025-01-28,C0195,P005,Desk,Furniture,East,4,159349.68,93987.7,65361.98,0.19
O001634,2025-04-07,C0140,P003,Keyboard,Electronics,South,5,40428.6,27256.75,13171.85,0.14
O001635,2025-09-08,C0182,P003,Keyboard,Electronics,East,5,71367.55,44916.13,26451.42,0.17
O001636,2025-03-29,C0019,P006,Monitor,Electronics,West,9,210946.59,159499.24,51447.35,0.21
O001637,2025-06-27,C0331,P003,Keyboard,Electronics,East,9,320377.05,243696.8,76680.25,0.05
O001638,2025-05-18,C0047,P004,Office Chair,Furniture,South,6,209997.12,150249.45,59747.67,0.24
O001639,2025-09-22,C0338,P005,Desk,Furniture,South,4,114762.0,94859.49,19902.51,0.07
O001640,2025-07-13,C0338,P008,Pen Set,Stationery,North,3,78593.55,52004.16,26589.39,0.15
O001641,2025-03-23,C0216,P006,Monitor,Electronics,West,2,75444.46,61887.64,13556.82,0.09
O001642,2025-07-03,C0157,P006,Monitor,Electronics,South,6,197084.58,119459.56,77625.02,0.23
O001643,2025-11-12,C0234,P008,Pen Set,Stationery,West,9,90396.0,61623.19,28772.81,0.19
O001644,2025-06-22,C0248,P007,Notebook,Stationery,West,8,121545.76,80458.97,41086.79,0.06
O001645,2025-09-17,C0056,P005,Desk,Furniture,West,1,12599.55,10334.9,2264.65,0.19
O001646,2025-09-20,C0086,P007,Notebook,Stationery,East,5,171207.0,95630.5,75576.5,0.1
O001647,2025-01-28,C0497,P004,Office Chair,Furniture,North,10,479888.1,359446.71,120441.39,0.03
O001648,2025-01-01,C0338,P005,Desk,Furniture,South,3,61094.94,36632.69,24462.25,0.11
O001649,2025-04-15,C0224,P004,Office Chair,Furniture,North,3,55045.44,33323.3,21722.14,0.08
O001650,2025-01-03,C0245,P004,Office Chair,Furniture,South,3,116288.34,91016.86,25271.48,0.14
O001651,2025-04-19,C0468,P006,Monitor,Electronics,West,2,53412.88,35691.24,17721.64,0.14
O001652,2025-07-18,C0066,P007,Notebook,Stationery,East,8,349552.16,288410.22,61141.94,0.06
O001653,2025-08-06,C0306,P003,Keyboard,Electronics,West,7,118138.02,94030.46,24107.56,0.22
O001654,2025-01-14,C0114,P002,Wireless Mouse,Electronics,South,6,160360.98,134874.44,25486.54,0.17
O001655,2025-11-09,C0307,P004,Office Chair,Furniture,West,6,132159.84,105327.62,26832.22,0.08
O001656,2025-06-04,C0223,P002,Wireless Mouse,Electronics,North,4,32556.48,18338.23,14218.25,0.12
O001657,2025-06-09,C0199,P006,Monitor,Electronics,West,7,289383.36,172248.0,117135.36,0.04
O001658,2025-09-22,C0428,P001,Laptop Pro,Electronics,North,5,133622.4,89455.5,44166.9,0.04
O001659,2025-07-27,C0412,P008,Pen Set,Stationery,North,2,38004.04,22058.36,15945.68,0.17
O001660,2025-08-21,C0006,P003,Keyboard,Electronics,West,6,44566.92,29645.79,14921.13,0.14
O001661,2025-11-21,C0060,P007,Notebook,Stationery,West,7,24291.68,15245.33,9046.35,0.08
O001662,2025-07-06,C0058,P006,Monitor,Electronics,South,8,344911.68,245062.25,99849.43,0.08
O001663,2025-03-18,C0004,P007,Notebook,Stationery,East,9,404846.1,304612.55,100233.55,0.1
O001664,2025-08-21,C0223,P005,Desk,Furniture,North,4,108620.8,83452.13,25168.67,0.2
O001665,2025-07-07,C0026,P008,Pen Set,Stationery,East,5,13633.35,9500.9,4132.45,0.03
O001666,2025-01-13,C0278,P005,Desk,Furniture,East,7,129650.15,101133.62,28516.53,0.17
O001667,2025-06-02,C0326,P003,Keyboard,Electronics,North,5,106146.0,72607.16,33538.84,0.1
O001668,2025-05-08,C0090,P002,Wireless Mouse,Electronics,North,6,286106.04,220760.59,65345.45,0.01
O001669,2025-05-21,C0177,P002,Wireless Mouse,Electronics,West,3,137750.4,96154.61,41595.79,0.04
O001670,2025-07-10,C0020,P004,Office Chair,Furniture,South,9,300326.94,172075.58,128251.36,0.11
O001671,2025-11-23,C0384,P002,Wireless Mouse,Electronics,East,7,177423.75,101775.49,75648.26,0.25
O001672,2025-12-01,C0381,P007,Notebook,Stationery,North,7,11078.9,8575.4,2503.5,0.05
O001673,2025-11-12,C0264,P007,Notebook,Stationery,South,2,21945.48,18620.2,3325.28,0.14
O001674,2025-08-12,C0141,P001,Laptop Pro,Electronics,South,6,199446.72,155212.57,44234.15,0.12
O001675,2025-04-03,C0348,P005,Desk,Furniture,East,9,393848.73,263721.58,130127.15,0.01
O001676,2025-12-03,C0067,P005,Desk,Furniture,East,1,25540.75,20039.66,5501.09,0.05
O001677,2025-02-19,C0114,P005,Desk,Furniture,South,8,252550.4,187002.71,65547.69,0.2
O001678,2025-12-31,C0312,P001,Laptop Pro,Electronics,West,6,86359.56,54954.85,31404.71,0.02
O001679,2025-10-13,C0007,P007,Notebook,Stationery,East,10,187007.0,129536.17,57470.83,0.14
O001680,2025-09-13,C0108,P006,Monitor,Electronics,South,6,108541.26,64639.97,43901.29,0.21
O001681,2025-02-10,C0324,P007,Notebook,Stationery,West,5,131699.7,106108.8,25590.9,0.01
O001682,2025-06-05,C0150,P006,Monitor,Electronics,East,2,22359.24,15849.96,6509.28,0.19
O001683,2025-11-16,C0181,P008,Pen Set,Stationery,West,8,16412.16,11906.71,4505.45,0.04
O001684,2025-09-09,C0121,P007,Notebook,Stationery,West,1,37575.92,26939.37,10636.55,0.24
O001685,2025-07-22,C0112,P003,Keyboard,Electronics,South,7,212736.16,124886.38,87849.78,0.24
O001686,2025-07-25,C0282,P002,Wireless Mouse,Electronics,West,10,183955.2,109956.51,73998.69,0.04
O001687,2025-07-05,C0323,P006,Monitor,Electronics,North,4,85023.4,53876.26,31147.14,0.23
O001688,2025-07-26,C0254,P006,Monitor,Electronics,West,9,276414.66,170694.28,105720.38,0.13
O001689,2025-05-28,C0002,P005,Desk,Furniture,East,8,64599.92,38972.36,25627.56,0.23
O001690,2025-12-01,C0215,P008,Pen Set,Stationery,West,3,103913.04,69102.8,34810.24,0.23
O001691,2025-11-09,C0318,P007,Notebook,Stationery,North,4,165955.68,102437.44,63518.24,0.01
O001692,2025-11-17,C0242,P007,Notebook,Stationery,North,1,18275.0,10963.86,7311.14,0.15
O001693,2025-07-19,C0283,P006,Monitor,Electronics,South,1,41556.5,32703.47,8853.03,0.15
O001694,2025-08-30,C0480,P003,Keyboard,Electronics,South,8,159972.16,99469.82,60502.34,0.18
O001695,2025-10-23,C0237,P006,Monitor,Electronics,West,3,57036.0,31898.35,25137.65,0.02
O001696,2025-08-25,C0257,P004,Office Chair,Furniture,North,10,219562.5,173240.54,46321.96,0.25
O001697,2025-01-04,C0384,P006,Monitor,Electronics,North,3,42892.08,35975.4,6916.68,0.12
O001698,2025-08-02,C0491,P007,Notebook,Stationery,East,9,217725.3,124345.03,93380.27,0.22
O001699,2025-08-13,C0247,P002,Wireless Mouse,Electronics,North,10,319552.5,244275.28,75277.22,0.25
O001700,2025-09-19,C0323,P005,Desk,Furniture,West,7,270589.41,178321.66,92267.75,0.19
O001701,2025-10-24,C0386,P007,Notebook,Stationery,North,2,13422.72,8439.53,4983.19,0.04
O001702,2025-05-05,C0408,P003,Keyboard,Electronics,West,6,137385.36,81412.51,55972.85,0.16
O001703,2025-08-23,C0461,P004,Office Chair,Furniture,West,5,30199.0,22894.31,7304.69,0.08
O001704,2025-08-19,C0359,P004,Office Chair,Furniture,East,5,105285.3,71952.14,33333.16,0.07
O001705,2025-05-28,C0014,P005,Desk,Furniture,South,10,20590.2,12238.96,8351.24,0.19
O001706,2025-03-23,C0291,P006,Monitor,Electronics,East,10,196562.2,126192.7,70369.5,0.18
O001707,2025-12-22,C0066,P008,Pen Set,Stationery,South,8,329763.12,254946.45,74816.67,0.07
O001708,2025-04-19,C0299,P005,Desk,Furniture,East,7,100324.56,56021.38,44303.18,0.16
O001709,2025-09-22,C0208,P003,Keyboard,Electronics,West,10,9306.0,7131.58,2174.42,0.06
O001710,2025-06-10,C0268,P003,Keyboard,Electronics,East,6,244195.2,196768.38,47426.82,0.04
O001711,2025-03-31,C0248,P007,Notebook,Stationery,West,8,327874.56,231994.55,95880.01,0.04
O001712,2025-03-18,C0143,P001,Laptop Pro,Electronics,North,2,42557.56,26042.2,16515.36,0.06
O001713,2025-01-07,C0431,P004,Office Chair,Furniture,South,6,175621.92,144679.23,30942.69,0.11
O001714,2025-06-18,C0260,P004,Office Chair,Furniture,North,6,259762.14,191683.84,68078.3,0.01
O001715,2025-02-10,C0497,P005,Desk,Furniture,North,9,250591.95,178250.75,72341.2,0.21
O001716,2025-04-04,C0354,P008,Pen Set,Stationery,South,10,324027.4,203107.38,120920.02,0.06
O001717,2025-10-10,C0143,P004,Office Chair,Furniture,North,8,93677.76,68641.56,25036.2,0.01
O001718,2025-04-27,C0125,P004,Office Chair,Furniture,West,2,15461.64,8786.22,6675.42,0.13
O001719,2025-11-21,C0038,P008,Pen Set,Stationery,South,2,55205.28,31208.92,23996.36,0.22
O001720,2025-10-05,C0302,P008,Pen Set,Stationery,South,2,57153.6,34819.05,22334.55,0.02
O001721,2025-02-27,C0369,P008,Pen Set,Stationery,West,5,187555.0,127336.1,60218.9,0.0
O001722,2025-01-01,C0129,P004,Office Chair,Furniture,West,10,355385.0,244105.54,111279.46,0.15
O001723,2025-09-21,C0146,P005,Desk,Furniture,East,8,319188.48,224130.29,95058.19,0.04
O001724,2025-09-15,C0159,P005,Desk,Furniture,West,9,135290.61,101921.56,33369.05,0.09
O001725,2025-09-18,C0241,P002,Wireless Mouse,Electronics,West,3,96462.0,78906.9,17555.1,0.0
O001726,2025-02-18,C0474,P003,Keyboard,Electronics,West,3,10925.28,8214.64,2710.64,0.19
O001727,2025-04-29,C0110,P006,Monitor,Electronics,East,9,104053.5,60622.97,43430.53,0.05
O001728,2025-11-09,C0108,P005,Desk,Furniture,South,6,184588.8,139442.79,45146.01,0.12
O001729,2025-03-22,C0313,P006,Monitor,Electronics,South,3,31045.68,24393.94,6651.74,0.19
O001730,2025-05-18,C0118,P006,Monitor,Electronics,East,9,236242.44,185834.11,50408.33,0.16
O001731,2025-07-01,C0425,P008,Pen Set,Stationery,East,5,117600.0,76453.72,41146.28,0.04
O001732,2025-01-03,C0391,P008,Pen Set,Stationery,West,5,120709.6,94009.67,26699.93,0.14
O001733,2025-08-22,C0393,P001,Laptop Pro,Electronics,East,7,137439.12,81361.08,56078.04,0.16
O001734,2025-07-11,C0013,P001,Laptop Pro,Electronics,East,4,46051.72,28864.24,17187.48,0.17
O001735,2025-04-21,C0317,P007,Notebook,Stationery,West,7,129694.88,100086.2,29608.68,0.14
O001736,2025-09-03,C0483,P005,Desk,Furniture,West,2,9544.76,6181.62,3363.14,0.06
O001737,2025-05-08,C0144,P001,Laptop Pro,Electronics,West,7,240863.0,183524.74,57338.26,0.24
O001738,2025-07-09,C0225,P001,Laptop Pro,Electronics,East,2,6513.36,4121.74,2391.62,0.16
O001739,2025-07-31,C0423,P002,Wireless Mouse,Electronics,South,8,56160.0,32134.56,24025.44,0.22
O001740,2025-08-13,C0126,P003,Keyboard,Electronics,East,10,170151.0,122262.16,47888.84,0.14
O001741,2025-03-13,C0396,P005,Desk,Furniture,North,9,252007.2,190736.95,61270.25,0.2
O001742,2025-06-14,C0240,P006,Monitor,Electronics,South,6,142971.48,87847.95,55123.53,0.19
O001743,2025-05-13,C0131,P008,Pen Set,Stationery,North,6,125536.8,105630.63,19906.17,0.05
O001744,2025-09-07,C0409,P003,Keyboard,Electronics,North,2,76120.2,50916.22,25203.98,0.1
O001745,2025-01-17,C0492,P001,Laptop Pro,Electronics,East,9,222084.0,151275.2,70808.8,0.0
O001746,2025-02-08,C0290,P008,Pen Set,Stationery,North,5,174206.6,99320.9,74885.7,0.08
O001747,2025-02-14,C0294,P002,Wireless Mouse,Electronics,West,9,76096.8,61173.44,14923.36,0.2
O001748,2025-08-20,C0456,P004,Office Chair,Furniture,South,2,80140.94,50733.98,29406.96,0.11
O001749,2025-09-28,C0400,P006,Monitor,Electronics,West,2,20338.08,13259.27,7078.81,0.16
O001750,2025-07-19,C0010,P001,Laptop Pro,Electronics,North,7,246507.66,181702.5,64805.16,0.07
O001751,2025-10-27,C0346,P004,Office Chair,Furniture,East,6,162391.68,130996.88,31394.8,0.04
O001752,2025-10-23,C0079,P008,Pen Set,Stationery,South,4,116565.68,95347.59,21218.09,0.23
O001753,2025-11-05,C0484,P003,Keyboard,Electronics,North,4,77580.8,43279.8,34301.0,0.05
O001754,2025-06-11,C0476,P003,Keyboard,Electronics,South,9,157593.6,102158.21,55435.39,0.24
O001755,2025-04-30,C0480,P004,Office Chair,Furniture,South,4,76999.68,65241.91,11757.77,0.04
O001756,2025-03-05,C0428,P006,Monitor,Electronics,West,1,7174.44,5978.58,1195.86,0.22
O001757,2025-01-26,C0229,P001,Laptop Pro,Electronics,West,8,309395.6,189528.1,119867.5,0.21
O001758,2025-03-05,C0048,P007,Notebook,Stationery,South,4,44310.24,32216.43,12093.81,0.19
O001759,2025-11-06,C0184,P002,Wireless Mouse,Electronics,East,3,141884.4,118077.44,23806.96,0.05
O001760,2025-07-04,C0245,P007,Notebook,Stationery,East,4,41952.0,33139.45,8812.55,0.25
O001761,2025-07-24,C0493,P002,Wireless Mouse,Electronics,North,8,10064.0,7960.86,2103.14,0.0
O001762,2025-11-30,C0154,P006,Monitor,Electronics,South,6,97236.36,66144.52,31091.84,0.21
O001763,2025-11-28,C0460,P002,Wireless Mouse,Electronics,East,7,217637.0,182656.28,34980.72,0.0
O001764,2025-09-23,C0080,P001,Laptop Pro,Electronics,South,3,47571.84,26296.87,21274.97,0.04
O001765,2025-12-05,C0151,P008,Pen Set,Stationery,East,1,3577.65,2192.91,1384.74,0.15
O001766,2025-03-19,C0380,P007,Notebook,Stationery,South,3,79704.0,66225.06,13478.94,0.04
O001767,2025-07-26,C0321,P006,Monitor,Electronics,East,2,21465.18,13120.01,8345.17,0.01
O001768,2025-01-15,C0456,P005,Desk,Furniture,West,10,210285.9,117286.75,92999.15,0.01
O001769,2025-11-03,C0370,P001,Laptop Pro,Electronics,South,3,79940.52,53009.44,26931.08,0.01
O001770,2025-08-03,C0034,P003,Keyboard,Electronics,North,2,2145.78,1323.54,822.24,0.09
O001771,2025-03-10,C0439,P008,Pen Set,Stationery,North,8,173180.64,123134.58,50046.06,0.21
O001772,2025-06-15,C0337,P005,Desk,Furniture,East,8,193240.32,121172.98,72067.34,0.22
O001773,2025-04-11,C0065,P002,Wireless Mouse,Electronics,South,8,210574.08,169636.49,40937.59,0.19
O001774,2025-07-26,C0145,P003,Keyboard,Electronics,North,3,37752.12,29180.71,8571.41,0.16
O001775,2025-06-18,C0364,P004,Office Chair,Furniture,West,4,63182.6,47248.63,15933.97,0.05
O001776,2025-10-24,C0378,P005,Desk,Furniture,North,3,57917.64,43343.28,14574.36,0.11
O001777,2025-11-21,C0018,P007,Notebook,Stationery,South,1,10008.44,5547.64,4460.8,0.24
O001778,2025-06-26,C0097,P003,Keyboard,Electronics,West,7,149359.0,103689.93,45669.07,0.0
O001779,2025-03-02,C0382,P008,Pen Set,Stationery,East,4,100464.0,71707.57,28756.43,0.16
O001780,2025-09-07,C0396,P006,Monitor,Electronics,West,6,69992.4,55440.74,14551.66,0.06
O001781,2025-08-07,C0329,P002,Wireless Mouse,Electronics,North,6,190930.86,149801.73,41129.13,0.07
O001782,2025-03-03,C0282,P003,Keyboard,Electronics,East,2,22927.68,18319.75,4607.93,0.24
O001783,2025-02-12,C0495,P003,Keyboard,Electronics,South,6,108514.14,77694.99,30819.15,0.11
O001784,2025-01-09,C0102,P007,Notebook,Stationery,East,9,112069.44,84519.67,27549.77,0.04
O001785,2025-07-05,C0277,P003,Keyboard,Electronics,South,10,304239.0,240372.54,63866.46,0.13
O001786,2025-11-21,C0440,P003,Keyboard,Electronics,South,6,61709.46,37006.59,24702.87,0.03
O001787,2025-01-26,C0492,P003,Keyboard,Electronics,West,9,321641.55,196413.25,125228.3,0.11
O001788,2025-08-28,C0165,P005,Desk,Furniture,South,7,182970.76,149692.65,33278.11,0.24
O001789,2025-06-09,C0107,P005,Desk,Furniture,North,1,4799.64,3440.03,1359.61,0.06
O001790,2025-05-05,C0201,P001,Laptop Pro,Electronics,South,7,63127.68,50295.87,12831.81,0.04
O001791,2025-02-06,C0116,P007,Notebook,Stationery,East,7,259077.35,207339.27,51738.08,0.05
O001792,2025-12-11,C0078,P003,Keyboard,Electronics,South,7,47590.34,34540.07,13050.27,0.18
O001793,2025-11-23,C0061,P008,Pen Set,Stationery,East,3,123471.45,80039.24,43432.21,0.07
O001794,2025-03-05,C0278,P002,Wireless Mouse,Electronics,West,10,292095.6,199057.78,93037.82,0.06
O001795,2025-05-20,C0487,P003,Keyboard,Electronics,North,2,76430.2,49864.07,26566.13,0.23
O001796,2025-03-28,C0449,P007,Notebook,Stationery,West,5,31894.8,21617.44,10277.36,0.16
O001797,2025-11-05,C0492,P005,Desk,Furniture,East,4,133720.32,113566.21,20154.11,0.03
O001798,2025-11-23,C0054,P004,Office Chair,Furniture,East,8,280768.32,189940.4,90827.92,0.24
O001799,2025-05-09,C0183,P005,Desk,Furniture,North,5,183396.0,123956.18,59439.82,0.13
O001800,2025-09-11,C0114,P001,Laptop Pro,Electronics,West,2,75092.8,46769.54,28323.26,0.2
O001801,2025-10-17,C0193,P005,Desk,Furniture,West,2,82075.84,60078.87,21996.97,0.12
O001802,2025-02-20,C0295,P001,Laptop Pro,Electronics,North,10,61744.0,48659.21,13084.79,0.15
O001803,2025-11-06,C0216,P002,Wireless Mouse,Electronics,West,4,81049.2,61823.65,19225.55,0.15
O001804,2025-10-21,C0443,P001,Laptop Pro,Electronics,North,6,204513.6,164770.45,39743.15,0.2
O001805,2025-04-03,C0013,P007,Notebook,Stationery,East,7,237418.72,145967.84,91450.88,0.23
O001806,2025-05-10,C0184,P002,Wireless Mouse,Electronics,East,5,108840.0,83667.18,25172.82,0.2
O001807,2025-08-23,C0358,P006,Monitor,Electronics,East,4,65251.24,36823.87,28427.37,0.11
O001808,2025-06-14,C0380,P003,Keyboard,Electronics,West,4,119232.0,85153.5,34078.5,0.19
O001809,2025-11-12,C0276,P006,Monitor,Electronics,South,3,78108.09,50780.33,27327.76,0.21
O001810,2025-07-27,C0161,P006,Monitor,Electronics,West,5,26326.3,15193.69,11132.61,0.23
O001811,2025-06-29,C0173,P003,Keyboard,Electronics,West,7,87546.48,66729.58,20816.9,0.07
O001812,2025-10-25,C0159,P006,Monitor,Electronics,East,3,31036.2,18107.89,12928.31,0.08
O001813,2025-02-16,C0365,P003,Keyboard,Electronics,West,7,236652.92,144260.28,92392.64,0.17
O001814,2025-03-10,C0472,P005,Desk,Furniture,West,3,128626.68,84397.1,44229.58,0.09
O001815,2025-04-26,C0227,P002,Wireless Mouse,Electronics,North,5,173724.3,99833.01,73891.29,0.14
O001816,2025-09-11,C0115,P004,Office Chair,Furniture,South,9,77374.26,48911.09,28463.17,0.17
O001817,2025-01-07,C0152,P004,Office Chair,Furniture,South,4,97638.24,60027.06,37611.18,0.16
O001818,2025-10-10,C0291,P001,Laptop Pro,Electronics,South,10,251780.9,169790.4,81990.5,0.21
O001819,2025-07-18,C0383,P007,Notebook,Stationery,East,3,87171.75,64348.14,22823.61,0.15
O001820,2025-05-01,C0164,P006,Monitor,Electronics,East,5,129520.3,106208.7,23311.6,0.09
O001821,2025-05-07,C0408,P002,Wireless Mouse,Electronics,South,3,50433.6,42660.61,7772.99,0.21
O001822,2025-11-06,C0117,P002,Wireless Mouse,Electronics,East,9,369246.24,237811.36,131434.88,0.12
O001823,2025-11-13,C0225,P004,Office Chair,Furniture,West,8,122718.56,69453.85,53264.71,0.14
O001824,2025-11-29,C0030,P007,Notebook,Stationery,East,2,22629.42,15490.75,7138.67,0.01
O001825,2025-05-22,C0292,P008,Pen Set,Stationery,East,3,10903.71,6211.01,4692.7,0.17
O001826,2025-03-10,C0203,P001,Laptop Pro,Electronics,South,10,288048.5,224478.95,63569.55,0.11
O001827,2025-04-30,C0292,P008,Pen Set,Stationery,West,5,147258.6,94451.42,52807.18,0.17
O001828,2025-11-09,C0028,P003,Keyboard,Electronics,East,9,343110.15,277514.43,65595.72,0.15
O001829,2025-03-24,C0376,P002,Wireless Mouse,Electronics,South,2,79240.84,53417.31,25823.53,0.02
O001830,2025-01-16,C0333,P004,Office Chair,Furniture,West,10,374475.0,299850.3,74624.7,0.25
O001831,2025-12-25,C0486,P002,Wireless Mouse,Electronics,West,6,35509.32,23829.12,11680.2,0.02
O001832,2025-04-04,C0050,P007,Notebook,Stationery,East,7,282374.4,227079.75,55294.65,0.12
O001833,2025-02-16,C0095,P006,Monitor,Electronics,East,3,124291.17,77757.08,46534.09,0.11
O001834,2025-02-11,C0174,P007,Notebook,Stationery,West,4,54792.92,40775.11,14017.81,0.09
O001835,2025-10-13,C0031,P002,Wireless Mouse,Electronics,East,9,152298.63,111459.42,40839.21,0.01
O001836,2025-01-03,C0168,P002,Wireless Mouse,Electronics,West,3,713.64,505.78,207.86,0.24
O001837,2025-03-30,C0097,P005,Desk,Furniture,West,1,32188.94,26002.47,6186.47,0.14
O001838,2025-12-16,C0468,P003,Keyboard,Electronics,South,9,99255.24,57477.69,41777.55,0.24
O001839,2025-04-01,C0260,P006,Monitor,Electronics,South,10,92001.0,70096.51,21904.49,0.22
O001840,2025-03-03,C0414,P008,Pen Set,Stationery,East,1,40558.32,28848.2,11710.12,0.01
O001841,2025-03-27,C0461,P005,Desk,Furniture,North,2,38304.5,27848.59,10455.91,0.17
O001842,2025-06-22,C0481,P008,Pen Set,Stationery,West,4,152643.84,112034.09,40609.75,0.04
O001843,2025-05-07,C0188,P007,Notebook,Stationery,South,8,51971.28,29604.87,22366.41,0.17
O001844,2025-01-31,C0470,P004,Office Chair,Furniture,West,8,80275.2,45152.96,35122.24,0.2
O001845,2025-09-27,C0289,P002,Wireless Mouse,Electronics,West,9,46015.2,29733.45,16281.75,0.17
O001846,2025-05-30,C0484,P004,Office Chair,Furniture,West,5,102781.2,80072.39,22708.81,0.03
O001847,2025-02-23,C0165,P007,Notebook,Stationery,West,7,170889.46,95211.1,75678.36,0.02
O001848,2025-12-17,C0358,P007,Notebook,Stationery,North,5,123041.25,96122.56,26918.69,0.25
O001849,2025-10-20,C0278,P001,Laptop Pro,Electronics,South,4,22241.92,16152.99,6088.93,0.08
O001850,2025-07-17,C0097,P006,Monitor,Electronics,East,1,34862.85,29285.86,5576.99,0.01
O001851,2025-09-18,C0190,P001,Laptop Pro,Electronics,North,7,295974.0,238189.88,57784.12,0.13
O001852,2025-12-31,C0164,P004,Office Chair,Furniture,North,2,45850.8,37492.51,8358.29,0.24
O001853,2025-01-24,C0473,P004,Office Chair,Furniture,West,8,94586.24,69417.33,25168.91,0.14
O001854,2025-06-19,C0091,P004,Office Chair,Furniture,West,2,38468.0,23931.57,14536.43,0.0
O001855,2025-05-07,C0319,P004,Office Chair,Furniture,East,6,157659.48,93413.37,64246.11,0.01
O001856,2025-04-15,C0482,P007,Notebook,Stationery,East,10,364579.8,269007.8,95572.0,0.22
O001857,2025-04-08,C0419,P007,Notebook,Stationery,West,1,21689.45,14383.13,7306.32,0.21
O001858,2025-12-23,C0393,P005,Desk,Furniture,West,10,7417.2,4959.44,2457.76,0.16
O001859,2025-09-08,C0035,P003,Keyboard,Electronics,South,4,16198.56,9469.41,6729.15,0.16
O001860,2025-12-22,C0204,P006,Monitor,Electronics,East,3,137339.64,103591.4,33748.24,0.06
O001861,2025-07-22,C0422,P005,Desk,Furniture,South,5,174663.3,135939.89,38723.41,0.07
O001862,2025-01-19,C0241,P002,Wireless Mouse,Electronics,West,9,280730.7,198046.43,82684.27,0.05
O001863,2025-02-12,C0391,P002,Wireless Mouse,Electronics,North,2,30064.32,20035.44,10028.88,0.01
O001864,2025-08-15,C0306,P004,Office Chair,Furniture,North,7,258144.25,199159.3,58984.95,0.09
O001865,2025-03-20,C0175,P004,Office Chair,Furniture,East,4,175561.76,126516.9,49044.86,0.08
O001866,2025-07-20,C0195,P003,Keyboard,Electronics,South,6,173730.3,129123.4,44606.9,0.05
O001867,2025-06-21,C0337,P005,Desk,Furniture,West,9,36978.66,27296.32,9682.34,0.06
O001868,2025-05-28,C0286,P001,Laptop Pro,Electronics,South,8,30001.04,21915.7,8085.34,0.21
O001869,2025-07-29,C0266,P003,Keyboard,Electronics,North,9,187208.01,141422.33,45785.68,0.01
O001870,2025-12-17,C0120,P003,Keyboard,Electronics,North,6,145363.68,119264.49,26099.19,0.01
O001871,2025-10-18,C0062,P007,Notebook,Stationery,South,1,36706.23,24455.83,12250.4,0.01
O001872,2025-09-01,C0480,P001,Laptop Pro,Electronics,West,10,352359.0,262387.23,89971.77,0.02
O001873,2025-12-16,C0252,P005,Desk,Furniture,East,10,227368.3,176078.75,51289.55,0.11
O001874,2025-10-02,C0451,P006,Monitor,Electronics,East,8,194656.0,116003.56,78652.44,0.23
O001875,2025-07-18,C0132,P004,Office Chair,Furniture,South,3,47877.48,28836.89,19040.59,0.16
O001876,2025-08-24,C0211,P006,Monitor,Electronics,South,1,22795.2,13522.0,9273.2,0.2
O001877,2025-08-04,C0453,P007,Notebook,Stationery,West,3,112634.34,93775.33,18859.01,0.09
O001878,2025-06-22,C0167,P008,Pen Set,Stationery,West,8,178083.2,122709.15,55374.05,0.24
O001879,2025-10-19,C0100,P003,Keyboard,Electronics,East,9,115851.24,88484.51,27366.73,0.06
O001880,2025-07-21,C0073,P008,Pen Set,Stationery,West,9,220736.88,141728.46,79008.42,0.09
O001881,2025-11-16,C0212,P002,Wireless Mouse,Electronics,North,9,343989.45,282553.9,61435.55,0.11
O001882,2025-07-16,C0480,P004,Office Chair,Furniture,West,4,76815.2,45859.89,30955.31,0.14
O001883,2025-12-08,C0089,P003,Keyboard,Electronics,East,8,11699.68,7789.54,3910.14,0.17
O001884,2025-07-30,C0163,P003,Keyboard,Electronics,West,7,212167.2,129282.58,82884.62,0.2
O001885,2025-11-10,C0272,P004,Office Chair,Furniture,North,3,88582.2,73514.91,15067.29,0.08
O001886,2025-01-28,C0170,P002,Wireless Mouse,Electronics,North,2,11521.62,9517.45,2004.17,0.01
O001887,2025-06-07,C0431,P006,Monitor,Electronics,North,6,65629.44,54957.24,10672.2,0.19
O001888,2025-09-01,C0174,P006,Monitor,Electronics,South,10,177446.0,141686.43,35759.57,0.15
O001889,2025-03-19,C0084,P005,Desk,Furniture,West,5,27404.0,16386.05,11017.95,0.2
O001890,2025-11-18,C0241,P002,Wireless Mouse,Electronics,East,9,329832.0,236984.04,92847.96,0.1
O001891,2025-02-19,C0387,P004,Office Chair,Furniture,North,2,66434.64,54659.46,11775.18,0.24
O001892,2025-01-11,C0301,P003,Keyboard,Electronics,East,7,198654.82,119418.84,79235.98,0.09
O001893,2025-09-09,C0485,P008,Pen Set,Stationery,East,10,357960.0,292881.59,65078.41,0.05
O001894,2025-06-03,C0347,P006,Monitor,Electronics,West,2,47914.16,28292.5,19621.66,0.02
O001895,2025-05-30,C0365,P003,Keyboard,Electronics,North,2,83670.3,61938.35,21731.95,0.05
O001896,2025-08-02,C0087,P006,Monitor,Electronics,East,10,326230.0,266632.45,59597.55,0.0
O001897,2025-01-13,C0251,P005,Desk,Furniture,East,4,125910.84,88909.36,37001.48,0.07
O001898,2025-08-18,C0222,P003,Keyboard,Electronics,East,1,40193.46,25803.83,14389.63,0.06
O001899,2025-12-04,C0042,P001,Laptop Pro,Electronics,East,5,185066.25,138245.97,46820.28,0.25
O001900,2025-06-04,C0195,P001,Laptop Pro,Electronics,South,3,123315.0,89045.24,34269.76,0.0
O001901,2025-12-23,C0193,P008,Pen Set,Stationery,East,7,177775.29,133610.78,44164.51,0.01
O001902,2025-06-27,C0369,P006,Monitor,Electronics,East,9,226962.0,148124.16,78837.84,0.1
O001903,2025-12-10,C0044,P004,Office Chair,Furniture,East,8,138808.08,114378.86,24429.22,0.07
O001904,2025-02-08,C0091,P002,Wireless Mouse,Electronics,East,1,6898.4,4015.66,2882.74,0.2
O001905,2025-02-08,C0005,P002,Wireless Mouse,Electronics,North,3,90432.0,70868.21,19563.79,0.2
O001906,2025-08-24,C0324,P006,Monitor,Electronics,East,10,46195.2,34084.57,12110.63,0.04
O001907,2025-02-11,C0096,P002,Wireless Mouse,Electronics,North,10,81110.7,47986.26,33124.44,0.01
O001908,2025-01-26,C0368,P002,Wireless Mouse,Electronics,North,1,22860.0,14171.43,8688.57,0.2
O001909,2025-04-12,C0363,P007,Notebook,Stationery,West,6,215006.58,148959.4,66047.18,0.13
O001910,2025-02-01,C0227,P003,Keyboard,Electronics,South,8,125151.68,91053.31,34098.37,0.18
O001911,2025-10-05,C0295,P001,Laptop Pro,Electronics,South,2,17820.48,11208.7,6611.78,0.24
O001912,2025-04-27,C0084,P002,Wireless Mouse,Electronics,West,2,23812.7,15393.04,8419.66,0.05
O001913,2025-08-07,C0129,P005,Desk,Furniture,East,10,236805.3,150518.4,86286.9,0.13
O001914,2025-05-09,C0145,P004,Office Chair,Furniture,South,9,4966.92,4174.41,792.51,0.16
O001915,2025-01-31,C0318,P002,Wireless Mouse,Electronics,West,1,3796.32,3116.05,680.27,0.12
O001916,2025-06-13,C0302,P002,Wireless Mouse,Electronics,East,8,5994.88,4510.25,1484.63,0.24
O001917,2025-07-03,C0381,P002,Wireless Mouse,Electronics,West,10,142671.8,92125.92,50545.88,0.18
O001918,2025-04-08,C0117,P006,Monitor,Electronics,South,8,128796.48,82950.39,45846.09,0.19
O001919,2025-07-26,C0238,P001,Laptop Pro,Electronics,West,6,142834.56,98340.46,44494.1,0.12
O001920,2025-01-13,C0448,P008,Pen Set,Stationery,South,3,23397.06,15574.7,7822.36,0.18
O001921,2025-08-11,C0406,P006,Monitor,Electronics,South,7,279760.32,184561.52,95198.8,0.04
O001922,2025-08-30,C0077,P003,Keyboard,Electronics,East,10,116394.0,64588.99,51805.01,0.05
O001923,2025-10-09,C0143,P006,Monitor,Electronics,South,4,5702.4,3407.15,2295.25,0.12
O001924,2025-03-23,C0250,P004,Office Chair,Furniture,North,8,262190.08,178251.73,83938.35,0.18
O001925,2025-11-08,C0149,P006,Monitor,Electronics,South,2,6967.68,5308.03,1659.65,0.24
O001926,2025-01-07,C0490,P004,Office Chair,Furniture,East,9,234640.8,158359.93,76280.87,0.2
O001927,2025-11-10,C0063,P003,Keyboard,Electronics,South,6,229173.84,168567.46,60606.38,0.08
O001928,2025-03-07,C0190,P005,Desk,Furniture,West,6,260425.62,197026.14,63399.48,0.09
O001929,2025-06-17,C0353,P002,Wireless Mouse,Electronics,South,1,26844.09,16746.23,10097.86,0.09
O001930,2025-06-19,C0358,P006,Monitor,Electronics,South,8,127857.92,92462.49,35395.43,0.14
O001931,2025-12-29,C0304,P003,Keyboard,Electronics,South,6,214981.08,177018.49,37962.59,0.14
O001932,2025-09-19,C0451,P004,Office Chair,Furniture,North,8,261296.64,145233.69,116062.95,0.12
O001933,2025-08-25,C0309,P007,Notebook,Stationery,East,3,113347.68,80337.51,33010.17,0.08
O001934,2025-05-22,C0365,P002,Wireless Mouse,Electronics,South,8,166736.88,131286.03,35450.85,0.19
O001935,2025-06-17,C0183,P006,Monitor,Electronics,West,1,29372.18,21733.09,7639.09,0.06
O001936,2025-10-02,C0103,P003,Keyboard,Electronics,South,5,93161.2,60019.15,33142.05,0.12
O001937,2025-09-26,C0410,P002,Wireless Mouse,Electronics,East,5,236498.5,192848.33,43650.17,0.02
O001938,2025-06-02,C0134,P004,Office Chair,Furniture,South,7,160266.54,129144.43,31122.11,0.18
O001939,2025-08-04,C0041,P003,Keyboard,Electronics,East,5,9187.2,6827.89,2359.31,0.01
O001940,2025-11-01,C0228,P008,Pen Set,Stationery,East,3,74271.96,53221.75,21050.21,0.16
O001941,2025-08-21,C0146,P002,Wireless Mouse,Electronics,South,5,139872.0,106566.94,33305.06,0.07
O001942,2025-10-10,C0245,P003,Keyboard,Electronics,East,6,7630.02,6182.77,1447.25,0.03
O001943,2025-08-11,C0331,P003,Keyboard,Electronics,East,6,258902.28,144374.16,114528.12,0.09
O001944,2025-11-26,C0145,P007,Notebook,Stationery,East,3,55090.2,42868.96,12221.24,0.15
O001945,2025-09-12,C0033,P001,Laptop Pro,Electronics,North,9,28486.8,21766.74,6720.06,0.18
O001946,2025-05-01,C0048,P003,Keyboard,Electronics,East,3,18011.61,14986.32,3025.29,0.13
O001947,2025-09-10,C0206,P006,Monitor,Electronics,North,6,29797.2,23100.43,6696.77,0.1
O001948,2025-04-17,C0230,P007,Notebook,Stationery,South,7,307238.4,244824.08,62414.32,0.04
O001949,2025-10-13,C0013,P002,Wireless Mouse,Electronics,North,5,70979.4,52768.04,18211.36,0.06
O001950,2025-03-20,C0489,P004,Office Chair,Furniture,South,8,23585.76,18339.3,5246.46,0.01
O001951,2025-01-10,C0262,P006,Monitor,Electronics,East,6,124396.56,93431.63,30964.93,0.19
O001952,2025-02-04,C0021,P008,Pen Set,Stationery,South,1,36149.7,24382.31,11767.39,0.18
O001953,2025-12-26,C0042,P001,Laptop Pro,Electronics,East,4,51816.0,28609.98,23206.02,0.15
O001954,2025-11-18,C0382,P003,Keyboard,Electronics,East,7,95047.68,52485.8,42561.88,0.04
O001955,2025-04-14,C0387,P005,Desk,Furniture,East,9,193635.9,115786.33,77849.57,0.13
O001956,2025-11-30,C0147,P006,Monitor,Electronics,West,4,67498.08,45074.52,22423.56,0.22
O001957,2025-07-27,C0105,P001,Laptop Pro,Electronics,South,8,241631.36,181598.99,60032.37,0.24
O001958,2025-04-16,C0103,P002,Wireless Mouse,Electronics,East,1,20473.6,15822.9,4650.7,0.2
O001959,2025-11-17,C0118,P004,Office Chair,Furniture,East,10,182737.1,103485.9,79251.2,0.09
O001960,2025-04-03,C0441,P004,Office Chair,Furniture,East,9,14572.8,8961.21,5611.59,0.08
O001961,2025-07-20,C0309,P004,Office Chair,Furniture,South,8,341150.4,221136.29,120014.11,0.1
O001962,2025-12-08,C0439,P008,Pen Set,Stationery,South,8,251287.2,198140.2,53147.0,0.15
O001963,2025-11-14,C0026,P002,Wireless Mouse,Electronics,North,10,56386.2,45436.25,10949.95,0.22
O001964,2025-03-23,C0050,P005,Desk,Furniture,North,1,17876.54,13740.35,4136.19,0.11
O001965,2025-07-10,C0039,P006,Monitor,Electronics,East,4,161579.8,109381.4,52198.4,0.05
O001966,2025-06-04,C0073,P007,Notebook,Stationery,East,1,15952.14,13073.68,2878.46,0.19
O001967,2025-12-16,C0406,P008,Pen Set,Stationery,North,4,24901.8,19256.02,5645.78,0.23
O001968,2025-08-22,C0446,P008,Pen Set,Stationery,East,3,3317.4,2545.91,771.49,0.03
O001969,2025-12-21,C0079,P005,Desk,Furniture,South,1,39786.18,22637.75,17148.43,0.14
O001970,2025-08-10,C0426,P002,Wireless Mouse,Electronics,West,7,284318.58,159544.9,124773.68,0.09
O001971,2025-02-02,C0492,P007,Notebook,Stationery,East,3,2758.02,1553.34,1204.68,0.14
O001972,2025-05-20,C0494,P005,Desk,Furniture,South,8,86297.6,48095.71,38201.89,0.2
O001973,2025-10-16,C0428,P004,Office Chair,Furniture,West,8,1962.0,1105.07,856.93,0.25
O001974,2025-07-06,C0046,P008,Pen Set,Stationery,East,4,148820.2,83962.62,64857.58,0.21
O001975,2025-07-10,C0372,P008,Pen Set,Stationery,South,8,275635.2,206059.47,69575.73,0.04
O001976,2025-08-28,C0178,P006,Monitor,Electronics,East,6,154788.48,103790.9,50997.58,0.04
O001977,2025-08-10,C0045,P003,Keyboard,Electronics,East,8,306043.04,201406.51,104636.53,0.14
O001978,2025-10-04,C0442,P003,Keyboard,Electronics,South,6,119473.2,81866.7,37606.5,0.16
O001979,2025-03-16,C0307,P001,Laptop Pro,Electronics,East,6,154234.08,130299.15,23934.93,0.23
O001980,2025-12-21,C0203,P003,Keyboard,Electronics,North,10,71006.8,55930.87,15075.93,0.24
O001981,2025-10-22,C0003,P007,Notebook,Stationery,East,2,56859.76,40135.64,16724.12,0.14
O001982,2025-03-01,C0167,P003,Keyboard,Electronics,East,4,147688.56,96066.97,51621.59,0.18
O001983,2025-06-29,C0384,P007,Notebook,Stationery,West,9,311400.0,191735.65,119664.35,0.2
O001984,2025-12-22,C0459,P002,Wireless Mouse,Electronics,South,4,141701.28,84554.62,57146.66,0.16
O001985,2025-12-22,C0487,P001,Laptop Pro,Electronics,East,9,57530.88,47448.77,10082.11,0.12
O001986,2025-02-19,C0488,P004,Office Chair,Furniture,South,7,110865.44,79001.61,31863.83,0.21
O001987,2025-12-15,C0037,P001,Laptop Pro,Electronics,North,1,2081.34,1274.04,807.3,0.07
O001988,2025-07-26,C0006,P005,Desk,Furniture,East,8,56924.4,37413.81,19510.59,0.11
O001989,2025-10-29,C0471,P006,Monitor,Electronics,West,7,164720.5,111772.28,52948.22,0.05
O001990,2025-05-11,C0359,P001,Laptop Pro,Electronics,West,8,15945.6,10451.53,5494.07,0.12
O001991,2025-06-29,C0486,P007,Notebook,Stationery,West,9,53042.22,38515.94,14526.28,0.11
O001992,2025-02-14,C0244,P001,Laptop Pro,Electronics,East,7,14544.88,11311.77,3233.11,0.24
O001993,2025-02-18,C0233,P002,Wireless Mouse,Electronics,West,2,26700.84,20417.67,6283.17,0.18
O001994,2025-06-08,C0283,P006,Monitor,Electronics,West,4,119274.0,66829.54,52444.46,0.25
O001995,2025-10-31,C0442,P004,Office Chair,Furniture,North,10,265668.2,200618.58,65049.62,0.02
O001996,2025-10-17,C0199,P008,Pen Set,Stationery,North,2,62895.7,39776.65,23119.05,0.05
O001997,2025-08-20,C0151,P005,Desk,Furniture,South,10,65661.3,45787.57,19873.73,0.17
O001998,2025-03-21,C0496,P001,Laptop Pro,Electronics,North,5,182137.0,106168.09,75968.91,0.08
O001999,2025-12-01,C0464,P004,Office Chair,Furniture,South,8,241136.32,160642.87,80493.45,0.06
O002000,2025-12-16,C0299,P007,Notebook,Stationery,West,1,19009.5,12394.6,6614.9,0.05
O002001,2025-03-26,C0072,P004,Office Chair,Furniture,South,8,280446.08,164012.4,116433.68,0.24
O002002,2025-01-11,C0363,P001,Laptop Pro,Electronics,East,8,238165.2,180928.47,57236.73,0.09
O002003,2025-12-26,C0217,P002,Wireless Mouse,Electronics,North,7,216500.13,147412.2,69087.93,0.01
O002004,2025-09-01,C0206,P002,Wireless Mouse,Electronics,South,2,27176.76,20366.55,6810.21,0.22
O002005,2025-12-07,C0101,P003,Keyboard,Electronics,West,2,3417.6,2464.52,953.08,0.04
O002006,2025-12-03,C0095,P006,Monitor,Electronics,West,9,138093.12,116172.16,21920.96,0.12
O002007,2025-03-10,C0383,P002,Wireless Mouse,Electronics,West,9,23730.3,14100.93,9629.37,0.06
O002008,2025-09-26,C0341,P001,Laptop Pro,Electronics,East,6,21563.82,11938.8,9625.02,0.13
O002009,2025-09-03,C0411,P001,Laptop Pro,Electronics,South,5,42237.2,26318.12,15919.08,0.08
O002010,2025-07-18,C0284,P004,Office Chair,Furniture,North,8,222069.76,128736.97,93332.79,0.12
O002011,2025-09-02,C0263,P003,Keyboard,Electronics,North,3,96808.32,75331.92,21476.4,0.04
O002012,2025-07-05,C0481,P003,Keyboard,Electronics,South,4,133769.88,107274.25,26495.63,0.19
O002013,2025-06-14,C0400,P005,Desk,Furniture,West,7,23303.7,13117.02,10186.68,0.19
O002014,2025-08-19,C0311,P001,Laptop Pro,Electronics,South,4,145031.76,96026.21,49005.55,0.18
O002015,2025-07-28,C0331,P003,Keyboard,Electronics,South,8,246221.76,173060.46,73161.3,0.24
O002016,2025-08-10,C0308,P004,Office Chair,Furniture,North,10,319557.3,249871.36,69685.94,0.07
O002017,2025-03-16,C0396,P007,Notebook,Stationery,North,2,72539.6,59300.77,13238.83,0.02
O002018,2025-06-24,C0156,P006,Monitor,Electronics,East,5,120774.45,89983.01,30791.44,0.07
O002019,2025-12-19,C0302,P005,Desk,Furniture,South,8,237367.68,184488.17,52879.51,0.12
O002020,2025-09-30,C0265,P008,Pen Set,Stationery,North,6,30686.76,25855.68,4831.08,0.17
O002021,2025-04-27,C0161,P005,Desk,Furniture,East,5,70106.4,51060.6,19045.8,0.22
O002022,2025-06-21,C0266,P004,Office Chair,Furniture,West,10,115879.4,74383.48,41495.92,0.09
O002023,2025-11-10,C0456,P005,Desk,Furniture,South,5,175214.3,131013.57,44200.73,0.11
O002024,2025-10-11,C0165,P005,Desk,Furniture,South,4,150163.6,114692.9,35470.7,0.17
O002025,2025-05-30,C0327,P008,Pen Set,Stationery,South,10,329145.6,252579.03,76566.57,0.04
O002026,2025-11-28,C0415,P004,Office Chair,Furniture,West,10,329532.7,199342.02,130190.68,0.21
O002027,2025-10-18,C0236,P006,Monitor,Electronics,East,4,91044.8,57469.49,33575.31,0.12
O002028,2025-07-12,C0417,P003,Keyboard,Electronics,West,5,195573.7,114866.06,80707.64,0.02
O002029,2025-09-11,C0233,P001,Laptop Pro,Electronics,East,2,20129.6,12610.05,7519.55,0.2
O002030,2025-09-08,C0305,P007,Notebook,Stationery,North,4,69743.52,47307.88,22435.64,0.01
O002031,2025-03-04,C0186,P008,Pen Set,Stationery,North,7,164567.76,97410.65,67157.11,0.08
O002032,2025-03-07,C0402,P001,Laptop Pro,Electronics,North,2,35649.44,25331.31,10318.13,0.03
O002033,2025-01-06,C0058,P007,Notebook,Stationery,East,4,8789.04,6327.85,2461.19,0.22
O002034,2025-11-06,C0293,P005,Desk,Furniture,East,5,133324.9,82145.64,51179.26,0.06
O002035,2025-04-23,C0088,P006,Monitor,Electronics,West,4,40162.32,29127.16,11035.16,0.01
O002036,2025-10-20,C0380,P004,Office Chair,Furniture,East,9,365301.0,218493.37,146807.63,0.0
O002037,2025-05-04,C0236,P008,Pen Set,Stationery,South,2,12163.6,8172.97,3990.63,0.06
O002038,2025-06-07,C0223,P003,Keyboard,Electronics,West,4,71838.2,44656.87,27181.33,0.03
O002039,2025-12-31,C0228,P008,Pen Set,Stationery,West,4,59814.08,34369.12,25444.96,0.03
O002040,2025-05-20,C0106,P003,Keyboard,Electronics,West,7,229680.36,127910.82,101769.54,0.19
O002041,2025-11-12,C0199,P007,Notebook,Stationery,West,9,187392.96,131120.66,56272.3,0.08
O002042,2025-12-24,C0350,P004,Office Chair,Furniture,West,6,47576.4,34744.38,12832.02,0.18
O002043,2025-05-21,C0128,P003,Keyboard,Electronics,East,7,91597.1,60085.83,31511.27,0.05
O002044,2025-12-18,C0479,P004,Office Chair,Furniture,South,7,215943.0,181002.67,34940.33,0.22
O002045,2025-06-26,C0185,P002,Wireless Mouse,Electronics,West,8,300358.4,200237.22,100121.18,0.2
O002046,2025-02-15,C0224,P001,Laptop Pro,Electronics,East,8,188875.52,155398.54,33476.98,0.18
O002047,2025-09-03,C0081,P006,Monitor,Electronics,South,4,64926.68,55131.17,9795.51,0.09
O002048,2025-04-11,C0434,P004,Office Chair,Furniture,North,10,369497.7,262077.69,107420.01,0.13
O002049,2025-03-23,C0048,P007,Notebook,Stationery,North,6,16251.84,9377.18,6874.66,0.19
O002050,2025-05-31,C0073,P005,Desk,Furniture,West,2,53319.42,36573.4,16746.02,0.23
O002051,2025-02-04,C0119,P005,Desk,Furniture,North,3,41075.1,24644.59,16430.51,0.1
O002052,2025-04-01,C0148,P001,Laptop Pro,Electronics,West,10,344808.0,279828.37,64979.63,0.2
O002053,2025-11-05,C0365,P007,Notebook,Stationery,North,3,47046.0,39443.49,7602.51,0.0
O002054,2025-03-05,C0399,P002,Wireless Mouse,Electronics,West,2,28531.2,17221.98,11309.22,0.2
O002055,2025-01-05,C0167,P006,Monitor,Electronics,South,3,26642.88,16146.7,10496.18,0.13
O002056,2025-07-21,C0070,P005,Desk,Furniture,South,9,12191.31,9978.0,2213.31,0.13
O002057,2025-11-08,C0428,P001,Laptop Pro,Electronics,East,8,65835.44,40987.67,24847.77,0.21
O002058,2025-05-08,C0083,P005,Desk,Furniture,North,8,116112.96,88601.48,27511.48,0.11
O002059,2025-09-08,C0347,P002,Wireless Mouse,Electronics,West,7,63742.0,43869.27,19872.73,0.0
O002060,2025-07-01,C0403,P007,Notebook,Stationery,West,9,210535.2,175372.79,35162.41,0.24
O002061,2025-03-06,C0413,P005,Desk,Furniture,North,9,232562.88,187766.16,44796.72,0.04
O002062,2025-03-01,C0310,P004,Office Chair,Furniture,West,2,59262.0,47562.72,11699.28,0.25
O002063,2025-04-12,C0385,P007,Notebook,Stationery,North,7,126310.73,81390.03,44920.7,0.09
O002064,2025-10-30,C0405,P004,Office Chair,Furniture,South,7,238372.47,163280.88,75091.59,0.19
O002065,2025-08-13,C0130,P005,Desk,Furniture,West,7,109018.56,89411.69,19606.87,0.04
O002066,2025-08-26,C0067,P007,Notebook,Stationery,West,8,330309.76,269108.33,61201.43,0.12
O002067,2025-06-01,C0192,P001,Laptop Pro,Electronics,North,4,30379.44,25118.45,5260.99,0.22
O002068,2025-02-09,C0307,P006,Monitor,Electronics,East,8,159325.92,129314.31,30011.61,0.22
O002069,2025-09-03,C0035,P006,Monitor,Electronics,East,9,287892.0,239005.97,48886.03,0.12
O002070,2025-02-21,C0075,P006,Monitor,Electronics,East,4,63257.04,37940.54,25316.5,0.23
O002071,2025-01-13,C0230,P001,Laptop Pro,Electronics,West,1,31911.45,22539.93,9371.52,0.05
O002072,2025-07-08,C0027,P006,Monitor,Electronics,North,10,276321.5,179046.22,97275.28,0.09
O002073,2025-10-08,C0374,P008,Pen Set,Stationery,North,8,185347.44,103951.51,81395.93,0.19
O002074,2025-11-22,C0137,P003,Keyboard,Electronics,South,7,126867.16,86518.13,40349.03,0.17
O002075,2025-04-23,C0022,P003,Keyboard,Electronics,North,4,21443.8,13568.09,7875.71,0.15
O002076,2025-08-02,C0410,P005,Desk,Furniture,South,1,8466.4,6102.48,2363.92,0.05
O002077,2025-01-01,C0034,P007,Notebook,Stationery,South,9,316708.56,261227.99,55480.57,0.06
O002078,2025-08-28,C0469,P001,Laptop Pro,Electronics,South,5,210584.0,119996.39,90587.61,0.12
O002079,2025-06-25,C0316,P008,Pen Set,Stationery,East,2,9030.4,7165.69,1864.71,0.17
O002080,2025-06-19,C0324,P008,Pen Set,Stationery,East,5,163473.1,133516.83,29956.27,0.14
O002081,2025-05-06,C0116,P003,Keyboard,Electronics,North,10,284532.3,225308.8,59223.5,0.17
O002082,2025-09-13,C0499,P007,Notebook,Stationery,West,8,132759.68,93283.66,39476.02,0.08
O002083,2025-03-17,C0285,P001,Laptop Pro,Electronics,South,10,159064.0,99779.68,59284.32,0.2
O002084,2025-12-24,C0278,P004,Office Chair,Furniture,East,4,94343.48,78098.99,16244.49,0.23
O002085,2025-05-05,C0084,P007,Notebook,Stationery,West,7,166621.56,106592.04,60029.52,0.14
O002086,2025-03-20,C0213,P002,Wireless Mouse,Electronics,West,6,20980.86,16669.68,4311.18,0.11
O002087,2025-09-09,C0476,P001,Laptop Pro,Electronics,West,6,142432.86,88408.75,54024.11,0.03
O002088,2025-11-09,C0412,P004,Office Chair,Furniture,South,7,156980.11,99829.97,57150.14,0.21
O002089,2025-02-12,C0052,P006,Monitor,Electronics,North,3,108713.64,72083.05,36630.59,0.08
O002090,2025-02-17,C0479,P002,Wireless Mouse,Electronics,South,1,8628.38,6020.84,2607.54,0.14
O002091,2025-07-07,C0348,P001,Laptop Pro,Electronics,East,1,29837.76,17605.62,12232.14,0.04
O002092,2025-01-20,C0299,P002,Wireless Mouse,Electronics,North,1,8601.06,5582.45,3018.61,0.22
O002093,2025-03-29,C0460,P001,Laptop Pro,Electronics,West,10,1682.7,1022.53,660.17,0.21
O002094,2025-09-27,C0037,P008,Pen Set,Stationery,East,2,30122.3,22128.76,7993.54,0.15
O002095,2025-11-26,C0398,P003,Keyboard,Electronics,North,2,51848.3,32560.46,19287.84,0.15
O002096,2025-06-23,C0341,P008,Pen Set,Stationery,South,10,123387.8,69049.06,54338.74,0.17
O002097,2025-12-01,C0362,P008,Pen Set,Stationery,West,8,144162.88,92540.98,51621.9,0.24
O002098,2025-08-25,C0077,P007,Notebook,Stationery,South,4,67963.72,41672.92,26290.8,0.17
O002099,2025-02-25,C0230,P001,Laptop Pro,Electronics,South,2,6885.0,4029.9,2855.1,0.15
O002100,2025-10-24,C0123,P003,Keyboard,Electronics,West,2,30313.44,22926.59,7386.85,0.19
O002101,2025-12-10,C0283,P007,Notebook,Stationery,East,7,44386.65,33311.33,11075.32,0.23
O002102,2025-04-09,C0177,P004,Office Chair,Furniture,North,8,342167.76,204260.22,137907.54,0.01
O002103,2025-08-26,C0338,P001,Laptop Pro,Electronics,West,1,15053.4,11948.72,3104.68,0.1
O002104,2025-12-29,C0217,P006,Monitor,Electronics,East,8,57017.6,44107.92,12909.68,0.2
O002105,2025-09-07,C0449,P003,Keyboard,Electronics,East,1,8328.84,5619.8,2709.04,0.24
O002106,2025-05-23,C0465,P003,Keyboard,Electronics,South,1,8833.18,6458.61,2374.57,0.06
O002107,2025-12-31,C0176,P003,Keyboard,Electronics,East,7,15416.73,11400.08,4016.65,0.19
O002108,2025-09-14,C0104,P006,Monitor,Electronics,South,1,6207.52,4949.24,1258.28,0.12
O002109,2025-09-16,C0141,P003,Keyboard,Electronics,West,6,225726.48,174026.91,51699.57,0.16
O002110,2025-10-30,C0281,P004,Office Chair,Furniture,East,7,269494.4,185004.07,84490.33,0.2
O002111,2025-11-18,C0495,P008,Pen Set,Stationery,North,1,17336.48,11653.6,5682.88,0.08
O002112,2025-04-29,C0473,P008,Pen Set,Stationery,East,7,164815.42,120748.41,44067.01,0.23
O002113,2025-01-20,C0419,P004,Office Chair,Furniture,South,8,129145.92,96293.32,32852.6,0.08
O002114,2025-04-24,C0488,P005,Desk,Furniture,West,7,123137.0,76193.02,46943.98,0.0
O002115,2025-05-21,C0275,P004,Office Chair,Furniture,West,7,2161.81,1810.71,351.1,0.11
O002116,2025-06-06,C0394,P001,Laptop Pro,Electronics,North,9,347191.2,257617.92,89573.28,0.2
O002117,2025-03-01,C0438,P008,Pen Set,Stationery,South,10,123418.2,88331.37,35086.83,0.13
O002118,2025-04-13,C0008,P007,Notebook,Stationery,West,9,395452.8,282163.08,113289.72,0.08
O002119,2025-02-20,C0067,P002,Wireless Mouse,Electronics,East,6,240213.24,166698.23,73515.01,0.06
O002120,2025-08-07,C0105,P003,Keyboard,Electronics,South,5,207866.9,124420.49,83446.41,0.06
O002121,2025-10-08,C0328,P006,Monitor,Electronics,North,2,35190.0,25079.77,10110.23,0.08
O002122,2025-05-03,C0034,P002,Wireless Mouse,Electronics,East,3,19334.46,10653.26,8681.2,0.21
O002123,2025-10-01,C0239,P003,Keyboard,Electronics,North,2,54786.0,38357.81,16428.19,0.08
O002124,2025-02-17,C0181,P008,Pen Set,Stationery,South,10,147504.0,96892.09,50611.91,0.2
O002125,2025-11-14,C0412,P007,Notebook,Stationery,North,4,109248.48,83858.54,25389.94,0.24
O002126,2025-12-20,C0274,P002,Wireless Mouse,Electronics,South,3,26631.15,18818.26,7812.89,0.09
O002127,2025-08-10,C0054,P008,Pen Set,Stationery,West,6,11749.92,7834.65,3915.27,0.09
O002128,2025-10-28,C0383,P004,Office Chair,Furniture,North,3,31905.72,22175.33,9730.39,0.16
O002129,2025-11-25,C0189,P004,Office Chair,Furniture,South,8,238029.84,158571.36,79458.48,0.19
O002130,2025-01-09,C0341,P001,Laptop Pro,Electronics,East,1,28386.95,20474.99,7911.96,0.05
O002131,2025-08-26,C0044,P006,Monitor,Electronics,South,7,272817.02,229405.04,43411.98,0.21
O002132,2025-03-11,C0243,P002,Wireless Mouse,Electronics,West,10,295083.2,172608.38,122474.82,0.14
O002133,2025-11-23,C0163,P006,Monitor,Electronics,South,2,65849.6,51747.5,14102.1,0.2
O002134,2025-01-29,C0481,P005,Desk,Furniture,East,9,235146.78,189903.85,45242.93,0.07
O002135,2025-07-30,C0039,P003,Keyboard,Electronics,East,5,94035.0,59637.04,34397.96,0.25
O002136,2025-01-14,C0146,P002,Wireless Mouse,Electronics,East,8,133889.6,89982.01,43907.59,0.18
O002137,2025-02-21,C0186,P003,Keyboard,Electronics,North,2,14177.24,10361.75,3815.49,0.23
O002138,2025-10-23,C0109,P002,Wireless Mouse,Electronics,North,5,101540.4,59616.21,41924.19,0.08
O002139,2025-10-05,C0468,P004,Office Chair,Furniture,North,1,16855.32,13116.65,3738.67,0.08
O002140,2025-01-21,C0160,P005,Desk,Furniture,West,9,362554.92,296786.64,65768.28,0.07
O002141,2025-02-18,C0486,P002,Wireless Mouse,Electronics,North,6,86663.52,51223.99,35439.53,0.19
O002142,2025-10-05,C0055,P002,Wireless Mouse,Electronics,East,8,21021.44,13839.22,7182.22,0.12
O002143,2025-06-21,C0087,P003,Keyboard,Electronics,South,10,288428.4,180057.98,108370.42,0.22
O002144,2025-03-28,C0378,P002,Wireless Mouse,Electronics,South,1,29470.9,22470.04,7000.86,0.05
O002145,2025-04-07,C0253,P007,Notebook,Stationery,South,1,39024.72,24663.4,14361.32,0.13
O002146,2025-09-28,C0150,P001,Laptop Pro,Electronics,East,7,83466.6,55633.19,27833.41,0.15
O002147,2025-05-18,C0128,P003,Keyboard,Electronics,North,7,245170.8,177380.95,67789.85,0.1
O002148,2025-02-28,C0208,P007,Notebook,Stationery,South,5,181428.25,99864.6,81563.65,0.15
O002149,2025-03-03,C0496,P005,Desk,Furniture,South,3,108268.65,80361.99,27906.66,0.05
O002150,2025-02-06,C0351,P003,Keyboard,Electronics,West,1,11496.75,8892.32,2604.43,0.25
O002151,2025-11-30,C0108,P003,Keyboard,Electronics,North,4,55701.92,40237.53,15464.39,0.24
O002152,2025-03-17,C0371,P001,Laptop Pro,Electronics,North,7,45921.33,31415.81,14505.52,0.09
O002153,2025-05-21,C0228,P006,Monitor,Electronics,South,6,148200.78,104579.33,43621.45,0.09
O002154,2025-12-06,C0125,P003,Keyboard,Electronics,West,4,93573.48,75886.72,17686.76,0.09
O002155,2025-08-26,C0082,P008,Pen Set,Stationery,North,5,142896.6,78724.2,64172.4,0.01
O002156,2025-05-28,C0073,P001,Laptop Pro,Electronics,East,8,257118.96,173303.66,83815.3,0.07
O002157,2025-09-29,C0034,P005,Desk,Furniture,West,3,68351.04,47296.88,21054.16,0.19
O002158,2025-05-22,C0430,P006,Monitor,Electronics,West,5,199378.7,121676.28,77702.42,0.06
O002159,2025-03-10,C0009,P007,Notebook,Stationery,South,5,47146.0,32127.11,15018.89,0.12
O002160,2025-11-25,C0479,P008,Pen Set,Stationery,South,7,76356.0,54634.55,21721.45,0.25
O002161,2025-02-20,C0140,P002,Wireless Mouse,Electronics,East,5,215974.85,135296.01,80678.84,0.09
O002162,2025-05-04,C0461,P007,Notebook,Stationery,East,1,3720.36,3033.74,686.62,0.14
O002163,2025-11-11,C0295,P005,Desk,Furniture,South,4,151571.36,125715.03,25856.33,0.24
O002164,2025-12-20,C0395,P008,Pen Set,Stationery,West,9,3628.8,2017.14,1611.66,0.04
O002165,2025-06-06,C0370,P006,Monitor,Electronics,West,1,30137.8,17556.47,12581.33,0.05
O002166,2025-11-05,C0290,P005,Desk,Furniture,East,5,183426.0,123002.93,60423.07,0.05
O002167,2025-06-16,C0024,P002,Wireless Mouse,Electronics,East,7,183003.24,149527.76,33475.48,0.16
O002168,2025-04-27,C0221,P006,Monitor,Electronics,North,8,375526.24,244102.85,131423.39,0.06
O002169,2025-01-23,C0105,P002,Wireless Mouse,Electronics,West,2,58091.28,35981.24,22110.04,0.22
O002170,2025-10-08,C0226,P007,Notebook,Stationery,South,9,428696.1,323360.42,105335.68,0.02
O002171,2025-01-06,C0471,P004,Office Chair,Furniture,West,4,52841.88,29643.49,23198.39,0.09
O002172,2025-04-18,C0048,P002,Wireless Mouse,Electronics,East,5,179945.0,123253.52,56691.48,0.15
O002173,2025-11-03,C0275,P004,Office Chair,Furniture,South,10,78243.2,48909.43,29333.77,0.02
O002174,2025-12-23,C0374,P001,Laptop Pro,Electronics,North,8,337433.76,202497.82,134935.94,0.07
O002175,2025-09-15,C0299,P008,Pen Set,Stationery,South,4,84826.56,49201.79,35624.77,0.22
O002176,2025-08-20,C0285,P005,Desk,Furniture,South,1,23397.7,19429.37,3968.33,0.17
O002177,2025-04-09,C0089,P001,Laptop Pro,Electronics,South,2,71042.88,53295.63,17747.25,0.14
O002178,2025-04-12,C0068,P004,Office Chair,Furniture,East,1,46272.96,36934.3,9338.66,0.04
O002179,2025-01-17,C0061,P008,Pen Set,Stationery,South,1,38770.18,28519.11,10251.07,0.11
O002180,2025-03-23,C0243,P006,Monitor,Electronics,West,5,201171.15,152160.86,49010.29,0.11
O002181,2025-08-04,C0056,P001,Laptop Pro,Electronics,North,3,73492.65,44281.43,29211.22,0.01
O002182,2025-04-28,C0359,P003,Keyboard,Electronics,South,4,19192.32,11180.14,8012.18,0.04
O002183,2025-10-30,C0461,P005,Desk,Furniture,East,9,363578.76,273826.62,89752.14,0.14
O002184,2025-08-18,C0218,P008,Pen Set,Stationery,South,3,102171.06,73582.38,28588.68,0.13
O002185,2025-01-11,C0101,P008,Pen Set,Stationery,West,5,97143.15,59669.61,37473.54,0.07
O002186,2025-10-25,C0060,P005,Desk,Furniture,South,7,217392.56,125502.34,91890.22,0.12
O002187,2025-02-27,C0287,P001,Laptop Pro,Electronics,West,4,159080.0,132810.93,26269.07,0.18
O002188,2025-09-23,C0093,P007,Notebook,Stationery,South,10,384506.2,227076.07,157430.13,0.18
O002189,2025-02-07,C0124,P003,Keyboard,Electronics,North,4,12270.48,8982.86,3287.62,0.13
O002190,2025-10-09,C0070,P006,Monitor,Electronics,South,9,312483.78,196346.7,116137.08,0.02
O002191,2025-04-23,C0358,P001,Laptop Pro,Electronics,North,7,178867.85,109393.81,69474.04,0.21
O002192,2025-10-07,C0042,P003,Keyboard,Electronics,East,10,286052.2,219194.92,66857.28,0.02
O002193,2025-01-16,C0017,P008,Pen Set,Stationery,North,3,125137.08,100631.21,24505.87,0.07
O002194,2025-11-23,C0300,P001,Laptop Pro,Electronics,North,1,47112.12,30469.72,16642.4,0.01
O002195,2025-10-03,C0332,P002,Wireless Mouse,Electronics,East,4,96392.32,55857.25,40535.07,0.24
O002196,2025-06-10,C0195,P001,Laptop Pro,Electronics,North,10,15522.6,13140.2,2382.4,0.18
O002197,2025-03-17,C0308,P005,Desk,Furniture,West,5,83001.6,59240.95,23760.65,0.04
O002198,2025-03-31,C0423,P005,Desk,Furniture,East,8,212051.84,121501.71,90550.13,0.23
O002199,2025-08-28,C0014,P001,Laptop Pro,Electronics,North,6,132353.76,92931.28,39422.48,0.12
O002200,2025-06-26,C0326,P001,Laptop Pro,Electronics,East,1,40535.91,25281.59,15254.32,0.07
O002201,2025-07-27,C0194,P002,Wireless Mouse,Electronics,North,6,248686.02,176321.02,72365.0,0.13
O002202,2025-06-14,C0190,P004,Office Chair,Furniture,North,7,55899.2,39325.35,16573.85,0.2
O002203,2025-01-22,C0283,P006,Monitor,Electronics,North,5,45424.0,30097.84,15326.16,0.2
O002204,2025-11-11,C0286,P008,Pen Set,Stationery,West,1,25512.25,17171.15,8341.1,0.05
O002205,2025-09-27,C0095,P006,Monitor,Electronics,South,1,33307.2,27842.54,5464.66,0.19
O002206,2025-07-20,C0130,P002,Wireless Mouse,Electronics,North,1,14200.8,11764.53,2436.27,0.2
O002207,2025-11-26,C0091,P001,Laptop Pro,Electronics,West,5,168907.7,141653.7,27254.0,0.18
O002208,2025-04-07,C0271,P008,Pen Set,Stationery,North,4,129177.2,98879.26,30297.94,0.05
O002209,2025-12-23,C0205,P007,Notebook,Stationery,East,5,77155.2,43952.17,33203.03,0.04
O002210,2025-06-07,C0209,P003,Keyboard,Electronics,East,9,284618.88,213490.83,71128.05,0.16
O002211,2025-03-08,C0189,P003,Keyboard,Electronics,West,1,12562.68,9760.5,2802.18,0.22
O002212,2025-08-25,C0448,P004,Office Chair,Furniture,North,2,31141.76,19480.88,11660.88,0.24
O002213,2025-07-11,C0388,P007,Notebook,Stationery,East,5,187173.0,122860.89,64312.11,0.1
O002214,2025-07-08,C0175,P001,Laptop Pro,Electronics,South,3,63909.6,48976.31,14933.29,0.2
O002215,2025-07-13,C0158,P005,Desk,Furniture,West,4,190044.36,109348.11,80696.25,0.01
O002216,2025-09-16,C0470,P005,Desk,Furniture,North,5,145417.4,115521.99,29895.41,0.14
O002217,2025-09-23,C0092,P004,Office Chair,Furniture,East,2,45761.08,34742.81,11018.27,0.06
O002218,2025-12-11,C0353,P006,Monitor,Electronics,East,3,78330.9,59465.46,18865.44,0.15
O002219,2025-05-30,C0123,P001,Laptop Pro,Electronics,South,5,189886.2,161011.69,28874.51,0.16
O002220,2025-10-28,C0162,P004,Office Chair,Furniture,North,4,89182.2,63128.85,26053.35,0.05
O002221,2025-12-31,C0308,P007,Notebook,Stationery,West,4,30294.4,17480.39,12814.01,0.2
O002222,2025-05-04,C0304,P008,Pen Set,Stationery,North,2,71034.48,59859.13,11175.35,0.01
O002223,2025-04-26,C0021,P004,Office Chair,Furniture,West,8,111798.32,83089.46,28708.86,0.03
O002224,2025-09-16,C0255,P001,Laptop Pro,Electronics,East,2,8771.84,6434.69,2337.15,0.23
O002225,2025-10-10,C0369,P007,Notebook,Stationery,North,2,46296.16,37384.78,8911.38,0.24
O002226,2025-01-16,C0301,P001,Laptop Pro,Electronics,North,3,32888.49,27928.21,4960.28,0.21
O002227,2025-09-26,C0474,P006,Monitor,Electronics,North,7,45390.8,36370.7,9020.1,0.14
O002228,2025-05-16,C0374,P004,Office Chair,Furniture,East,7,136006.64,103480.87,32525.77,0.12
O002229,2025-07-20,C0189,P002,Wireless Mouse,Electronics,East,7,2189.46,1650.93,538.53,0.22
O002230,2025-03-05,C0446,P003,Keyboard,Electronics,East,1,4781.24,2731.4,2049.84,0.08
O002231,2025-09-02,C0176,P002,Wireless Mouse,Electronics,North,9,163717.92,109543.77,54174.15,0.06
O002232,2025-04-21,C0311,P003,Keyboard,Electronics,South,7,87091.2,66789.04,20302.16,0.04
O002233,2025-02-09,C0048,P002,Wireless Mouse,Electronics,East,4,110763.0,72140.87,38622.13,0.07
O002234,2025-01-22,C0425,P001,Laptop Pro,Electronics,East,5,37945.05,25505.69,12439.36,0.13
O002235,2025-08-11,C0495,P001,Laptop Pro,Electronics,North,6,83286.72,55689.58,27597.14,0.12
O002236,2025-01-10,C0481,P002,Wireless Mouse,Electronics,North,2,95277.28,74706.16,20571.12,0.03
O002237,2025-07-23,C0453,P004,Office Chair,Furniture,North,1,26750.1,17612.18,9137.92,0.22
O002238,2025-04-19,C0052,P001,Laptop Pro,Electronics,South,7,59796.52,34191.88,25604.64,0.17
O002239,2025-09-18,C0282,P004,Office Chair,Furniture,South,5,102452.35,81472.09,20980.26,0.09
O002240,2025-08-06,C0391,P007,Notebook,Stationery,South,10,64486.4,51861.87,12624.53,0.12
O002241,2025-03-01,C0124,P004,Office Chair,Furniture,East,9,146366.19,122792.26,23573.93,0.07
O002242,2025-05-02,C0245,P001,Laptop Pro,Electronics,South,9,212558.4,138754.46,73803.94,0.2
O002243,2025-03-05,C0028,P007,Notebook,Stationery,North,1,13245.54,8772.4,4473.14,0.06
O002244,2025-01-25,C0260,P006,Monitor,Electronics,East,8,302066.88,221023.73,81043.15,0.17
O002245,2025-08-20,C0131,P002,Wireless Mouse,Electronics,South,5,81386.1,67590.22,13795.88,0.14
O002246,2025-08-04,C0393,P007,Notebook,Stationery,West,10,399719.4,332877.24,66842.16,0.14
O002247,2025-12-13,C0348,P005,Desk,Furniture,West,9,323266.05,236014.35,87251.7,0.15
O002248,2025-10-24,C0197,P002,Wireless Mouse,Electronics,South,9,169076.16,132734.8,36341.36,0.04
O002249,2025-09-14,C0455,P003,Keyboard,Electronics,East,6,216795.0,120620.84,96174.16,0.03
O002250,2025-04-25,C0151,P004,Office Chair,Furniture,South,3,36887.16,29574.5,7312.66,0.03
O002251,2025-07-28,C0319,P007,Notebook,Stationery,North,7,223679.12,185935.22,37743.9,0.14
O002252,2025-08-02,C0498,P008,Pen Set,Stationery,North,3,66230.64,45510.68,20719.96,0.16
O002253,2025-04-27,C0267,P008,Pen Set,Stationery,South,3,140516.4,100960.74,39555.66,0.05
O002254,2025-09-24,C0071,P006,Monitor,Electronics,North,10,200852.4,164609.9,36242.5,0.16
O002255,2025-03-02,C0073,P005,Desk,Furniture,West,1,17319.64,14136.03,3183.61,0.24
O002256,2025-07-27,C0303,P006,Monitor,Electronics,East,1,28956.0,22736.91,6219.09,0.2
O002257,2025-07-15,C0294,P003,Keyboard,Electronics,West,7,283269.63,222389.39,60880.24,0.07
O002258,2025-01-08,C0288,P006,Monitor,Electronics,West,7,284758.6,227455.03,57303.57,0.02
O002259,2025-04-08,C0414,P007,Notebook,Stationery,East,2,69899.2,56945.9,12953.3,0.21
O002260,2025-07-24,C0278,P006,Monitor,Electronics,South,2,26401.8,20676.98,5724.82,0.21
O002261,2025-01-21,C0438,P004,Office Chair,Furniture,North,10,162455.6,102602.15,59853.45,0.21
O002262,2025-09-21,C0223,P003,Keyboard,Electronics,West,8,372270.08,205475.96,166794.12,0.06
O002263,2025-07-18,C0258,P007,Notebook,Stationery,South,2,7399.16,6244.12,1155.04,0.03
O002264,2025-01-14,C0025,P002,Wireless Mouse,Electronics,North,2,83596.2,61323.41,22272.79,0.05
O002265,2025-05-31,C0323,P007,Notebook,Stationery,North,9,29597.85,18758.35,10839.5,0.15
O002266,2025-11-19,C0268,P006,Monitor,Electronics,South,1,26906.4,16228.78,10677.62,0.1
O002267,2025-04-23,C0327,P008,Pen Set,Stationery,East,7,277462.08,213366.37,64095.71,0.04
O002268,2025-07-20,C0084,P005,Desk,Furniture,North,1,29064.73,21207.1,7857.63,0.11
O002269,2025-12-10,C0067,P008,Pen Set,Stationery,South,3,129006.0,104353.58,24652.42,0.1
O002270,2025-09-09,C0372,P006,Monitor,Electronics,West,1,29281.6,22656.9,6624.7,0.2
O002271,2025-02-04,C0394,P007,Notebook,Stationery,East,1,9244.14,7670.28,1573.86,0.14
O002272,2025-04-10,C0102,P001,Laptop Pro,Electronics,South,7,200671.59,126190.27,74481.32,0.17
O002273,2025-06-10,C0184,P008,Pen Set,Stationery,South,4,18615.52,15567.38,3048.14,0.23
O002274,2025-02-10,C0238,P004,Office Chair,Furniture,North,6,154230.0,110028.55,44201.45,0.03
O002275,2025-01-01,C0195,P004,Office Chair,Furniture,North,3,129887.85,94932.19,34955.66,0.03
O002276,2025-06-12,C0068,P004,Office Chair,Furniture,West,7,87346.35,73708.38,13637.97,0.21
O002277,2025-04-08,C0112,P008,Pen Set,Stationery,West,9,258415.2,171276.13,87139.07,0.24
O002278,2025-03-28,C0443,P002,Wireless Mouse,Electronics,East,9,162668.88,118384.96,44283.92,0.08
O002279,2025-02-18,C0221,P001,Laptop Pro,Electronics,East,3,72888.75,41029.1,31859.65,0.07
O002280,2025-02-22,C0204,P005,Desk,Furniture,West,1,13972.11,10543.56,3428.55,0.11
O002281,2025-09-20,C0088,P002,Wireless Mouse,Electronics,South,3,74251.08,51968.14,22282.94,0.19
O002282,2025-10-29,C0275,P002,Wireless Mouse,Electronics,South,1,9056.88,7367.36,1689.52,0.16
O002283,2025-03-29,C0294,P002,Wireless Mouse,Electronics,East,4,60242.28,50730.24,9512.04,0.13
O002284,2025-04-29,C0448,P008,Pen Set,Stationery,South,10,271660.0,184132.82,87527.18,0.06
O002285,2025-07-29,C0015,P002,Wireless Mouse,Electronics,East,9,91440.36,77612.25,13828.11,0.14
O002286,2025-09-10,C0403,P004,Office Chair,Furniture,West,10,439384.1,339044.43,100339.67,0.11
O002287,2025-09-12,C0121,P007,Notebook,Stationery,West,2,52668.0,29932.63,22735.37,0.12
O002288,2025-03-15,C0044,P003,Keyboard,Electronics,South,1,19542.06,12953.16,6588.9,0.19
O002289,2025-02-14,C0202,P003,Keyboard,Electronics,East,4,150816.12,113438.59,37377.53,0.09
O002290,2025-12-18,C0136,P001,Laptop Pro,Electronics,West,6,159876.0,132875.76,27000.24,0.25
O002291,2025-02-07,C0293,P003,Keyboard,Electronics,South,2,57899.52,48121.46,9778.06,0.16
O002292,2025-01-21,C0286,P006,Monitor,Electronics,East,10,199712.8,155074.77,44638.03,0.24
O002293,2025-10-07,C0445,P004,Office Chair,Furniture,North,7,244289.15,155524.54,88764.61,0.15
O002294,2025-11-06,C0355,P003,Keyboard,Electronics,South,3,6342.12,5007.2,1334.92,0.21
O002295,2025-05-30,C0332,P007,Notebook,Stationery,South,10,391527.6,274933.96,116593.64,0.17
O002296,2025-10-11,C0323,P005,Desk,Furniture,North,10,176422.8,129303.62,47119.18,0.21
O002297,2025-08-23,C0493,P002,Wireless Mouse,Electronics,North,5,102020.7,72812.96,29207.74,0.11
O002298,2025-10-06,C0206,P008,Pen Set,Stationery,West,2,36331.68,22546.87,13784.81,0.23
O002299,2025-04-06,C0014,P007,Notebook,Stationery,West,8,90786.24,76408.68,14377.56,0.13
O002300,2025-11-18,C0340,P005,Desk,Furniture,West,7,28254.52,16078.07,12176.45,0.24
O002301,2025-11-16,C0295,P008,Pen Set,Stationery,West,10,308686.4,219967.78,88718.62,0.12
O002302,2025-09-10,C0384,P008,Pen Set,Stationery,North,3,23973.36,17333.73,6639.63,0.08
O002303,2025-11-17,C0406,P006,Monitor,Electronics,South,9,1960.2,1187.63,772.57,0.1
O002304,2025-07-04,C0387,P006,Monitor,Electronics,West,1,42575.4,23798.34,18777.06,0.07
O002305,2025-01-16,C0345,P007,Notebook,Stationery,North,10,182176.7,131305.32,50871.38,0.17
O002306,2025-07-11,C0138,P003,Keyboard,Electronics,East,5,171384.0,132641.25,38742.75,0.04
O002307,2025-03-13,C0181,P003,Keyboard,Electronics,East,9,205658.64,137425.24,68233.4,0.12
O002308,2025-10-22,C0434,P003,Keyboard,Electronics,East,4,126907.84,95822.74,31085.1,0.24
O002309,2025-10-21,C0479,P007,Notebook,Stationery,North,4,44551.44,36552.47,7998.97,0.14
O002310,2025-06-17,C0096,P006,Monitor,Electronics,East,7,71447.25,53967.02,17480.23,0.07
O002311,2025-03-29,C0207,P008,Pen Set,Stationery,South,3,61292.7,51521.93,9770.77,0.1
O002312,2025-02-22,C0115,P004,Office Chair,Furniture,North,6,178076.7,134613.74,43462.96,0.15
O002313,2025-09-23,C0135,P007,Notebook,Stationery,West,6,143587.62,106792.75,36794.87,0.01
O002314,2025-12-15,C0148,P006,Monitor,Electronics,East,1,36955.48,25733.23,11222.25,0.08
O002315,2025-12-12,C0458,P004,Office Chair,Furniture,North,1,11890.08,8762.44,3127.64,0.08
O002316,2025-09-25,C0427,P002,Wireless Mouse,Electronics,East,8,277770.24,156681.01,121089.23,0.12
O002317,2025-07-21,C0158,P004,Office Chair,Furniture,North,5,13083.0,8625.19,4457.81,0.02
O002318,2025-04-14,C0055,P006,Monitor,Electronics,South,5,145170.2,115886.44,29283.76,0.03
O002319,2025-09-01,C0373,P003,Keyboard,Electronics,North,6,190901.88,151816.94,39084.94,0.22
O002320,2025-11-14,C0137,P004,Office Chair,Furniture,South,7,163223.48,92015.22,71208.26,0.21
O002321,2025-08-22,C0197,P002,Wireless Mouse,Electronics,North,5,29254.5,19195.57,10058.93,0.01
O002322,2025-09-02,C0004,P008,Pen Set,Stationery,East,9,31678.65,25357.92,6320.73,0.15
O002323,2025-06-28,C0206,P006,Monitor,Electronics,South,3,36974.37,26179.15,10795.22,0.21
O002324,2025-08-08,C0214,P003,Keyboard,Electronics,North,6,176304.0,139776.9,36527.1,0.2
O002325,2025-10-03,C0227,P006,Monitor,Electronics,East,10,300510.0,233282.01,67227.99,0.1
O002326,2025-06-22,C0380,P005,Desk,Furniture,East,3,24441.12,15920.14,8520.98,0.12
O002327,2025-06-12,C0404,P006,Monitor,Electronics,East,10,211682.8,167013.65,44669.15,0.24
O002328,2025-03-02,C0496,P003,Keyboard,Electronics,North,9,71597.16,52574.85,19022.31,0.08
O002329,2025-01-21,C0022,P007,Notebook,Stationery,South,6,10848.48,8736.32,2112.16,0.03
O002330,2025-04-29,C0038,P005,Desk,Furniture,South,6,237376.32,176655.94,60720.38,0.06
O002331,2025-01-03,C0166,P003,Keyboard,Electronics,East,2,33638.28,19199.81,14438.47,0.22
O002332,2025-10-12,C0378,P008,Pen Set,Stationery,South,1,32675.25,24176.47,8498.78,0.05
O002333,2025-11-12,C0197,P002,Wireless Mouse,Electronics,West,5,93344.1,65895.59,27448.51,0.07
O002334,2025-04-24,C0217,P008,Pen Set,Stationery,West,3,75103.2,56861.25,18241.95,0.24
O002335,2025-03-08,C0188,P008,Pen Set,Stationery,South,5,190570.5,147514.91,43055.59,0.1
O002336,2025-04-22,C0413,P006,Monitor,Electronics,South,5,52842.8,30166.79,22676.01,0.24
O002337,2025-11-07,C0074,P002,Wireless Mouse,Electronics,North,3,30049.23,17665.6,12383.63,0.21
O002338,2025-02-16,C0267,P005,Desk,Furniture,South,10,62053.2,47873.36,14179.84,0.01
O002339,2025-08-26,C0177,P007,Notebook,Stationery,North,5,154953.6,118580.31,36373.29,0.04
O002340,2025-08-22,C0091,P003,Keyboard,Electronics,South,8,185678.88,106974.72,78704.16,0.13
O002341,2025-07-05,C0288,P006,Monitor,Electronics,East,8,225400.0,174470.41,50929.59,0.08
O002342,2025-01-17,C0167,P008,Pen Set,Stationery,South,3,72092.16,52004.81,20087.35,0.04
O002343,2025-12-03,C0284,P002,Wireless Mouse,Electronics,South,9,321445.26,213672.33,107772.93,0.19
O002344,2025-08-14,C0492,P002,Wireless Mouse,Electronics,North,7,22147.58,13388.12,8759.46,0.14
O002345,2025-08-15,C0404,P008,Pen Set,Stationery,South,3,11611.83,7135.71,4476.12,0.11
O002346,2025-10-18,C0466,P003,Keyboard,Electronics,South,1,20475.35,12214.72,8260.63,0.05
O002347,2025-12-03,C0438,P007,Notebook,Stationery,North,3,16742.76,13223.78,3518.98,0.18
O002348,2025-03-27,C0167,P005,Desk,Furniture,East,4,125388.0,77857.98,47530.02,0.14
O002349,2025-06-07,C0137,P004,Office Chair,Furniture,West,10,338200.0,242416.09,95783.91,0.05
O002350,2025-09-10,C0113,P002,Wireless Mouse,Electronics,South,8,320537.28,247177.35,73359.93,0.16
O002351,2025-05-14,C0444,P007,Notebook,Stationery,East,5,62304.8,44941.27,17363.53,0.24
O002352,2025-08-17,C0310,P008,Pen Set,Stationery,West,10,386138.0,233280.69,152857.31,0.18
O002353,2025-01-29,C0170,P001,Laptop Pro,Electronics,South,3,108354.24,61866.45,46487.79,0.04
O002354,2025-12-29,C0459,P008,Pen Set,Stationery,East,9,242189.46,148770.0,93419.46,0.18
O002355,2025-03-08,C0077,P003,Keyboard,Electronics,North,10,279596.4,197306.56,82289.84,0.24
O002356,2025-01-28,C0281,P002,Wireless Mouse,Electronics,South,3,65002.5,51168.39,13834.11,0.1
O002357,2025-11-07,C0416,P003,Keyboard,Electronics,West,1,2896.02,2074.31,821.71,0.07
O002358,2025-12-27,C0450,P008,Pen Set,Stationery,East,6,256500.0,198016.55,58483.45,0.05
O002359,2025-02-01,C0409,P006,Monitor,Electronics,North,3,39609.36,26471.08,13138.28,0.16
O002360,2025-07-18,C0331,P004,Office Chair,Furniture,North,1,14004.52,8695.21,5309.31,0.24
O002361,2025-03-25,C0489,P006,Monitor,Electronics,South,2,59505.6,47637.52,11868.08,0.02
O002362,2025-10-28,C0384,P002,Wireless Mouse,Electronics,East,1,8381.52,5030.96,3350.56,0.16
O002363,2025-09-19,C0099,P001,Laptop Pro,Electronics,North,2,38081.7,24111.63,13970.07,0.05
O002364,2025-04-18,C0352,P004,Office Chair,Furniture,West,1,34185.6,23623.24,10562.36,0.1
O002365,2025-03-19,C0375,P002,Wireless Mouse,Electronics,South,10,74371.2,41984.4,32386.8,0.04
O002366,2025-12-25,C0492,P002,Wireless Mouse,Electronics,West,4,40798.2,30844.9,9953.3,0.03
O002367,2025-11-07,C0395,P007,Notebook,Stationery,North,8,328852.64,186147.38,142705.26,0.17
O002368,2025-04-03,C0022,P002,Wireless Mouse,Electronics,North,2,45489.6,26786.58,18703.02,0.1
O002369,2025-09-28,C0390,P001,Laptop Pro,Electronics,West,8,59774.72,44742.29,15032.43,0.18
O002370,2025-05-31,C0293,P004,Office Chair,Furniture,South,4,132927.48,81647.62,51279.86,0.19
O002371,2025-04-02,C0234,P007,Notebook,Stationery,East,7,148334.9,82180.9,66154.0,0.05
O002372,2025-01-12,C0405,P002,Wireless Mouse,Electronics,West,3,53809.92,31049.95,22759.97,0.04
O002373,2025-03-10,C0077,P003,Keyboard,Electronics,East,6,3983.52,2581.29,1402.23,0.14
O002374,2025-12-25,C0434,P007,Notebook,Stationery,East,3,3130.77,2277.39,853.38,0.21
O002375,2025-01-01,C0413,P006,Monitor,Electronics,South,7,25345.6,19536.26,5809.34,0.2
O002376,2025-02-19,C0118,P006,Monitor,Electronics,West,3,116580.9,92920.58,23660.32,0.15
O002377,2025-10-09,C0168,P002,Wireless Mouse,Electronics,East,3,52018.2,43203.75,8814.45,0.05
O002378,2025-02-08,C0455,P007,Notebook,Stationery,South,5,41519.75,23172.7,18347.05,0.05
O002379,2025-07-05,C0315,P001,Laptop Pro,Electronics,South,3,73407.18,49677.42,23729.76,0.23
O002380,2025-11-03,C0318,P008,Pen Set,Stationery,North,4,129317.76,73464.47,55853.29,0.12
O002381,2025-07-31,C0117,P008,Pen Set,Stationery,South,2,50658.8,36841.3,13817.5,0.11
O002382,2025-06-25,C0164,P003,Keyboard,Electronics,East,5,147008.4,120596.28,26412.12,0.16
O002383,2025-01-17,C0128,P003,Keyboard,Electronics,North,1,12085.16,9788.21,2296.95,0.18
O002384,2025-09-12,C0289,P002,Wireless Mouse,Electronics,West,1,36926.89,30336.51,6590.38,0.09
O002385,2025-10-30,C0347,P006,Monitor,Electronics,East,7,119963.76,79328.0,40635.76,0.16
O002386,2025-05-09,C0246,P006,Monitor,Electronics,North,5,110848.85,92418.13,18430.72,0.21
O002387,2025-10-12,C0031,P003,Keyboard,Electronics,North,5,135547.0,79046.68,56500.32,0.11
O002388,2025-07-31,C0284,P002,Wireless Mouse,Electronics,South,1,13642.2,11233.54,2408.66,0.01
O002389,2025-09-08,C0083,P002,Wireless Mouse,Electronics,West,8,195858.0,163142.45,32715.55,0.07
O002390,2025-12-10,C0188,P001,Laptop Pro,Electronics,West,9,8299.8,6587.56,1712.24,0.13
O002391,2025-06-25,C0361,P002,Wireless Mouse,Electronics,North,3,115966.62,88823.22,27143.4,0.01
O002392,2025-02-22,C0127,P008,Pen Set,Stationery,North,2,22639.14,15226.54,7412.6,0.13
O002393,2025-05-28,C0185,P008,Pen Set,Stationery,East,4,86110.64,48595.64,37515.0,0.02
O002394,2025-12-27,C0101,P008,Pen Set,Stationery,North,5,53096.0,31990.03,21105.97,0.2
O002395,2025-09-28,C0347,P001,Laptop Pro,Electronics,East,10,272783.0,193541.59,79241.41,0.05
O002396,2025-01-16,C0105,P008,Pen Set,Stationery,North,7,288436.54,180598.25,107838.29,0.11
O002397,2025-04-13,C0311,P001,Laptop Pro,Electronics,West,6,59575.5,47129.94,12445.56,0.25
O002398,2025-08-12,C0422,P003,Keyboard,Electronics,South,8,106555.2,87043.98,19511.22,0.21
O002399,2025-03-12,C0359,P002,Wireless Mouse,Electronics,West,6,226662.24,141021.17,85641.07,0.02
O002400,2025-08-06,C0052,P001,Laptop Pro,Electronics,East,1,3019.48,2025.75,993.73,0.24
O002401,2025-01-26,C0229,P006,Monitor,Electronics,West,10,14855.4,11713.94,3141.46,0.19
O002402,2025-05-15,C0300,P008,Pen Set,Stationery,South,2,33135.3,25670.14,7465.16,0.01
O002403,2025-12-23,C0139,P002,Wireless Mouse,Electronics,North,10,413580.7,315252.81,98327.89,0.17
O002404,2025-03-30,C0022,P006,Monitor,Electronics,East,4,131877.0,75134.76,56742.24,0.25
O002405,2025-09-12,C0476,P001,Laptop Pro,Electronics,West,10,165522.0,120728.44,44793.56,0.16
O002406,2025-08-13,C0351,P008,Pen Set,Stationery,North,4,167262.48,115239.55,52022.93,0.02
O002407,2025-07-30,C0465,P007,Notebook,Stationery,West,7,239096.34,152492.01,86604.33,0.14
O002408,2025-09-06,C0246,P002,Wireless Mouse,Electronics,East,3,37947.36,31715.03,6232.33,0.12
O002409,2025-04-18,C0378,P004,Office Chair,Furniture,East,4,37635.84,25632.57,12003.27,0.19
O002410,2025-05-16,C0085,P002,Wireless Mouse,Electronics,West,10,235464.0,134237.72,101226.28,0.2
O002411,2025-10-04,C0433,P003,Keyboard,Electronics,South,1,12537.36,8834.72,3702.64,0.12
O002412,2025-12-07,C0338,P002,Wireless Mouse,Electronics,North,2,53693.64,32082.35,21611.29,0.01
O002413,2025-05-01,C0190,P005,Desk,Furniture,West,2,54668.32,43174.62,11493.7,0.24
O002414,2025-10-03,C0258,P003,Keyboard,Electronics,East,2,8621.44,7231.28,1390.16,0.24
O002415,2025-06-05,C0274,P001,Laptop Pro,Electronics,South,2,55475.42,45392.71,10082.71,0.23
O002416,2025-09-25,C0263,P003,Keyboard,Electronics,South,2,45258.0,36886.74,8371.26,0.24
O002417,2025-03-30,C0032,P008,Pen Set,Stationery,North,9,197822.97,109487.14,88335.83,0.11
O002418,2025-12-08,C0048,P005,Desk,Furniture,South,9,26470.8,17101.71,9369.09,0.1
O002419,2025-02-16,C0392,P004,Office Chair,Furniture,North,7,254670.64,185579.54,69091.1,0.02
O002420,2025-03-26,C0308,P003,Keyboard,Electronics,West,9,246114.09,178956.69,67157.4,0.17
O002421,2025-12-10,C0477,P003,Keyboard,Electronics,West,8,309692.16,224086.68,85605.48,0.19
O002422,2025-03-02,C0133,P001,Laptop Pro,Electronics,North,5,12860.5,7958.09,4902.41,0.15
O002423,2025-10-10,C0329,P007,Notebook,Stationery,South,2,41721.42,29134.34,12587.08,0.11
O002424,2025-10-11,C0286,P003,Keyboard,Electronics,South,8,124958.16,99034.84,25923.32,0.17
O002425,2025-10-25,C0409,P006,Monitor,Electronics,West,7,158899.58,131775.91,27123.67,0.03
O002426,2025-08-04,C0360,P003,Keyboard,Electronics,East,5,208602.9,152577.18,56025.72,0.01
O002427,2025-11-10,C0220,P007,Notebook,Stationery,North,7,237103.72,149244.8,87858.92,0.06
O002428,2025-01-06,C0079,P005,Desk,Furniture,East,8,248282.24,141378.85,106903.39,0.08
O002429,2025-10-24,C0390,P002,Wireless Mouse,Electronics,South,7,64028.16,53144.99,10883.17,0.04
O002430,2025-10-21,C0492,P007,Notebook,Stationery,South,5,153772.3,84590.6,69181.7,0.14
O002431,2025-11-11,C0022,P005,Desk,Furniture,West,9,206884.26,144931.24,61953.02,0.13
O002432,2025-09-27,C0228,P003,Keyboard,Electronics,North,5,114835.6,97286.26,17549.34,0.12
O002433,2025-02-07,C0110,P007,Notebook,Stationery,North,1,32424.76,18701.13,13723.63,0.21
O002434,2025-03-25,C0421,P004,Office Chair,Furniture,South,6,211560.66,154419.61,57141.05,0.19
O002435,2025-01-01,C0175,P007,Notebook,Stationery,South,2,29347.4,22477.59,6869.81,0.05
O002436,2025-07-25,C0171,P004,Office Chair,Furniture,North,1,15528.68,10921.52,4607.16,0.08
O002437,2025-05-15,C0064,P003,Keyboard,Electronics,North,6,89647.56,62634.74,27012.82,0.19
O002438,2025-05-29,C0141,P007,Notebook,Stationery,North,6,254332.98,154627.99,99704.99,0.01
O002439,2025-02-03,C0396,P007,Notebook,Stationery,South,7,26734.4,20641.65,6092.75,0.12
O002440,2025-01-22,C0280,P005,Desk,Furniture,North,10,305076.4,217820.39,87256.01,0.14
O002441,2025-08-15,C0139,P007,Notebook,Stationery,West,8,278937.6,176135.03,102802.57,0.04
O002442,2025-11-17,C0193,P002,Wireless Mouse,Electronics,East,4,72555.84,59911.9,12643.94,0.16
O002443,2025-05-08,C0358,P007,Notebook,Stationery,West,10,379850.7,300625.2,79225.5,0.13
O002444,2025-02-16,C0168,P008,Pen Set,Stationery,East,5,150336.0,96772.05,53563.95,0.1
O002445,2025-03-11,C0370,P005,Desk,Furniture,South,6,258075.18,151550.79,106524.39,0.01
O002446,2025-12-22,C0023,P001,Laptop Pro,Electronics,East,8,179570.08,148796.17,30773.91,0.06
O002447,2025-02-01,C0117,P002,Wireless Mouse,Electronics,West,2,61338.2,46299.9,15038.3,0.02
O002448,2025-11-28,C0065,P004,Office Chair,Furniture,North,7,136883.74,115360.04,21523.7,0.06
O002449,2025-01-04,C0026,P005,Desk,Furniture,North,6,125480.4,83280.7,42199.7,0.15
O002450,2025-04-02,C0025,P005,Desk,Furniture,East,3,51615.36,37375.16,14240.2,0.13
O002451,2025-10-13,C0315,P007,Notebook,Stationery,West,7,245274.12,192700.87,52573.25,0.22
O002452,2025-05-15,C0083,P007,Notebook,Stationery,North,8,214624.08,168856.22,45767.86,0.01
O002453,2025-08-15,C0175,P005,Desk,Furniture,North,6,130852.8,91205.55,39647.25,0.22
O002454,2025-09-17,C0413,P008,Pen Set,Stationery,North,5,80183.8,48726.59,31457.21,0.24
O002455,2025-07-27,C0449,P007,Notebook,Stationery,West,3,38140.41,25205.43,12934.98,0.21
O002456,2025-02-25,C0204,P003,Keyboard,Electronics,East,3,76291.92,48579.42,27712.5,0.08
O002457,2025-08-06,C0083,P006,Monitor,Electronics,South,4,14876.0,12340.75,2535.25,0.0
O002458,2025-08-20,C0220,P002,Wireless Mouse,Electronics,West,3,28377.09,23807.92,4569.17,0.07
O002459,2025-02-04,C0200,P008,Pen Set,Stationery,North,5,128500.75,82857.49,45643.26,0.03
O002460,2025-02-17,C0191,P002,Wireless Mouse,Electronics,East,2,21931.26,18532.97,3398.29,0.07
O002461,2025-01-08,C0056,P007,Notebook,Stationery,West,1,486.81,410.78,76.03,0.19
O002462,2025-04-11,C0448,P007,Notebook,Stationery,North,8,329422.72,236409.82,93012.9,0.12
O002463,2025-01-07,C0477,P003,Keyboard,Electronics,East,10,305978.4,201183.7,104794.7,0.22
O002464,2025-03-26,C0327,P008,Pen Set,Stationery,West,3,127637.1,80275.65,47361.45,0.1
O002465,2025-04-15,C0271,P002,Wireless Mouse,Electronics,East,3,139883.7,83844.49,56039.21,0.03
O002466,2025-10-29,C0374,P004,Office Chair,Furniture,West,8,170124.96,111213.37,58911.59,0.06
O002467,2025-03-28,C0189,P001,Laptop Pro,Electronics,East,8,265814.64,211508.79,54305.85,0.09
O002468,2025-04-30,C0258,P003,Keyboard,Electronics,East,5,41627.55,29857.26,11770.29,0.03
O002469,2025-01-17,C0347,P005,Desk,Furniture,West,6,225765.6,142346.66,83418.94,0.24
O002470,2025-06-23,C0379,P005,Desk,Furniture,South,5,195572.65,145831.11,49741.54,0.09
O002471,2025-08-18,C0147,P004,Office Chair,Furniture,West,2,14550.0,8847.34,5702.66,0.03
O002472,2025-04-16,C0125,P002,Wireless Mouse,Electronics,East,8,178208.8,119300.67,58908.13,0.23
O002473,2025-10-12,C0276,P003,Keyboard,Electronics,West,8,89670.24,72658.27,17011.97,0.01
O002474,2025-10-05,C0032,P003,Keyboard,Electronics,North,2,56987.84,31558.99,25428.85,0.09
O002475,2025-04-10,C0017,P007,Notebook,Stationery,West,4,11028.08,8430.17,2597.91,0.06
O002476,2025-05-17,C0320,P004,Office Chair,Furniture,South,6,244233.12,195123.47,49109.65,0.14
O002477,2025-12-25,C0404,P006,Monitor,Electronics,North,4,80904.0,65317.97,15586.03,0.0
O002478,2025-02-04,C0432,P002,Wireless Mouse,Electronics,West,7,179077.36,113889.93,65187.43,0.12
O002479,2025-07-04,C0134,P006,Monitor,Electronics,East,3,52096.68,42981.68,9115.0,0.06
O002480,2025-07-05,C0353,P007,Notebook,Stationery,North,1,33294.65,23656.65,9638.0,0.05
O002481,2025-10-10,C0055,P008,Pen Set,Stationery,North,10,387619.0,295122.66,92496.34,0.05
O002482,2025-08-22,C0492,P006,Monitor,Electronics,East,4,144098.8,85612.71,58486.09,0.15
O002483,2025-09-28,C0264,P007,Notebook,Stationery,South,10,321786.2,272376.44,49409.76,0.14
O002484,2025-09-03,C0054,P001,Laptop Pro,Electronics,East,5,91568.4,69676.53,21891.87,0.12
O002485,2025-02-15,C0442,P008,Pen Set,Stationery,West,3,45951.36,25775.44,20175.92,0.09
O002486,2025-10-13,C0333,P005,Desk,Furniture,South,3,51652.5,31565.9,20086.6,0.03
O002487,2025-02-22,C0078,P008,Pen Set,Stationery,North,3,96934.68,69832.13,27102.55,0.06
O002488,2025-10-18,C0108,P008,Pen Set,Stationery,South,1,19929.91,11900.84,8029.07,0.23
O002489,2025-03-04,C0023,P001,Laptop Pro,Electronics,North,10,282636.2,169676.4,112959.8,0.23
O002490,2025-02-02,C0355,P001,Laptop Pro,Electronics,West,3,43989.12,24221.9,19767.22,0.04
O002491,2025-09-18,C0431,P008,Pen Set,Stationery,West,7,170184.56,140063.97,30120.59,0.03
O002492,2025-04-07,C0191,P007,Notebook,Stationery,West,2,1606.48,1277.71,328.77,0.14
O002493,2025-10-11,C0149,P002,Wireless Mouse,Electronics,East,5,16339.4,10139.73,6199.67,0.23
O002494,2025-09-05,C0142,P004,Office Chair,Furniture,West,2,67585.08,38132.14,29452.94,0.13
O002495,2025-10-29,C0162,P003,Keyboard,Electronics,North,4,76669.12,62094.81,14574.31,0.08
O002496,2025-08-23,C0428,P001,Laptop Pro,Electronics,West,1,10833.84,9191.16,1642.68,0.18
O002497,2025-06-18,C0488,P003,Keyboard,Electronics,West,1,19561.6,12395.88,7165.72,0.2
O002498,2025-08-12,C0222,P008,Pen Set,Stationery,West,2,43838.0,33172.63,10665.37,0.0
O002499,2025-07-21,C0470,P007,Notebook,Stationery,East,5,30531.9,25081.84,5450.06,0.02
O002500,2025-04-26,C0145,P005,Desk,Furniture,North,2,91457.52,73368.78,18088.74,0.02
O002501,2025-10-30,C0138,P008,Pen Set,Stationery,West,9,187075.17,137357.24,49717.93,0.03
O002502,2025-04-10,C0221,P001,Laptop Pro,Electronics,West,9,364644.0,285115.75,79528.25,0.0
O002503,2025-10-18,C0290,P004,Office Chair,Furniture,West,5,175219.2,124456.23,50762.97,0.04
O002504,2025-04-30,C0277,P003,Keyboard,Electronics,West,7,249044.25,138126.91,110917.34,0.11
O002505,2025-09-06,C0401,P002,Wireless Mouse,Electronics,North,8,209262.0,156553.83,52708.17,0.25
O002506,2025-07-05,C0233,P006,Monitor,Electronics,North,1,19610.4,13308.13,6302.27,0.2
O002507,2025-01-12,C0483,P008,Pen Set,Stationery,North,7,10057.11,6245.71,3811.4,0.17
O002508,2025-11-20,C0268,P003,Keyboard,Electronics,South,7,261817.92,172158.9,89659.02,0.19
O002509,2025-01-03,C0390,P007,Notebook,Stationery,East,1,15229.64,10904.25,4325.39,0.24
O002510,2025-03-02,C0236,P003,Keyboard,Electronics,West,2,55348.02,38917.91,16430.11,0.09
O002511,2025-09-07,C0152,P008,Pen Set,Stationery,West,5,227712.8,176337.6,51375.2,0.02
O002512,2025-11-27,C0283,P003,Keyboard,Electronics,South,2,11228.16,8860.93,2367.23,0.14
O002513,2025-03-12,C0224,P005,Desk,Furniture,East,2,65734.48,44097.57,21636.91,0.18
O002514,2025-09-20,C0301,P003,Keyboard,Electronics,North,3,24056.7,16677.51,7379.19,0.15
O002515,2025-05-16,C0370,P008,Pen Set,Stationery,East,1,36302.76,29914.34,6388.42,0.22
O002516,2025-05-31,C0191,P005,Desk,Furniture,West,3,16817.52,10998.38,5819.14,0.21
O002517,2025-10-23,C0073,P001,Laptop Pro,Electronics,South,6,139554.9,82047.91,57506.99,0.19
O002518,2025-01-26,C0033,P006,Monitor,Electronics,West,8,1331.68,739.64,592.04,0.18
O002519,2025-03-29,C0109,P004,Office Chair,Furniture,South,6,151050.6,85472.34,65578.26,0.07
O002520,2025-11-09,C0168,P005,Desk,Furniture,East,8,82406.4,68056.37,14350.03,0.13
O002521,2025-09-22,C0094,P001,Laptop Pro,Electronics,South,1,5306.4,3956.37,1350.03,0.12
O002522,2025-02-07,C0200,P005,Desk,Furniture,East,8,125063.68,106067.22,18996.46,0.02
O002523,2025-10-15,C0329,P001,Laptop Pro,Electronics,North,8,35790.48,23458.14,12332.34,0.01
O002524,2025-04-02,C0433,P002,Wireless Mouse,Electronics,West,2,68870.62,37900.03,30970.59,0.09
O002525,2025-01-23,C0381,P002,Wireless Mouse,Electronics,East,2,39599.8,22740.63,16859.17,0.05
O002526,2025-01-23,C0017,P004,Office Chair,Furniture,West,8,23314.48,13775.34,9539.14,0.21
O002527,2025-09-05,C0132,P002,Wireless Mouse,Electronics,North,7,251836.2,139620.95,112215.25,0.08
O002528,2025-11-27,C0073,P005,Desk,Furniture,West,9,387669.6,247298.57,140371.03,0.08
O002529,2025-07-31,C0177,P007,Notebook,Stationery,South,10,314708.4,254775.76,59932.64,0.14
O002530,2025-02-15,C0492,P005,Desk,Furniture,South,5,126145.35,85025.23,41120.12,0.19
O002531,2025-02-06,C0019,P008,Pen Set,Stationery,East,4,65830.4,37838.84,27991.56,0.2
O002532,2025-11-09,C0207,P006,Monitor,Electronics,South,1,9349.34,6716.98,2632.36,0.09
O002533,2025-07-04,C0225,P003,Keyboard,Electronics,East,2,48185.28,29585.8,18599.48,0.22
O002534,2025-05-20,C0280,P004,Office Chair,Furniture,West,6,54046.14,30705.92,23340.22,0.11
O002535,2025-05-09,C0457,P001,Laptop Pro,Electronics,East,7,196487.55,140367.98,56119.57,0.05
O002536,2025-04-27,C0196,P004,Office Chair,Furniture,East,9,137477.16,88724.44,48752.72,0.24
O002537,2025-08-17,C0418,P007,Notebook,Stationery,West,3,105737.94,68750.57,36987.37,0.01
O002538,2025-06-30,C0041,P005,Desk,Furniture,East,1,23647.26,17403.49,6243.77,0.09
O002539,2025-01-05,C0305,P007,Notebook,Stationery,North,3,35343.42,27170.46,8172.96,0.14
O002540,2025-06-08,C0375,P006,Monitor,Electronics,North,6,42892.74,31684.15,11208.59,0.01
O002541,2025-08-25,C0399,P002,Wireless Mouse,Electronics,West,4,20474.4,17383.47,3090.93,0.24
O002542,2025-06-01,C0361,P002,Wireless Mouse,Electronics,West,10,452020.0,293162.18,158857.82,0.0
O002543,2025-01-13,C0208,P007,Notebook,Stationery,East,1,37068.92,22258.29,14810.63,0.18
O002544,2025-04-01,C0001,P004,Office Chair,Furniture,North,6,88474.68,50868.28,37606.4,0.17
O002545,2025-10-17,C0183,P003,Keyboard,Electronics,North,3,66728.97,52414.28,14314.69,0.23
O002546,2025-01-26,C0041,P001,Laptop Pro,Electronics,East,3,67002.39,50914.5,16087.89,0.19
O002547,2025-06-27,C0495,P002,Wireless Mouse,Electronics,East,6,66750.84,55346.49,11404.35,0.22
O002548,2025-09-10,C0052,P008,Pen Set,Stationery,West,10,222433.2,141190.78,81242.42,0.01
O002549,2025-07-01,C0363,P004,Office Chair,Furniture,East,3,77999.4,44058.37,33941.03,0.15
O002550,2025-01-05,C0202,P001,Laptop Pro,Electronics,East,4,142151.76,80987.96,61163.8,0.19
O002551,2025-10-24,C0061,P004,Office Chair,Furniture,North,5,237375.0,179694.97,57680.03,0.0
O002552,2025-08-08,C0024,P005,Desk,Furniture,East,6,39089.82,31799.02,7290.8,0.23
O002553,2025-02-18,C0490,P002,Wireless Mouse,Electronics,South,2,66532.2,48836.58,17695.62,0.07
O002554,2025-07-03,C0178,P006,Monitor,Electronics,South,10,316750.2,265421.88,51328.32,0.22
O002555,2025-02-06,C0018,P006,Monitor,Electronics,North,10,216115.2,142291.07,73824.13,0.04
O002556,2025-01-10,C0204,P007,Notebook,Stationery,West,8,228091.2,126343.02,101748.18,0.24
O002557,2025-05-15,C0023,P001,Laptop Pro,Electronics,South,2,64854.0,44215.49,20638.51,0.1
O002558,2025-04-22,C0340,P008,Pen Set,Stationery,South,9,132226.47,77695.2,54531.27,0.17
O002559,2025-04-26,C0011,P005,Desk,Furniture,North,5,158857.85,134388.2,24469.65,0.17
O002560,2025-03-22,C0172,P007,Notebook,Stationery,East,8,220190.88,177125.92,43064.96,0.09
O002561,2025-02-07,C0253,P001,Laptop Pro,Electronics,South,4,36052.8,28789.34,7263.46,0.16
O002562,2025-05-27,C0055,P007,Notebook,Stationery,West,6,98462.76,65709.01,32753.75,0.03
O002563,2025-10-21,C0360,P005,Desk,Furniture,South,3,112746.06,68327.61,44418.45,0.02
O002564,2025-01-08,C0378,P004,Office Chair,Furniture,North,4,74946.88,43362.37,31584.51,0.08
O002565,2025-11-23,C0392,P001,Laptop Pro,Electronics,West,7,308745.36,192436.53,116308.83,0.01
O002566,2025-02-15,C0197,P005,Desk,Furniture,West,4,4273.92,3508.27,765.65,0.04
O002567,2025-12-14,C0172,P008,Pen Set,Stationery,West,4,31001.2,17111.07,13890.13,0.15
O002568,2025-06-15,C0439,P006,Monitor,Electronics,South,10,293352.0,209133.31,84218.69,0.2
O002569,2025-06-09,C0086,P002,Wireless Mouse,Electronics,West,3,96161.4,75132.81,21028.59,0.18
O002570,2025-04-02,C0409,P001,Laptop Pro,Electronics,North,4,57405.6,45421.15,11984.45,0.1
O002571,2025-05-11,C0237,P003,Keyboard,Electronics,West,8,178003.28,107863.15,70140.13,0.09
O002572,2025-02-16,C0411,P001,Laptop Pro,Electronics,East,10,84620.0,57835.68,26784.32,0.0
O002573,2025-04-07,C0221,P003,Keyboard,Electronics,South,4,152189.28,83983.49,68205.79,0.19
O002574,2025-09-26,C0403,P002,Wireless Mouse,Electronics,North,10,396325.0,226007.32,170317.68,0.17
O002575,2025-02-24,C0396,P008,Pen Set,Stationery,North,1,41116.53,23779.29,17337.24,0.09
O002576,2025-02-11,C0374,P007,Notebook,Stationery,East,4,128477.44,91870.55,36606.89,0.09
O002577,2025-10-12,C0265,P008,Pen Set,Stationery,North,8,73308.0,42391.0,30917.0,0.18
O002578,2025-12-25,C0310,P001,Laptop Pro,Electronics,South,6,82832.64,64582.65,18249.99,0.12
O002579,2025-10-25,C0246,P002,Wireless Mouse,Electronics,South,9,189750.6,113161.94,76588.66,0.15
O002580,2025-09-21,C0071,P005,Desk,Furniture,South,6,96319.08,71970.29,24348.79,0.22
O002581,2025-11-11,C0151,P008,Pen Set,Stationery,South,3,828.63,592.77,235.86,0.01
O002582,2025-02-15,C0143,P004,Office Chair,Furniture,East,3,99444.48,56459.39,42985.09,0.24
O002583,2025-09-26,C0383,P008,Pen Set,Stationery,North,5,204796.25,120728.15,84068.1,0.05
O002584,2025-12-25,C0006,P002,Wireless Mouse,Electronics,South,7,143191.72,109278.49,33913.23,0.14
O002585,2025-05-22,C0480,P001,Laptop Pro,Electronics,South,3,6466.32,5455.0,1011.32,0.16
O002586,2025-03-07,C0357,P004,Office Chair,Furniture,North,3,21542.22,15066.8,6475.42,0.18
O002587,2025-03-08,C0258,P004,Office Chair,Furniture,North,6,269296.5,220702.85,48593.65,0.05
O002588,2025-01-02,C0350,P007,Notebook,Stationery,North,6,17722.8,11852.33,5870.47,0.1
O002589,2025-08-24,C0183,P006,Monitor,Electronics,West,10,118010.2,80481.91,37528.29,0.23
O002590,2025-12-17,C0012,P002,Wireless Mouse,Electronics,South,10,332854.0,259749.79,73104.21,0.06
O002591,2025-02-07,C0241,P002,Wireless Mouse,Electronics,East,7,245356.02,185424.45,59931.57,0.22
O002592,2025-09-29,C0112,P007,Notebook,Stationery,North,10,22448.4,13418.23,9030.17,0.22
O002593,2025-05-22,C0035,P001,Laptop Pro,Electronics,West,5,64973.55,50196.11,14777.44,0.21
O002594,2025-04-14,C0481,P007,Notebook,Stationery,North,3,26019.3,20566.63,5452.67,0.14
O002595,2025-10-13,C0454,P007,Notebook,Stationery,East,8,7767.36,5126.98,2640.38,0.13
O002596,2025-01-21,C0197,P007,Notebook,Stationery,South,7,161616.28,131410.83,30205.45,0.24
O002597,2025-07-05,C0186,P007,Notebook,Stationery,North,3,14736.96,11660.69,3076.27,0.14
O002598,2025-06-03,C0336,P005,Desk,Furniture,North,10,153932.4,120831.82,33100.58,0.19
O002599,2025-11-06,C0395,P008,Pen Set,Stationery,South,7,137564.56,103924.16,33640.4,0.24
O002600,2025-11-06,C0193,P004,Office Chair,Furniture,South,10,250404.7,160431.85,89972.85,0.09
O002601,2025-08-11,C0452,P008,Pen Set,Stationery,North,4,27444.6,18267.18,9177.42,0.21
O002602,2025-12-07,C0071,P002,Wireless Mouse,Electronics,East,5,46172.8,36280.24,9892.56,0.06
O002603,2025-09-20,C0326,P006,Monitor,Electronics,North,5,212822.4,160415.59,52406.81,0.04
O002604,2025-07-28,C0076,P008,Pen Set,Stationery,South,10,384531.5,296847.39,87684.11,0.15
O002605,2025-05-15,C0113,P005,Desk,Furniture,South,2,73649.1,55591.04,18058.06,0.15
O002606,2025-05-25,C0485,P006,Monitor,Electronics,West,4,29454.4,24704.04,4750.36,0.18
O002607,2025-04-26,C0126,P003,Keyboard,Electronics,East,6,260724.42,184981.01,75743.41,0.01
O002608,2025-07-07,C0435,P004,Office Chair,Furniture,West,1,42664.72,24472.73,18191.99,0.06
O002609,2025-08-28,C0399,P007,Notebook,Stationery,West,1,18525.75,11673.5,6852.25,0.25
O002610,2025-12-31,C0459,P005,Desk,Furniture,East,8,140032.0,93879.27,46152.73,0.2
O002611,2025-10-16,C0242,P006,Monitor,Electronics,East,4,72428.0,49321.72,23106.28,0.24
O002612,2025-02-02,C0221,P007,Notebook,Stationery,South,7,285112.1,199817.09,85295.01,0.15
O002613,2025-01-12,C0275,P005,Desk,Furniture,North,3,15500.16,9852.91,5647.25,0.04
O002614,2025-04-05,C0390,P006,Monitor,Electronics,West,10,176401.2,140138.37,36262.83,0.13
O002615,2025-08-17,C0094,P003,Keyboard,Electronics,North,6,126559.32,84683.68,41875.64,0.14
O002616,2025-05-03,C0189,P004,Office Chair,Furniture,North,1,23322.0,14759.45,8562.55,0.22
O002617,2025-01-27,C0342,P005,Desk,Furniture,East,3,73966.38,58736.06,15230.32,0.03
O002618,2025-06-04,C0398,P004,Office Chair,Furniture,East,4,31968.64,25414.22,6554.42,0.24
O002619,2025-07-31,C0113,P005,Desk,Furniture,West,4,151296.0,103765.08,47530.92,0.2
O002620,2025-11-27,C0352,P004,Office Chair,Furniture,North,2,69004.32,38573.16,30431.16,0.23
O002621,2025-03-03,C0041,P008,Pen Set,Stationery,East,9,163187.64,96709.34,66478.3,0.23
O002622,2025-07-05,C0418,P008,Pen Set,Stationery,East,2,68265.72,40749.55,27516.17,0.07
O002623,2025-12-15,C0334,P003,Keyboard,Electronics,West,7,186631.2,117191.05,69440.15,0.2
O002624,2025-11-28,C0479,P001,Laptop Pro,Electronics,North,2,62291.5,52291.35,10000.15,0.05
O002625,2025-08-16,C0237,P007,Notebook,Stationery,West,6,231430.5,142739.23,88691.27,0.21
O002626,2025-04-07,C0100,P003,Keyboard,Electronics,West,10,255402.0,165289.57,90112.43,0.1
O002627,2025-01-24,C0474,P001,Laptop Pro,Electronics,East,2,28431.48,21144.82,7286.66,0.23
O002628,2025-07-08,C0167,P003,Keyboard,Electronics,North,8,277481.12,229829.7,47651.42,0.02
O002629,2025-03-07,C0034,P001,Laptop Pro,Electronics,East,1,8940.8,6747.85,2192.95,0.12
O002630,2025-03-03,C0218,P003,Keyboard,Electronics,North,6,152139.0,126824.43,25314.57,0.17
O002631,2025-04-22,C0391,P005,Desk,Furniture,West,4,125479.4,73659.59,51819.81,0.17
O002632,2025-04-12,C0194,P002,Wireless Mouse,Electronics,East,8,67630.64,41223.43,26407.21,0.23
O002633,2025-01-14,C0308,P006,Monitor,Electronics,South,3,82994.22,50029.17,32965.05,0.19
O002634,2025-11-12,C0181,P008,Pen Set,Stationery,South,4,88238.96,58419.37,29819.59,0.03
O002635,2025-08-15,C0117,P004,Office Chair,Furniture,South,3,32469.12,24610.54,7858.58,0.04
O002636,2025-12-22,C0425,P003,Keyboard,Electronics,South,1,17317.3,11985.38,5331.92,0.09
O002637,2025-09-17,C0180,P006,Monitor,Electronics,North,4,32587.92,22096.12,10491.8,0.06
O002638,2025-08-24,C0024,P008,Pen Set,Stationery,South,7,33444.95,23925.45,9519.5,0.23
O002639,2025-09-16,C0414,P007,Notebook,Stationery,South,10,262608.0,153950.78,108657.22,0.2
O002640,2025-03-21,C0203,P004,Office Chair,Furniture,North,7,18714.08,13051.53,5662.55,0.02
O002641,2025-10-14,C0324,P006,Monitor,Electronics,South,9,103657.32,74372.34,29284.98,0.22
O002642,2025-12-29,C0391,P002,Wireless Mouse,Electronics,East,8,280710.4,207467.46,73242.94,0.2
O002643,2025-05-15,C0068,P005,Desk,Furniture,South,7,209854.05,143285.17,66568.88,0.05
O002644,2025-03-24,C0471,P004,Office Chair,Furniture,North,4,136425.0,80830.49,55594.51,0.25
O002645,2025-10-14,C0344,P002,Wireless Mouse,Electronics,South,10,181777.2,108373.86,73403.34,0.06
O002646,2025-07-13,C0094,P003,Keyboard,Electronics,East,3,110167.32,73978.26,36189.06,0.24
O002647,2025-11-22,C0405,P004,Office Chair,Furniture,West,6,256590.18,171115.73,85474.45,0.01
O002648,2025-07-23,C0351,P004,Office Chair,Furniture,West,2,82742.94,46884.35,35858.59,0.03
O002649,2025-04-28,C0439,P005,Desk,Furniture,East,2,31374.0,23552.48,7821.52,0.0
O002650,2025-02-06,C0113,P002,Wireless Mouse,Electronics,West,9,185155.2,151187.29,33967.91,0.04
O002651,2025-12-06,C0205,P003,Keyboard,Electronics,South,7,301628.25,236887.83,64740.42,0.01
O002652,2025-09-01,C0024,P008,Pen Set,Stationery,East,6,149963.52,115344.33,34619.19,0.02
O002653,2025-11-17,C0338,P006,Monitor,Electronics,North,5,183593.2,110575.24,73017.96,0.02
O002654,2025-02-09,C0290,P006,Monitor,Electronics,East,2,42950.64,27071.81,15878.83,0.24
O002655,2025-02-16,C0296,P006,Monitor,Electronics,West,7,126000.0,104580.45,21419.55,0.0
O002656,2025-04-05,C0031,P004,Office Chair,Furniture,West,10,189027.1,132129.06,56898.04,0.11
O002657,2025-03-23,C0342,P001,Laptop Pro,Electronics,North,3,3919.8,2666.95,1252.85,0.06
O002658,2025-12-05,C0046,P002,Wireless Mouse,Electronics,South,10,377792.8,223194.92,154597.88,0.12
O002659,2025-08-09,C0464,P005,Desk,Furniture,West,2,23089.28,17907.34,5181.94,0.14
O002660,2025-10-17,C0489,P008,Pen Set,Stationery,West,9,282199.68,189580.34,92619.34,0.16
O002661,2025-04-29,C0041,P004,Office Chair,Furniture,South,2,19599.58,16031.65,3567.93,0.11
O002662,2025-08-24,C0492,P003,Keyboard,Electronics,East,8,309103.2,240912.62,68190.58,0.1
O002663,2025-04-17,C0482,P008,Pen Set,Stationery,East,9,227256.12,182304.41,44951.71,0.09
O002664,2025-06-18,C0159,P004,Office Chair,Furniture,South,2,77798.28,60759.6,17038.68,0.02
O002665,2025-06-21,C0094,P001,Laptop Pro,Electronics,South,9,326542.86,236242.5,90300.36,0.18
O002666,2025-06-30,C0432,P002,Wireless Mouse,Electronics,North,3,9195.84,6674.6,2521.24,0.04
O002667,2025-11-24,C0234,P006,Monitor,Electronics,East,8,185858.64,117989.85,67868.79,0.07
O002668,2025-10-15,C0238,P008,Pen Set,Stationery,West,1,46325.07,27428.34,18896.73,0.01
O002669,2025-07-25,C0153,P005,Desk,Furniture,West,5,148989.15,101398.67,47590.48,0.17
O002670,2025-06-27,C0219,P008,Pen Set,Stationery,North,5,27153.0,16573.97,10579.03,0.1
O002671,2025-06-11,C0358,P005,Desk,Furniture,South,6,14042.16,8752.19,5289.97,0.01
O002672,2025-05-20,C0290,P008,Pen Set,Stationery,West,4,9064.4,6035.41,3028.99,0.15
O002673,2025-10-17,C0333,P003,Keyboard,Electronics,East,8,228347.84,186062.29,42285.55,0.02
O002674,2025-01-26,C0356,P003,Keyboard,Electronics,East,10,412281.0,266469.11,145811.89,0.1
O002675,2025-09-28,C0083,P008,Pen Set,Stationery,West,1,10871.77,6338.64,4533.13,0.09
O002676,2025-06-10,C0315,P007,Notebook,Stationery,East,4,104736.6,88631.72,16104.88,0.07
O002677,2025-12-03,C0223,P006,Monitor,Electronics,South,10,236472.6,150043.73,86428.87,0.09
O002678,2025-05-30,C0382,P005,Desk,Furniture,South,6,276740.1,227020.41,49719.69,0.07
O002679,2025-03-04,C0203,P005,Desk,Furniture,South,5,19932.0,12788.49,7143.51,0.2
O002680,2025-10-22,C0452,P004,Office Chair,Furniture,East,5,78578.2,49938.54,28639.66,0.14
O002681,2025-12-03,C0359,P007,Notebook,Stationery,South,5,5763.75,4338.99,1424.76,0.13
O002682,2025-03-07,C0310,P003,Keyboard,Electronics,West,4,11315.2,7922.35,3392.85,0.15
O002683,2025-09-25,C0299,P004,Office Chair,Furniture,East,10,352352.0,261714.23,90637.77,0.2
O002684,2025-10-20,C0229,P002,Wireless Mouse,Electronics,South,4,40871.92,22577.36,18294.56,0.03
O002685,2025-09-03,C0168,P001,Laptop Pro,Electronics,East,3,18125.64,14110.9,4014.74,0.22
O002686,2025-07-09,C0173,P006,Monitor,Electronics,West,4,63883.68,50168.54,13715.14,0.16
O002687,2025-05-23,C0291,P003,Keyboard,Electronics,West,3,7453.26,4195.24,3258.02,0.06
O002688,2025-10-18,C0028,P005,Desk,Furniture,North,7,29568.0,21681.67,7886.33,0.04
O002689,2025-08-25,C0171,P003,Keyboard,Electronics,West,6,41834.16,24449.54,17384.62,0.03
O002690,2025-10-26,C0173,P006,Monitor,Electronics,West,9,355969.8,216107.26,139862.54,0.15
O002691,2025-10-21,C0313,P001,Laptop Pro,Electronics,South,9,194228.64,111422.05,82806.59,0.24
O002692,2025-05-13,C0357,P002,Wireless Mouse,Electronics,East,5,211374.8,135174.9,76199.9,0.09
O002693,2025-10-05,C0282,P007,Notebook,Stationery,East,7,100855.72,62212.52,38643.2,0.02
O002694,2025-07-28,C0081,P001,Laptop Pro,Electronics,South,4,61273.68,37202.2,24071.48,0.22
O002695,2025-05-16,C0209,P001,Laptop Pro,Electronics,South,4,47740.64,30450.25,17290.39,0.08
O002696,2025-10-24,C0213,P002,Wireless Mouse,Electronics,West,1,18746.42,12845.58,5900.84,0.06
O002697,2025-11-30,C0161,P001,Laptop Pro,Electronics,South,1,29108.8,24642.72,4466.08,0.2
O002698,2025-12-01,C0046,P005,Desk,Furniture,West,7,294911.75,166636.02,128275.73,0.15
O002699,2025-01-20,C0155,P008,Pen Set,Stationery,South,5,19452.4,11797.82,7654.58,0.12
O002700,2025-07-07,C0485,P006,Monitor,Electronics,North,1,9745.92,7681.56,2064.36,0.06
O002701,2025-07-20,C0174,P003,Keyboard,Electronics,South,3,93942.0,59568.55,34373.45,0.15
O002702,2025-03-23,C0102,P008,Pen Set,Stationery,South,6,224780.4,185822.47,38957.93,0.22
O002703,2025-03-11,C0009,P003,Keyboard,Electronics,South,9,77467.32,48039.96,29427.36,0.16
O002704,2025-01-06,C0118,P006,Monitor,Electronics,North,7,198408.0,121953.04,76454.96,0.25
O002705,2025-12-21,C0063,P004,Office Chair,Furniture,West,4,60559.2,41319.06,19240.14,0.1
O002706,2025-09-02,C0313,P008,Pen Set,Stationery,East,6,4811.34,3262.38,1548.96,0.11
O002707,2025-07-09,C0108,P006,Monitor,Electronics,North,4,195014.16,123521.62,71492.54,0.01
O002708,2025-05-13,C0418,P002,Wireless Mouse,Electronics,West,3,37704.42,27027.98,10676.44,0.18
O002709,2025-03-09,C0024,P003,Keyboard,Electronics,South,4,7991.4,6113.59,1877.81,0.05
O002710,2025-01-09,C0047,P005,Desk,Furniture,West,8,28351.04,22393.54,5957.5,0.24
O002711,2025-07-11,C0030,P003,Keyboard,Electronics,West,3,104589.6,66707.48,37882.12,0.2
O002712,2025-02-22,C0426,P007,Notebook,Stationery,West,5,169611.0,116823.14,52787.86,0.22
O002713,2025-11-04,C0480,P008,Pen Set,Stationery,South,6,93247.2,68694.24,24552.96,0.1
O002714,2025-10-02,C0447,P005,Desk,Furniture,West,1,23220.47,16544.29,6676.18,0.09
O002715,2025-02-02,C0093,P003,Keyboard,Electronics,South,8,318082.56,223210.23,94872.33,0.04
O002716,2025-12-19,C0176,P006,Monitor,Electronics,West,10,22624.0,16413.26,6210.74,0.2
O002717,2025-03-17,C0485,P007,Notebook,Stationery,South,9,137740.32,113561.03,24179.29,0.18
O002718,2025-02-09,C0407,P008,Pen Set,Stationery,South,4,156955.2,113324.95,43630.25,0.05
O002719,2025-09-29,C0235,P002,Wireless Mouse,Electronics,North,3,16875.6,9520.27,7355.33,0.02
O002720,2025-11-11,C0026,P004,Office Chair,Furniture,North,6,233809.92,185224.86,48585.06,0.14
O002721,2025-11-19,C0478,P008,Pen Set,Stationery,South,1,29729.31,16672.68,13056.63,0.07
O002722,2025-05-09,C0356,P003,Keyboard,Electronics,East,6,35633.7,26220.27,9413.43,0.15
O002723,2025-02-26,C0253,P003,Keyboard,Electronics,North,10,172708.4,141486.17,31222.23,0.18
O002724,2025-05-11,C0128,P003,Keyboard,Electronics,South,3,21972.72,18316.55,3656.17,0.23
O002725,2025-03-18,C0074,P008,Pen Set,Stationery,North,3,32426.46,26172.9,6253.56,0.01
O002726,2025-05-14,C0303,P007,Notebook,Stationery,West,3,61998.51,46841.72,15156.79,0.17
O002727,2025-04-11,C0104,P004,Office Chair,Furniture,East,4,159732.72,121030.57,38702.15,0.18
O002728,2025-06-06,C0258,P005,Desk,Furniture,West,5,113958.0,91172.57,22785.43,0.22
O002729,2025-01-06,C0441,P006,Monitor,Electronics,East,1,15802.16,12504.75,3297.41,0.12
O002730,2025-06-10,C0098,P007,Notebook,Stationery,West,9,368951.31,270671.25,98280.06,0.09
O002731,2025-08-07,C0325,P008,Pen Set,Stationery,South,5,168460.8,101834.18,66626.62,0.18
O002732,2025-04-05,C0232,P003,Keyboard,Electronics,West,10,448656.4,278145.18,170511.22,0.08
O002733,2025-03-20,C0009,P008,Pen Set,Stationery,West,6,65508.48,43078.89,22429.59,0.04
O002734,2025-11-06,C0069,P002,Wireless Mouse,Electronics,North,7,139007.82,82366.02,56641.8,0.14
O002735,2025-05-27,C0060,P006,Monitor,Electronics,North,10,367451.7,218734.01,148717.69,0.23
O002736,2025-06-11,C0388,P006,Monitor,Electronics,West,7,100554.3,73145.58,27408.72,0.01
O002737,2025-03-20,C0331,P004,Office Chair,Furniture,West,7,99878.24,76512.77,23365.47,0.12
O002738,2025-04-03,C0022,P003,Keyboard,Electronics,West,10,442345.2,344668.16,97677.04,0.07
O002739,2025-01-14,C0331,P007,Notebook,Stationery,East,2,36800.54,27123.86,9676.68,0.17
O002740,2025-10-03,C0390,P002,Wireless Mouse,Electronics,North,4,44670.32,27557.59,17112.73,0.18
O002741,2025-12-27,C0439,P001,Laptop Pro,Electronics,South,5,164473.5,132450.09,32023.41,0.13
O002742,2025-03-30,C0401,P002,Wireless Mouse,Electronics,North,2,18620.3,10768.28,7852.02,0.21
O002743,2025-12-31,C0191,P006,Monitor,Electronics,South,5,139904.8,114026.71,25878.09,0.17
O002744,2025-06-02,C0458,P007,Notebook,Stationery,North,9,215622.54,182725.05,32897.49,0.13
O002745,2025-10-03,C0030,P002,Wireless Mouse,Electronics,West,10,64301.7,40422.82,23878.88,0.13
O002746,2025-01-01,C0022,P005,Desk,Furniture,West,5,239381.45,191755.57,47625.88,0.03
O002747,2025-11-23,C0269,P003,Keyboard,Electronics,West,10,255101.0,178404.48,76696.52,0.23
O002748,2025-07-18,C0327,P004,Office Chair,Furniture,West,6,189496.08,146106.16,43389.92,0.08
O002749,2025-11-02,C0223,P005,Desk,Furniture,South,7,317376.08,245524.27,71851.81,0.08
O002750,2025-08-12,C0415,P004,Office Chair,Furniture,South,5,205936.25,150983.09,54953.16,0.05
O002751,2025-02-02,C0024,P003,Keyboard,Electronics,East,2,24449.2,15688.84,8760.36,0.05
O002752,2025-02-27,C0145,P003,Keyboard,Electronics,West,10,145951.2,115119.2,30832.0,0.13
O002753,2025-07-28,C0302,P002,Wireless Mouse,Electronics,East,2,48470.76,33151.77,15318.99,0.22
O002754,2025-10-09,C0011,P002,Wireless Mouse,Electronics,North,3,84323.85,49183.41,35140.44,0.17
O002755,2025-03-28,C0362,P004,Office Chair,Furniture,North,7,175593.6,135426.59,40167.01,0.1
O002756,2025-10-04,C0173,P001,Laptop Pro,Electronics,South,1,17706.15,13711.62,3994.53,0.23
O002757,2025-06-17,C0415,P007,Notebook,Stationery,South,4,26060.0,19272.48,6787.52,0.0
O002758,2025-01-01,C0479,P005,Desk,Furniture,East,4,108881.76,77845.01,31036.75,0.22
O002759,2025-11-10,C0032,P003,Keyboard,Electronics,North,7,272603.52,213586.5,59017.02,0.04
O002760,2025-08-23,C0388,P008,Pen Set,Stationery,West,7,204482.95,122527.05,81955.9,0.17
O002761,2025-04-16,C0452,P004,Office Chair,Furniture,West,4,37351.2,31669.45,5681.75,0.21
O002762,2025-09-16,C0173,P004,Office Chair,Furniture,North,4,114825.6,88885.94,25939.66,0.1
O002763,2025-10-10,C0157,P007,Notebook,Stationery,North,3,70114.2,43775.78,26338.42,0.11
O002764,2025-03-22,C0103,P001,Laptop Pro,Electronics,South,2,24274.56,17034.73,7239.83,0.04
O002765,2025-04-25,C0179,P003,Keyboard,Electronics,South,2,76208.04,53530.85,22677.19,0.14
O002766,2025-06-16,C0363,P008,Pen Set,Stationery,North,10,378654.9,268279.46,110375.44,0.21
O002767,2025-08-05,C0387,P007,Notebook,Stationery,East,8,234064.8,174423.4,59641.4,0.1
O002768,2025-02-21,C0439,P003,Keyboard,Electronics,East,1,32605.56,23197.81,9407.75,0.22
O002769,2025-07-29,C0060,P004,Office Chair,Furniture,West,2,79361.52,58093.4,21268.12,0.03
O002770,2025-11-26,C0127,P002,Wireless Mouse,Electronics,East,6,211086.0,170128.7,40957.3,0.1
O002771,2025-03-19,C0360,P006,Monitor,Electronics,West,8,77919.68,43244.71,34674.97,0.18
O002772,2025-07-16,C0392,P007,Notebook,Stationery,South,6,208884.48,139905.84,68978.64,0.24
O002773,2025-06-07,C0316,P006,Monitor,Electronics,South,10,61818.1,42312.34,19505.76,0.03
O002774,2025-11-18,C0326,P006,Monitor,Electronics,North,6,75724.8,56895.73,18829.07,0.15
O002775,2025-08-16,C0138,P008,Pen Set,Stationery,West,5,39323.5,28798.52,10524.98,0.14
O002776,2025-06-05,C0033,P003,Keyboard,Electronics,West,10,242088.9,204937.65,37151.25,0.11
O002777,2025-11-01,C0235,P007,Notebook,Stationery,East,8,11111.2,7955.33,3155.87,0.14
O002778,2025-10-20,C0146,P008,Pen Set,Stationery,West,5,167640.2,123272.89,44367.31,0.09
O002779,2025-09-16,C0434,P005,Desk,Furniture,East,2,63765.9,46707.17,17058.73,0.05
O002780,2025-09-23,C0484,P002,Wireless Mouse,Electronics,East,7,200558.4,160781.39,39777.01,0.06
O002781,2025-02-24,C0195,P004,Office Chair,Furniture,East,7,287039.9,227487.21,59552.69,0.15
O002782,2025-03-27,C0340,P001,Laptop Pro,Electronics,West,5,88347.6,69591.46,18756.14,0.08
O002783,2025-01-17,C0084,P001,Laptop Pro,Electronics,West,6,66348.0,54159.14,12188.86,0.03
O002784,2025-11-05,C0462,P003,Keyboard,Electronics,North,8,19879.2,12662.32,7216.88,0.1
O002785,2025-07-03,C0267,P001,Laptop Pro,Electronics,North,9,99937.8,79957.15,19980.65,0.07
O002786,2025-04-08,C0448,P004,Office Chair,Furniture,North,1,28591.68,20641.49,7950.19,0.22
O002787,2025-05-02,C0317,P006,Monitor,Electronics,West,8,134101.44,95514.71,38586.73,0.17
O002788,2025-05-02,C0008,P005,Desk,Furniture,South,2,66362.66,56094.66,10268.0,0.09
O002789,2025-12-14,C0177,P008,Pen Set,Stationery,West,6,6136.02,3766.63,2369.39,0.01
O002790,2025-07-02,C0331,P007,Notebook,Stationery,South,2,60852.48,47681.95,13170.53,0.22
O002791,2025-10-17,C0099,P001,Laptop Pro,Electronics,West,6,142781.04,102429.33,40351.71,0.07
O002792,2025-09-03,C0468,P005,Desk,Furniture,North,7,178276.28,124935.32,53340.96,0.14
O002793,2025-01-18,C0016,P002,Wireless Mouse,Electronics,North,9,269040.96,218853.0,50187.96,0.04
O002794,2025-04-29,C0139,P004,Office Chair,Furniture,East,7,134332.38,78834.65,55497.73,0.22
O002795,2025-07-21,C0248,P005,Desk,Furniture,East,5,37480.75,31163.1,6317.65,0.15
O002796,2025-07-11,C0085,P006,Monitor,Electronics,East,7,198405.9,132983.69,65422.21,0.23
O002797,2025-06-15,C0467,P001,Laptop Pro,Electronics,East,7,53144.0,31238.78,21905.22,0.2
O002798,2025-04-02,C0095,P007,Notebook,Stationery,South,8,67513.28,45749.77,21763.51,0.08
O002799,2025-11-22,C0332,P002,Wireless Mouse,Electronics,East,10,6605.6,4060.04,2545.56,0.08
O002800,2025-07-19,C0156,P008,Pen Set,Stationery,East,1,15090.24,10474.44,4615.8,0.12
O002801,2025-03-29,C0050,P006,Monitor,Electronics,South,6,221894.52,151137.24,70757.28,0.06
O002802,2025-03-12,C0148,P004,Office Chair,Furniture,East,6,3168.0,1820.18,1347.82,0.12
O002803,2025-11-02,C0029,P006,Monitor,Electronics,North,4,26342.4,21038.88,5303.52,0.04
O002804,2025-02-04,C0476,P004,Office Chair,Furniture,West,7,50391.6,42024.15,8367.45,0.16
O002805,2025-08-06,C0396,P004,Office Chair,Furniture,East,3,95085.12,66407.07,28678.05,0.24
O002806,2025-06-14,C0284,P004,Office Chair,Furniture,East,10,197008.8,150457.52,46551.28,0.14
O002807,2025-06-27,C0072,P003,Keyboard,Electronics,East,3,95869.98,57626.81,38243.17,0.17
O002808,2025-07-08,C0315,P002,Wireless Mouse,Electronics,North,7,41384.28,26829.74,14554.54,0.24
O002809,2025-11-23,C0025,P008,Pen Set,Stationery,East,2,6968.08,3941.62,3026.46,0.08
O002810,2025-05-18,C0242,P005,Desk,Furniture,South,10,59013.2,40496.77,18516.43,0.06
O002811,2025-09-28,C0375,P006,Monitor,Electronics,East,4,76370.04,48820.99,27549.05,0.19
O002812,2025-10-20,C0236,P002,Wireless Mouse,Electronics,South,8,58269.12,37297.14,20971.98,0.09
O002813,2025-09-08,C0262,P005,Desk,Furniture,North,5,188670.0,122637.58,66032.42,0.05
O002814,2025-02-05,C0353,P004,Office Chair,Furniture,South,4,29158.92,19722.67,9436.25,0.13
O002815,2025-01-20,C0263,P004,Office Chair,Furniture,West,9,267151.5,181165.37,85986.13,0.25
O002816,2025-10-06,C0244,P003,Keyboard,Electronics,South,9,38304.63,23068.06,15236.57,0.09
O002817,2025-02-02,C0161,P001,Laptop Pro,Electronics,South,5,162700.9,104908.06,57792.84,0.11
O002818,2025-12-05,C0109,P002,Wireless Mouse,Electronics,East,8,335012.48,217092.92,117919.56,0.08
O002819,2025-02-24,C0183,P004,Office Chair,Furniture,West,8,267260.4,188035.12,79225.28,0.01
O002820,2025-02-14,C0377,P008,Pen Set,Stationery,West,4,72060.12,47880.69,24179.43,0.07
O002821,2025-02-03,C0159,P008,Pen Set,Stationery,South,7,64587.25,43224.83,21362.42,0.15
O002822,2025-07-12,C0323,P004,Office Chair,Furniture,West,7,54436.55,39340.07,15096.48,0.15
O002823,2025-01-15,C0354,P005,Desk,Furniture,North,6,18620.1,13453.67,5166.43,0.15
O002824,2025-04-27,C0296,P002,Wireless Mouse,Electronics,North,1,29819.7,19444.99,10374.71,0.15
O002825,2025-11-01,C0210,P004,Office Chair,Furniture,East,6,64262.52,36982.78,27279.74,0.02
O002826,2025-09-21,C0398,P005,Desk,Furniture,East,3,119506.86,75657.48,43849.38,0.07
O002827,2025-07-09,C0422,P008,Pen Set,Stationery,West,10,217996.6,156589.57,61407.03,0.11
O002828,2025-09-23,C0380,P006,Monitor,Electronics,North,10,186632.1,109725.78,76906.32,0.19
O002829,2025-08-25,C0375,P001,Laptop Pro,Electronics,North,3,28226.94,21835.17,6391.77,0.02
O002830,2025-08-20,C0461,P003,Keyboard,Electronics,North,5,149880.8,111179.98,38700.82,0.14
O002831,2025-05-15,C0474,P008,Pen Set,Stationery,East,1,17581.86,12460.9,5120.96,0.19
O002832,2025-03-23,C0268,P002,Wireless Mouse,Electronics,West,5,60996.15,47465.06,13531.09,0.11
O002833,2025-04-18,C0271,P002,Wireless Mouse,Electronics,East,2,19912.88,14764.58,5148.3,0.18
O002834,2025-11-09,C0252,P007,Notebook,Stationery,North,9,55958.04,40482.1,15475.94,0.19
O002835,2025-11-13,C0337,P005,Desk,Furniture,South,6,227862.0,181451.03,46410.97,0.0
O002836,2025-03-17,C0287,P002,Wireless Mouse,Electronics,West,8,212392.48,140417.33,71975.15,0.14
O002837,2025-02-15,C0322,P007,Notebook,Stationery,East,10,129842.2,102159.27,27682.93,0.06
O002838,2025-06-13,C0100,P001,Laptop Pro,Electronics,South,8,394288.0,315761.74,78526.26,0.0
O002839,2025-05-04,C0404,P007,Notebook,Stationery,North,1,39769.38,23327.05,16442.33,0.19
O002840,2025-08-31,C0158,P001,Laptop Pro,Electronics,South,4,136211.28,98351.57,37859.71,0.03
O002841,2025-10-21,C0031,P006,Monitor,Electronics,East,6,45949.08,31152.45,14796.63,0.06
O002842,2025-02-01,C0451,P002,Wireless Mouse,Electronics,South,9,412064.73,261670.22,150394.51,0.03
O002843,2025-06-25,C0478,P005,Desk,Furniture,West,4,165559.68,110947.88,54611.8,0.12
O002844,2025-02-10,C0112,P004,Office Chair,Furniture,East,7,314023.5,258913.56,55109.94,0.1
O002845,2025-11-13,C0031,P007,Notebook,Stationery,North,10,154641.0,96279.23,58361.77,0.05
O002846,2025-08-09,C0047,P006,Monitor,Electronics,East,9,145596.24,122733.5,22862.74,0.24
O002847,2025-07-17,C0421,P005,Desk,Furniture,West,8,329556.48,245584.98,83971.5,0.06
O002848,2025-03-01,C0052,P004,Office Chair,Furniture,West,10,276386.8,181619.43,94767.37,0.14
O002849,2025-12-04,C0069,P005,Desk,Furniture,South,4,78881.92,57901.96,20979.96,0.24
O002850,2025-10-06,C0305,P008,Pen Set,Stationery,West,8,86208.96,69534.26,16674.7,0.11
O002851,2025-04-01,C0267,P007,Notebook,Stationery,North,7,3229.59,2017.89,1211.7,0.09
O002852,2025-07-31,C0040,P007,Notebook,Stationery,North,5,83324.5,63446.49,19878.01,0.02
O002853,2025-11-21,C0457,P002,Wireless Mouse,Electronics,South,10,403480.0,336759.3,66720.7,0.12
O002854,2025-05-16,C0022,P006,Monitor,Electronics,East,9,289694.79,194929.37,94765.42,0.23
O002855,2025-03-11,C0252,P002,Wireless Mouse,Electronics,South,1,10441.4,7455.77,2985.63,0.17
O002856,2025-03-10,C0479,P001,Laptop Pro,Electronics,North,5,42028.8,25745.13,16283.67,0.12
O002857,2025-10-24,C0118,P005,Desk,Furniture,East,5,207064.5,121095.0,85969.5,0.07
O002858,2025-08-03,C0254,P004,Office Chair,Furniture,West,1,34114.5,26922.7,7191.8,0.1
O002859,2025-10-19,C0089,P005,Desk,Furniture,South,10,313659.6,259070.22,54589.38,0.24
O002860,2025-06-13,C0387,P005,Desk,Furniture,East,10,298746.3,188475.08,110271.22,0.11
O002861,2025-03-11,C0434,P002,Wireless Mouse,Electronics,West,4,75648.24,61867.17,13781.07,0.13
O002862,2025-08-06,C0413,P002,Wireless Mouse,Electronics,North,8,109973.76,61187.41,48786.35,0.22
O002863,2025-01-18,C0104,P002,Wireless Mouse,Electronics,East,7,101827.53,79394.92,22432.61,0.19
O002864,2025-09-17,C0253,P004,Office Chair,Furniture,South,10,269098.2,220753.03,48345.17,0.19
O002865,2025-04-24,C0375,P008,Pen Set,Stationery,South,8,278134.56,233227.0,44907.56,0.19
O002866,2025-05-09,C0049,P004,Office Chair,Furniture,South,7,106647.03,73037.45,33609.58,0.19
O002867,2025-06-28,C0099,P001,Laptop Pro,Electronics,West,10,8534.4,4982.51,3551.89,0.16
O002868,2025-05-16,C0404,P001,Laptop Pro,Electronics,South,3,104506.83,61656.11,42850.72,0.03
O002869,2025-04-30,C0458,P001,Laptop Pro,Electronics,North,5,19504.8,11724.64,7780.16,0.16
O002870,2025-05-24,C0034,P001,Laptop Pro,Electronics,North,6,156837.12,86604.96,70232.16,0.12
O002871,2025-02-21,C0290,P001,Laptop Pro,Electronics,South,8,308611.2,234929.15,73682.05,0.15
O002872,2025-10-10,C0330,P003,Keyboard,Electronics,North,5,91983.75,57219.36,34764.39,0.25
O002873,2025-11-21,C0473,P001,Laptop Pro,Electronics,South,10,261047.0,167819.26,93227.74,0.18
O002874,2025-10-13,C0244,P003,Keyboard,Electronics,South,5,136230.0,76077.42,60152.58,0.24
O002875,2025-07-11,C0041,P007,Notebook,Stationery,West,5,170275.5,103016.62,67258.88,0.1
O002876,2025-12-22,C0331,P005,Desk,Furniture,South,3,34478.82,21704.57,12774.25,0.07
O002877,2025-01-27,C0019,P003,Keyboard,Electronics,South,7,45710.28,36501.08,9209.2,0.03
O002878,2025-04-21,C0026,P005,Desk,Furniture,West,7,215938.03,163305.87,52632.16,0.11
O002879,2025-03-28,C0029,P001,Laptop Pro,Electronics,South,3,97178.4,73694.03,23484.37,0.1
O002880,2025-07-20,C0458,P001,Laptop Pro,Electronics,West,1,36030.88,28382.49,7648.39,0.08
O002881,2025-10-06,C0299,P003,Keyboard,Electronics,North,2,68497.52,46083.83,22413.69,0.09
O002882,2025-01-31,C0050,P001,Laptop Pro,Electronics,West,6,161905.92,104250.66,57655.26,0.12
O002883,2025-01-07,C0014,P004,Office Chair,Furniture,West,3,50292.24,36156.39,14135.85,0.24
O002884,2025-01-18,C0336,P004,Office Chair,Furniture,West,10,298341.4,231450.45,66890.95,0.02
O002885,2025-07-14,C0290,P003,Keyboard,Electronics,North,3,18417.39,13116.14,5301.25,0.03
O002886,2025-03-03,C0013,P008,Pen Set,Stationery,East,2,77635.8,46019.44,31616.36,0.1
O002887,2025-09-11,C0057,P006,Monitor,Electronics,South,5,220158.0,128475.93,91682.07,0.1
O002888,2025-07-28,C0028,P002,Wireless Mouse,Electronics,South,8,4357.44,2797.12,1560.32,0.11
O002889,2025-03-09,C0095,P004,Office Chair,Furniture,East,5,76669.5,63574.51,13094.99,0.21
O002890,2025-04-03,C0110,P003,Keyboard,Electronics,East,2,76793.4,45555.47,31237.93,0.1
O002891,2025-01-09,C0299,P002,Wireless Mouse,Electronics,East,3,111362.79,83443.66,27919.13,0.23
O002892,2025-01-12,C0107,P005,Desk,Furniture,South,8,195274.56,129417.88,65856.68,0.22
O002893,2025-08-29,C0210,P007,Notebook,Stationery,North,6,122868.48,101598.08,21270.4,0.02
O002894,2025-12-13,C0069,P008,Pen Set,Stationery,East,10,162909.4,90778.32,72131.08,0.18
O002895,2025-01-19,C0068,P006,Monitor,Electronics,North,6,198634.2,115919.75,82714.45,0.14
O002896,2025-10-02,C0298,P002,Wireless Mouse,Electronics,North,10,426208.3,356533.81,69674.49,0.03
O002897,2025-12-26,C0147,P003,Keyboard,Electronics,West,7,194490.66,164930.09,29560.57,0.22
O002898,2025-09-21,C0346,P005,Desk,Furniture,West,8,260862.56,212248.85,48613.71,0.11
O002899,2025-01-05,C0257,P003,Keyboard,Electronics,East,4,111322.12,63190.47,48131.65,0.09
O002900,2025-08-13,C0421,P005,Desk,Furniture,North,8,135915.12,105301.66,30613.46,0.01
O002901,2025-10-18,C0067,P002,Wireless Mouse,Electronics,North,10,20512.8,15095.64,5417.16,0.12
O002902,2025-09-28,C0478,P007,Notebook,Stationery,South,5,15137.1,10919.66,4217.44,0.01
O002903,2025-06-16,C0118,P007,Notebook,Stationery,East,10,403746.0,323029.79,80716.21,0.16
O002904,2025-01-21,C0259,P005,Desk,Furniture,South,9,241407.54,201180.52,40227.02,0.07
O002905,2025-05-21,C0222,P002,Wireless Mouse,Electronics,South,4,114981.92,77390.37,37591.55,0.24
O002906,2025-09-09,C0352,P003,Keyboard,Electronics,South,1,10996.58,6597.4,4399.18,0.02
O002907,2025-04-22,C0002,P001,Laptop Pro,Electronics,North,6,130506.0,79927.25,50578.75,0.0
O002908,2025-05-30,C0381,P001,Laptop Pro,Electronics,West,1,31449.63,19643.44,11806.19,0.13
O002909,2025-09-22,C0267,P008,Pen Set,Stationery,North,4,151750.68,83682.73,68067.95,0.03
O002910,2025-10-24,C0489,P002,Wireless Mouse,Electronics,North,5,36027.0,19843.49,16183.51,0.1
O002911,2025-05-01,C0072,P007,Notebook,Stationery,West,10,401322.6,239060.02,162262.58,0.19
O002912,2025-10-23,C0373,P004,Office Chair,Furniture,West,8,308656.16,232102.1,76554.06,0.21
O002913,2025-06-03,C0279,P001,Laptop Pro,Electronics,North,7,4713.66,3629.12,1084.54,0.14
O002914,2025-01-12,C0472,P007,Notebook,Stationery,East,8,123184.8,69253.16,53931.64,0.1
O002915,2025-05-06,C0488,P004,Office Chair,Furniture,West,4,111274.52,64431.77,46842.75,0.03
O002916,2025-12-06,C0310,P002,Wireless Mouse,Electronics,East,2,53820.0,34740.93,19079.07,0.22
O002917,2025-06-08,C0077,P005,Desk,Furniture,North,6,190362.24,137441.41,52920.83,0.04
O002918,2025-06-15,C0391,P004,Office Chair,Furniture,South,5,218815.0,144178.44,74636.56,0.0
O002919,2025-10-22,C0311,P005,Desk,Furniture,East,7,188094.06,121601.96,66492.1,0.01
O002920,2025-08-15,C0076,P005,Desk,Furniture,North,10,430962.0,289316.25,141645.75,0.07
O002921,2025-01-09,C0415,P002,Wireless Mouse,Electronics,South,1,35190.63,28658.21,6532.42,0.03
O002922,2025-09-20,C0229,P002,Wireless Mouse,Electronics,East,9,70512.75,52587.38,17925.37,0.23
O002923,2025-09-14,C0455,P001,Laptop Pro,Electronics,North,3,74387.52,52760.36,21627.16,0.04
O002924,2025-04-27,C0405,P008,Pen Set,Stationery,East,5,208573.2,123221.49,85351.71,0.08
O002925,2025-06-26,C0233,P004,Office Chair,Furniture,North,7,138559.68,114888.93,23670.75,0.04
O002926,2025-10-14,C0487,P001,Laptop Pro,Electronics,South,5,28387.2,16419.45,11967.75,0.04
O002927,2025-02-05,C0322,P006,Monitor,Electronics,South,2,70181.44,47414.71,22766.73,0.03
O002928,2025-07-23,C0059,P006,Monitor,Electronics,North,6,223152.0,167289.82,55862.18,0.0
O002929,2025-08-07,C0210,P001,Laptop Pro,Electronics,North,8,304335.36,172440.8,131894.56,0.04
O002930,2025-08-23,C0045,P001,Laptop Pro,Electronics,North,2,14747.28,10422.07,4325.21,0.14
O002931,2025-11-18,C0219,P002,Wireless Mouse,Electronics,North,3,30015.0,17653.19,12361.81,0.25
O002932,2025-09-30,C0367,P006,Monitor,Electronics,East,2,16628.04,13657.19,2970.85,0.01
O002933,2025-04-25,C0490,P001,Laptop Pro,Electronics,East,8,344586.64,267202.48,77384.16,0.11
O002934,2025-12-02,C0091,P005,Desk,Furniture,South,7,330838.2,268837.72,62000.48,0.01
O002935,2025-01-13,C0055,P008,Pen Set,Stationery,North,7,80384.08,51442.09,28941.99,0.21
O002936,2025-11-17,C0105,P006,Monitor,Electronics,East,4,2358.72,1806.2,552.52,0.09
O002937,2025-08-04,C0043,P008,Pen Set,Stationery,West,3,48515.28,34809.73,13705.55,0.06
O002938,2025-02-21,C0384,P007,Notebook,Stationery,South,9,97459.2,62895.79,34563.41,0.04
O002939,2025-07-20,C0434,P008,Pen Set,Stationery,West,3,69516.12,38312.98,31203.14,0.11
O002940,2025-03-08,C0142,P007,Notebook,Stationery,North,6,220776.0,184527.02,36248.98,0.2
O002941,2025-05-19,C0405,P008,Pen Set,Stationery,East,7,224080.64,180805.69,43274.95,0.11
O002942,2025-11-24,C0107,P008,Pen Set,Stationery,East,8,36360.64,26305.26,10055.38,0.17
O002943,2025-09-19,C0156,P001,Laptop Pro,Electronics,West,1,20711.52,12067.69,8643.83,0.24
O002944,2025-04-18,C0158,P005,Desk,Furniture,North,3,23766.96,19232.9,4534.06,0.06
O002945,2025-02-26,C0078,P005,Desk,Furniture,North,7,275703.75,196936.6,78767.15,0.19
O002946,2025-03-25,C0183,P006,Monitor,Electronics,East,7,99757.7,77348.43,22409.27,0.15
O002947,2025-05-25,C0330,P003,Keyboard,Electronics,North,1,22169.28,14031.46,8137.82,0.16
O002948,2025-04-11,C0280,P002,Wireless Mouse,Electronics,North,2,72401.08,50529.97,21871.11,0.18
O002949,2025-04-30,C0158,P003,Keyboard,Electronics,South,8,132184.0,99218.24,32965.76,0.0
O002950,2025-04-02,C0371,P006,Monitor,Electronics,North,10,165656.7,134049.41,31607.29,0.13
O002951,2025-07-27,C0133,P005,Desk,Furniture,North,10,241077.0,204414.43,36662.57,0.13
O002952,2025-03-24,C0418,P006,Monitor,Electronics,East,2,10204.5,6168.86,4035.64,0.25
O002953,2025-04-06,C0127,P005,Desk,Furniture,North,4,140049.0,80483.15,59565.85,0.19
O002954,2025-09-28,C0218,P002,Wireless Mouse,Electronics,North,7,22791.16,17621.95,5169.21,0.08
O002955,2025-09-16,C0198,P004,Office Chair,Furniture,North,8,73906.24,56833.47,17072.77,0.03
O002956,2025-02-23,C0305,P001,Laptop Pro,Electronics,West,4,42696.64,32434.94,10261.7,0.02
O002957,2025-01-07,C0108,P001,Laptop Pro,Electronics,East,2,9700.8,5429.83,4270.97,0.2
O002958,2025-02-20,C0302,P008,Pen Set,Stationery,West,2,30989.56,23457.78,7531.78,0.03
O002959,2025-07-18,C0453,P007,Notebook,Stationery,South,1,47821.0,35344.61,12476.39,0.03
O002960,2025-05-13,C0051,P006,Monitor,Electronics,East,10,370755.0,284193.93,86561.07,0.25
O002961,2025-11-18,C0062,P008,Pen Set,Stationery,North,9,152600.76,126106.12,26494.64,0.22
O002962,2025-12-28,C0062,P004,Office Chair,Furniture,North,8,169418.08,120122.97,49295.11,0.06
O002963,2025-08-16,C0268,P008,Pen Set,Stationery,North,3,95985.36,77764.32,18221.04,0.13
O002964,2025-04-27,C0240,P008,Pen Set,Stationery,North,3,78715.95,44621.82,34094.13,0.15
O002965,2025-02-26,C0399,P007,Notebook,Stationery,West,2,55770.66,42222.73,13547.93,0.01
O002966,2025-10-29,C0325,P003,Keyboard,Electronics,West,3,33590.1,27333.43,6256.67,0.17
O002967,2025-09-06,C0174,P005,Desk,Furniture,South,8,209556.72,148919.84,60636.88,0.19
O002968,2025-01-04,C0094,P001,Laptop Pro,Electronics,East,8,190397.12,110775.47,79621.65,0.14
O002969,2025-09-14,C0017,P001,Laptop Pro,Electronics,North,9,174297.6,120205.49,54092.11,0.2
O002970,2025-03-11,C0110,P003,Keyboard,Electronics,West,5,171802.8,104498.43,67304.37,0.22
O002971,2025-07-16,C0309,P003,Keyboard,Electronics,West,3,22045.5,12376.68,9668.82,0.1
O002972,2025-07-19,C0411,P006,Monitor,Electronics,West,8,123919.2,85708.46,38210.74,0.1
O002973,2025-10-23,C0436,P006,Monitor,Electronics,East,2,49017.8,28700.82,20316.98,0.15
O002974,2025-07-28,C0459,P003,Keyboard,Electronics,East,2,42160.14,24648.17,17511.97,0.01
O002975,2025-04-22,C0102,P003,Keyboard,Electronics,East,7,34748.0,28782.57,5965.43,0.0
O002976,2025-04-19,C0360,P001,Laptop Pro,Electronics,North,9,120112.2,71702.45,48409.75,0.22
O002977,2025-09-15,C0034,P004,Office Chair,Furniture,South,10,85327.5,68823.78,16503.72,0.07
O002978,2025-11-04,C0415,P001,Laptop Pro,Electronics,North,1,15364.58,11854.96,3509.62,0.23
O002979,2025-02-06,C0194,P001,Laptop Pro,Electronics,West,6,90187.02,52333.74,37853.28,0.01
O002980,2025-05-06,C0119,P006,Monitor,Electronics,East,9,191500.92,128551.5,62949.42,0.17
O002981,2025-01-09,C0420,P004,Office Chair,Furniture,North,5,177580.9,97836.79,79744.11,0.02
O002982,2025-09-09,C0259,P005,Desk,Furniture,West,8,208792.8,177074.57,31718.23,0.06
O002983,2025-02-26,C0071,P002,Wireless Mouse,Electronics,North,6,175759.32,114434.79,61324.53,0.06
O002984,2025-10-31,C0191,P008,Pen Set,Stationery,West,8,139488.0,82325.25,57162.75,0.2
O002985,2025-11-24,C0024,P002,Wireless Mouse,Electronics,West,6,135032.88,89515.21,45517.67,0.06
O002986,2025-05-30,C0223,P003,Keyboard,Electronics,East,4,173973.6,103697.4,70276.2,0.1
O002987,2025-02-03,C0227,P005,Desk,Furniture,North,7,187972.4,105453.18,82519.22,0.12
O002988,2025-03-04,C0186,P001,Laptop Pro,Electronics,West,8,106161.44,74314.29,31847.15,0.02
O002989,2025-09-04,C0341,P005,Desk,Furniture,North,8,210216.0,163083.8,47132.2,0.25
O002990,2025-09-29,C0009,P004,Office Chair,Furniture,South,2,59052.96,49817.67,9235.29,0.08
O002991,2025-06-16,C0362,P008,Pen Set,Stationery,West,5,19659.15,13780.6,5878.55,0.21
O002992,2025-05-13,C0395,P003,Keyboard,Electronics,West,7,23278.08,14009.39,9268.69,0.04
O002993,2025-06-03,C0024,P007,Notebook,Stationery,West,3,84781.8,59759.16,25022.64,0.05
O002994,2025-07-13,C0350,P007,Notebook,Stationery,South,7,112904.12,77180.79,35723.33,0.03
O002995,2025-06-23,C0107,P003,Keyboard,Electronics,West,8,29261.6,22295.06,6966.54,0.21
O002996,2025-04-22,C0458,P008,Pen Set,Stationery,West,7,309121.54,226005.75,83115.79,0.03
O002997,2025-01-16,C0409,P008,Pen Set,Stationery,East,10,32535.0,24451.57,8083.43,0.1
O002998,2025-06-21,C0400,P007,Notebook,Stationery,East,10,420424.4,238490.08,181934.32,0.06
O002999,2025-09-26,C0484,P004,Office Chair,Furniture,South,5,2702.7,1507.08,1195.62,0.09
O003000,2025-06-17,C0306,P008,Pen Set,Stationery,West,4,137016.0,78803.71,58212.29,0.1
O003001,2025-06-14,C0211,P007,Notebook,Stationery,West,5,3578.8,2700.36,878.44,0.08
O003002,2025-12-30,C0174,P001,Laptop Pro,Electronics,East,8,224264.0,154520.59,69743.41,0.15
O003003,2025-01-15,C0124,P005,Desk,Furniture,East,3,68244.15,49545.86,18698.29,0.21
O003004,2025-03-08,C0234,P003,Keyboard,Electronics,South,3,89635.35,60121.33,29514.02,0.05
O003005,2025-03-17,C0247,P003,Keyboard,Electronics,North,1,44619.84,37173.14,7446.7,0.04
O003006,2025-09-08,C0219,P002,Wireless Mouse,Electronics,North,2,48442.8,36108.03,12334.77,0.21
O003007,2025-03-22,C0316,P008,Pen Set,Stationery,East,2,53600.64,42013.86,11586.78,0.04
O003008,2025-10-11,C0120,P002,Wireless Mouse,Electronics,North,5,70219.15,47134.22,23084.93,0.21
O003009,2025-01-05,C0107,P006,Monitor,Electronics,South,3,16559.19,13853.52,2705.67,0.21
O003010,2025-10-19,C0407,P003,Keyboard,Electronics,North,1,9726.48,8252.63,1473.85,0.19
O003011,2025-02-09,C0032,P002,Wireless Mouse,Electronics,West,5,50974.45,32144.04,18830.41,0.17
O003012,2025-01-10,C0472,P001,Laptop Pro,Electronics,South,2,52323.04,42701.76,9621.28,0.12
O003013,2025-06-25,C0351,P002,Wireless Mouse,Electronics,North,7,80460.45,63045.57,17414.88,0.11
O003014,2025-08-23,C0094,P001,Laptop Pro,Electronics,East,5,182528.25,110507.15,72021.1,0.05
O003015,2025-08-14,C0082,P005,Desk,Furniture,East,7,250375.58,146204.25,104171.33,0.06
O003016,2025-04-24,C0491,P008,Pen Set,Stationery,North,7,86439.43,47679.89,38759.54,0.23
O003017,2025-11-12,C0374,P007,Notebook,Stationery,East,6,101406.48,82574.58,18831.9,0.02
O003018,2025-08-25,C0359,P002,Wireless Mouse,Electronics,South,10,119318.2,73674.2,45644.0,0.18
O003019,2025-10-21,C0061,P008,Pen Set,Stationery,West,3,83418.66,49885.99,33532.67,0.22
O003020,2025-10-16,C0419,P004,Office Chair,Furniture,West,6,255081.42,214901.52,40179.9,0.01
O003021,2025-11-27,C0170,P001,Laptop Pro,Electronics,South,3,69886.14,47925.73,21960.41,0.18
O003022,2025-04-16,C0302,P008,Pen Set,Stationery,West,3,91826.28,60308.68,31517.6,0.16
O003023,2025-08-20,C0371,P005,Desk,Furniture,North,10,413960.4,274079.22,139881.18,0.16
O003024,2025-07-06,C0386,P007,Notebook,Stationery,West,5,1719.0,1200.8,518.2,0.1
O003025,2025-02-22,C0290,P001,Laptop Pro,Electronics,South,3,8054.76,6037.3,2017.46,0.14
O003026,2025-06-03,C0452,P001,Laptop Pro,Electronics,South,3,30132.0,24745.47,5386.53,0.19
O003027,2025-10-27,C0116,P001,Laptop Pro,Electronics,South,5,73856.8,60869.89,12986.91,0.14
O003028,2025-03-27,C0126,P003,Keyboard,Electronics,East,6,72248.4,43493.1,28755.3,0.06
O003029,2025-06-19,C0177,P002,Wireless Mouse,Electronics,North,1,8232.0,6764.73,1467.27,0.2
O003030,2025-06-18,C0408,P002,Wireless Mouse,Electronics,North,10,451209.4,293869.7,157339.7,0.06
O003031,2025-10-14,C0146,P004,Office Chair,Furniture,South,7,233058.21,166943.14,66115.07,0.13
O003032,2025-05-07,C0202,P004,Office Chair,Furniture,South,4,40032.72,25555.41,14477.31,0.22
O003033,2025-10-16,C0383,P007,Notebook,Stationery,South,3,1617.6,902.61,714.99,0.2
O003034,2025-10-24,C0030,P002,Wireless Mouse,Electronics,West,3,43397.37,25046.35,18351.02,0.19
O003035,2025-11-04,C0315,P006,Monitor,Electronics,South,10,238675.6,193892.83,44782.77,0.08
O003036,2025-04-12,C0039,P001,Laptop Pro,Electronics,West,2,17950.24,12545.85,5404.39,0.06
O003037,2025-01-08,C0197,P008,Pen Set,Stationery,South,5,176244.25,105396.87,70847.38,0.09
O003038,2025-11-15,C0408,P005,Desk,Furniture,North,2,70900.4,48527.14,22373.26,0.05
O003039,2025-02-21,C0247,P003,Keyboard,Electronics,East,3,69743.07,53067.31,16675.76,0.11
O003040,2025-05-21,C0243,P004,Office Chair,Furniture,East,7,45725.4,36877.14,8848.26,0.24
O003041,2025-02-22,C0460,P003,Keyboard,Electronics,South,9,287303.94,179726.53,107577.41,0.23
O003042,2025-04-28,C0014,P001,Laptop Pro,Electronics,North,10,272570.0,216037.75,56532.25,0.03
O003043,2025-02-01,C0098,P003,Keyboard,Electronics,South,9,147392.28,87142.53,60249.75,0.08
O003044,2025-07-01,C0006,P002,Wireless Mouse,Electronics,East,2,38824.08,31370.55,7453.53,0.17
O003045,2025-10-25,C0328,P002,Wireless Mouse,Electronics,North,5,57211.4,33861.84,23349.56,0.18
O003046,2025-08-15,C0249,P005,Desk,Furniture,West,4,138594.44,97740.6,40853.84,0.21
O003047,2025-12-21,C0380,P003,Keyboard,Electronics,East,5,130679.0,76846.43,53832.57,0.15
O003048,2025-05-11,C0322,P003,Keyboard,Electronics,East,3,16500.42,10244.78,6255.64,0.13
O003049,2025-06-04,C0396,P002,Wireless Mouse,Electronics,West,10,98547.6,82852.73,15694.87,0.18
O003050,2025-10-22,C0102,P008,Pen Set,Stationery,South,1,25056.24,16653.91,8402.33,0.12
O003051,2025-07-01,C0049,P004,Office Chair,Furniture,East,3,98924.7,70974.22,27950.48,0.15
O003052,2025-05-29,C0492,P001,Laptop Pro,Electronics,West,3,59402.64,42346.39,17056.25,0.12
O003053,2025-07-03,C0377,P005,Desk,Furniture,South,1,31521.96,22098.06,9423.9,0.08
O003054,2025-03-11,C0208,P003,Keyboard,Electronics,South,6,245853.6,193762.24,52091.36,0.11
O003055,2025-10-27,C0399,P001,Laptop Pro,Electronics,South,9,142884.0,83958.47,58925.53,0.1
O003056,2025-06-13,C0378,P006,Monitor,Electronics,East,5,56167.8,41636.87,14530.93,0.22
O003057,2025-04-04,C0446,P002,Wireless Mouse,Electronics,East,10,248409.6,148476.2,99933.4,0.04
O003058,2025-12-06,C0479,P001,Laptop Pro,Electronics,West,2,66783.1,51342.9,15440.2,0.05
O003059,2025-10-29,C0390,P003,Keyboard,Electronics,East,5,141643.2,95376.4,46266.8,0.04
O003060,2025-03-25,C0126,P003,Keyboard,Electronics,East,1,4850.6,2914.52,1936.08,0.21
O003061,2025-01-07,C0311,P002,Wireless Mouse,Electronics,West,5,161409.1,117539.15,43869.95,0.14
O003062,2025-07-24,C0001,P007,Notebook,Stationery,East,3,121904.19,71961.71,49942.48,0.11
O003063,2025-02-04,C0245,P006,Monitor,Electronics,East,1,34813.87,21175.94,13637.93,0.09
O003064,2025-02-13,C0295,P001,Laptop Pro,Electronics,South,1,44368.0,25398.97,18969.03,0.06
O003065,2025-03-24,C0153,P004,Office Chair,Furniture,West,6,69733.98,42069.88,27664.1,0.13
O003066,2025-12-22,C0024,P002,Wireless Mouse,Electronics,West,2,73299.32,59053.85,14245.47,0.06
O003067,2025-06-14,C0205,P001,Laptop Pro,Electronics,East,9,76095.36,56898.23,19197.13,0.12
O003068,2025-01-29,C0243,P007,Notebook,Stationery,West,2,73057.14,58393.55,14663.59,0.19
O003069,2025-07-01,C0006,P003,Keyboard,Electronics,North,7,123956.0,87725.7,36230.3,0.05
O003070,2025-02-16,C0228,P006,Monitor,Electronics,West,4,117292.8,74060.21,43232.59,0.04
O003071,2025-04-12,C0403,P003,Keyboard,Electronics,West,4,171981.0,145308.75,26672.25,0.03
O003072,2025-05-25,C0365,P002,Wireless Mouse,Electronics,North,1,32597.18,23964.32,8632.86,0.23
O003073,2025-07-19,C0179,P007,Notebook,Stationery,East,5,35389.2,27059.46,8329.74,0.23
O003074,2025-08-29,C0338,P005,Desk,Furniture,West,2,93626.3,56513.13,37113.17,0.05
O003075,2025-08-05,C0440,P006,Monitor,Electronics,South,8,173091.36,134252.35,38839.01,0.22
O003076,2025-05-23,C0451,P005,Desk,Furniture,West,10,183891.5,154910.83,28980.67,0.05
O003077,2025-10-09,C0226,P002,Wireless Mouse,Electronics,North,8,137030.24,79481.11,57549.13,0.21
O003078,2025-06-03,C0358,P002,Wireless Mouse,Electronics,South,8,277535.2,168362.76,109172.44,0.15
O003079,2025-05-17,C0396,P001,Laptop Pro,Electronics,East,3,49045.8,33527.16,15518.64,0.14
O003080,2025-06-21,C0408,P002,Wireless Mouse,Electronics,South,8,85302.4,55754.09,29548.31,0.05
O003081,2025-01-06,C0085,P007,Notebook,Stationery,East,10,150819.4,117376.2,33443.2,0.11
O003082,2025-03-12,C0215,P005,Desk,Furniture,North,9,178094.7,118174.76,59919.94,0.19
O003083,2025-12-28,C0137,P005,Desk,Furniture,North,8,87658.4,59621.92,28036.48,0.05
O003084,2025-06-22,C0321,P001,Laptop Pro,Electronics,East,1,36095.28,25276.01,10819.27,0.08
O003085,2025-05-01,C0165,P008,Pen Set,Stationery,North,5,56977.2,43749.03,13228.17,0.02
O003086,2025-12-11,C0219,P001,Laptop Pro,Electronics,North,10,128849.6,73868.93,54980.67,0.12
O003087,2025-05-31,C0114,P005,Desk,Furniture,West,8,286520.64,220939.44,65581.2,0.16
O003088,2025-07-12,C0043,P005,Desk,Furniture,West,5,62793.95,41999.97,20793.98,0.11
O003089,2025-03-09,C0348,P006,Monitor,Electronics,West,7,92836.38,74707.65,18128.73,0.22
O003090,2025-02-04,C0189,P004,Office Chair,Furniture,East,7,196578.69,161272.9,35305.79,0.23
O003091,2025-10-20,C0018,P002,Wireless Mouse,Electronics,North,9,177328.8,137246.01,40082.79,0.2
O003092,2025-02-26,C0006,P003,Keyboard,Electronics,East,8,193140.64,115900.06,77240.58,0.23
O003093,2025-10-15,C0198,P006,Monitor,Electronics,North,1,40860.79,32785.77,8075.02,0.11
O003094,2025-01-18,C0173,P005,Desk,Furniture,North,4,86439.6,70421.54,16018.06,0.1
O003095,2025-09-18,C0126,P004,Office Chair,Furniture,South,4,109036.92,73866.16,35170.76,0.07
O003096,2025-01-12,C0419,P001,Laptop Pro,Electronics,West,7,187313.28,140440.3,46872.98,0.16
O003097,2025-04-04,C0216,P008,Pen Set,Stationery,West,2,55614.02,33641.53,21972.49,0.23
O003098,2025-01-09,C0395,P008,Pen Set,Stationery,West,10,393371.4,225946.51,167424.89,0.07
O003099,2025-11-03,C0414,P007,Notebook,Stationery,North,6,75627.36,49070.59,26556.77,0.13
O003100,2025-06-05,C0349,P007,Notebook,Stationery,South,8,375782.0,253432.27,122349.73,0.05
O003101,2025-11-23,C0166,P008,Pen Set,Stationery,North,7,10075.59,6493.45,3582.14,0.19
O003102,2025-08-22,C0031,P005,Desk,Furniture,East,10,89695.9,52506.59,37189.31,0.03
O003103,2025-08-15,C0016,P007,Notebook,Stationery,West,2,56036.76,42298.69,13738.07,0.22
O003104,2025-07-25,C0391,P007,Notebook,Stationery,South,4,39319.88,30620.79,8699.09,0.21
O003105,2025-04-01,C0393,P001,Laptop Pro,Electronics,North,8,77580.8,56173.54,21407.26,0.24
O003106,2025-06-15,C0495,P003,Keyboard,Electronics,South,8,55480.32,37482.72,17997.6,0.14
O003107,2025-01-04,C0274,P004,Office Chair,Furniture,West,8,43617.12,35954.73,7662.39,0.11
O003108,2025-03-22,C0016,P005,Desk,Furniture,South,10,167011.2,121282.48,45728.72,0.04
O003109,2025-06-04,C0352,P004,Office Chair,Furniture,North,2,71940.96,60235.62,11705.34,0.19
O003110,2025-08-03,C0231,P002,Wireless Mouse,Electronics,North,5,96037.65,70409.88,25627.77,0.19
O003111,2025-10-03,C0225,P007,Notebook,Stationery,South,10,117325.6,76495.54,40830.06,0.02
O003112,2025-05-20,C0119,P001,Laptop Pro,Electronics,East,6,77121.0,54690.4,22430.6,0.25
O003113,2025-12-14,C0421,P004,Office Chair,Furniture,North,1,44066.88,35758.93,8307.95,0.04
O003114,2025-01-03,C0198,P008,Pen Set,Stationery,West,9,60879.6,42652.21,18227.39,0.1
O003115,2025-09-28,C0297,P005,Desk,Furniture,North,4,173125.6,141081.52,32044.08,0.03
O003116,2025-10-25,C0472,P002,Wireless Mouse,Electronics,South,7,236849.9,192972.34,43877.56,0.21
O003117,2025-01-24,C0059,P002,Wireless Mouse,Electronics,West,6,1687.2,1155.11,532.09,0.05
O003118,2025-08-17,C0451,P001,Laptop Pro,Electronics,North,10,93852.0,60018.65,33833.35,0.1
O003119,2025-11-24,C0460,P004,Office Chair,Furniture,North,1,28418.04,15898.01,12520.03,0.16
O003120,2025-08-01,C0282,P008,Pen Set,Stationery,South,3,76469.76,45857.49,30612.27,0.04
O003121,2025-12-05,C0436,P005,Desk,Furniture,North,5,159661.4,133150.89,26510.51,0.08
O003122,2025-06-23,C0488,P008,Pen Set,Stationery,South,3,88839.18,64305.0,24534.18,0.13
O003123,2025-08-05,C0480,P008,Pen Set,Stationery,North,5,29498.0,21001.13,8496.87,0.02
O003124,2025-03-09,C0008,P007,Notebook,Stationery,North,2,18300.8,12295.27,6005.53,0.2
O003125,2025-11-22,C0388,P003,Keyboard,Electronics,South,1,13385.4,9194.26,4191.14,0.16
O003126,2025-05-18,C0112,P007,Notebook,Stationery,East,4,136363.92,85823.19,50540.73,0.23
O003127,2025-12-15,C0421,P007,Notebook,Stationery,West,3,119198.58,101258.71,17939.87,0.06
O003128,2025-12-05,C0477,P001,Laptop Pro,Electronics,South,2,23814.0,18429.98,5384.02,0.0
O003129,2025-11-02,C0010,P005,Desk,Furniture,North,3,101317.32,62257.96,39059.36,0.22
O003130,2025-10-10,C0466,P003,Keyboard,Electronics,East,4,110110.0,60856.31,49253.69,0.09
O003131,2025-11-29,C0390,P008,Pen Set,Stationery,West,7,321212.43,235453.03,85759.4,0.01
O003132,2025-03-10,C0433,P001,Laptop Pro,Electronics,East,3,138462.12,91749.13,46712.99,0.07
O003133,2025-05-11,C0257,P001,Laptop Pro,Electronics,North,6,132291.84,103085.7,29206.14,0.06
O003134,2025-07-24,C0424,P008,Pen Set,Stationery,East,6,91851.12,77271.52,14579.6,0.17
O003135,2025-09-13,C0128,P003,Keyboard,Electronics,East,2,36326.16,26190.68,10135.48,0.22
O003136,2025-03-07,C0119,P005,Desk,Furniture,West,7,182394.24,111128.37,71265.87,0.04
O003137,2025-11-16,C0497,P001,Laptop Pro,Electronics,West,7,149105.6,109040.28,40065.32,0.2
O003138,2025-10-18,C0419,P005,Desk,Furniture,West,10,48781.3,35339.27,13442.03,0.03
O003139,2025-11-06,C0269,P003,Keyboard,Electronics,West,3,146281.41,91714.3,54567.11,0.01
O003140,2025-07-16,C0214,P003,Keyboard,Electronics,West,3,69961.86,41182.58,28779.28,0.14
O003141,2025-06-26,C0194,P002,Wireless Mouse,Electronics,South,8,255013.6,153792.64,101220.96,0.15
O003142,2025-07-24,C0285,P004,Office Chair,Furniture,West,4,68723.64,52947.52,15776.12,0.19
O003143,2025-08-11,C0007,P008,Pen Set,Stationery,East,8,305793.6,252252.0,53541.6,0.05
O003144,2025-05-09,C0459,P002,Wireless Mouse,Electronics,South,4,58808.52,33206.63,25601.89,0.13
O003145,2025-11-03,C0044,P002,Wireless Mouse,Electronics,South,6,67911.6,52550.72,15360.88,0.15
O003146,2025-05-29,C0153,P003,Keyboard,Electronics,North,7,5855.85,4796.18,1059.67,0.01
O003147,2025-02-04,C0490,P008,Pen Set,Stationery,East,7,54304.6,41668.63,12635.97,0.21
O003148,2025-04-22,C0154,P004,Office Chair,Furniture,North,1,15438.96,11103.81,4335.15,0.18
O003149,2025-03-19,C0462,P001,Laptop Pro,Electronics,West,4,108972.8,76140.59,32832.21,0.2
O003150,2025-06-17,C0427,P003,Keyboard,Electronics,West,1,33116.0,22533.24,10582.76,0.15
O003151,2025-03-11,C0152,P005,Desk,Furniture,North,3,117230.4,97529.42,19700.98,0.2
O003152,2025-04-04,C0120,P006,Monitor,Electronics,East,10,392212.8,222260.47,169952.33,0.16
O003153,2025-08-08,C0312,P004,Office Chair,Furniture,North,1,28928.9,24531.65,4397.25,0.23
O003154,2025-10-19,C0482,P005,Desk,Furniture,North,9,330974.1,272925.25,58048.85,0.1
O003155,2025-08-31,C0338,P006,Monitor,Electronics,East,7,238953.68,131733.77,107219.91,0.03
O003156,2025-09-27,C0221,P004,Office Chair,Furniture,East,1,25157.45,16923.72,8233.73,0.15
O003157,2025-11-25,C0494,P008,Pen Set,Stationery,East,3,121150.08,99901.03,21249.05,0.19
O003158,2025-05-12,C0062,P001,Laptop Pro,Electronics,South,5,65784.0,42246.89,23537.11,0.2
O003159,2025-11-13,C0162,P006,Monitor,Electronics,West,4,16645.44,11562.73,5082.71,0.16
O003160,2025-11-25,C0087,P002,Wireless Mouse,Electronics,North,1,3164.48,2211.21,953.27,0.12
O003161,2025-10-22,C0391,P008,Pen Set,Stationery,South,6,24082.8,13868.04,10214.76,0.06
O003162,2025-10-26,C0306,P001,Laptop Pro,Electronics,North,3,126264.48,93006.94,33257.54,0.08
O003163,2025-04-08,C0153,P004,Office Chair,Furniture,South,9,273061.35,187835.23,85226.12,0.05
O003164,2025-11-08,C0001,P005,Desk,Furniture,East,5,71992.7,45786.16,26206.54,0.21
O003165,2025-08-01,C0444,P008,Pen Set,Stationery,South,7,11724.86,9821.1,1903.76,0.11
O003166,2025-12-21,C0429,P004,Office Chair,Furniture,West,6,20808.48,16968.41,3840.07,0.23
O003167,2025-08-30,C0323,P007,Notebook,Stationery,North,6,25242.84,18490.13,6752.71,0.19
O003168,2025-03-27,C0443,P006,Monitor,Electronics,East,2,52910.84,44355.37,8555.47,0.17
O003169,2025-01-19,C0310,P002,Wireless Mouse,Electronics,North,5,104611.5,88028.5,16583.0,0.1
O003170,2025-02-10,C0374,P006,Monitor,Electronics,North,9,2416.05,1723.57,692.48,0.09
O003171,2025-07-20,C0343,P006,Monitor,Electronics,East,8,128533.44,101570.98,26962.46,0.07
O003172,2025-11-28,C0252,P004,Office Chair,Furniture,West,10,425568.1,284922.74,140645.36,0.03
O003173,2025-01-07,C0368,P001,Laptop Pro,Electronics,East,1,18881.0,11777.0,7104.0,0.0
O003174,2025-05-08,C0310,P006,Monitor,Electronics,South,5,34286.7,28986.44,5300.26,0.13
O003175,2025-07-15,C0202,P003,Keyboard,Electronics,South,2,70418.7,43145.67,27273.03,0.01
O003176,2025-10-11,C0205,P001,Laptop Pro,Electronics,East,4,123279.52,98158.89,25120.63,0.09
O003177,2025-06-14,C0081,P001,Laptop Pro,Electronics,East,8,242224.16,144236.14,97988.02,0.14
O003178,2025-04-16,C0444,P002,Wireless Mouse,Electronics,South,7,108716.72,82927.83,25788.89,0.17
O003179,2025-04-08,C0310,P004,Office Chair,Furniture,West,6,256176.0,156274.09,99901.91,0.1
O003180,2025-01-28,C0391,P005,Desk,Furniture,West,5,6759.9,4746.59,2013.31,0.13
O003181,2025-09-05,C0497,P008,Pen Set,Stationery,North,1,27333.88,19995.71,7338.17,0.18
O003182,2025-11-11,C0048,P003,Keyboard,Electronics,East,1,36679.42,26770.31,9909.11,0.18
O003183,2025-03-16,C0416,P004,Office Chair,Furniture,West,2,11819.9,9536.86,2283.04,0.05
O003184,2025-06-23,C0288,P007,Notebook,Stationery,North,2,11972.88,7575.28,4397.6,0.08
O003185,2025-02-27,C0305,P006,Monitor,Electronics,West,3,74366.22,55584.43,18781.79,0.06
O003186,2025-03-23,C0076,P001,Laptop Pro,Electronics,North,5,120028.0,90221.53,29806.47,0.2
O003187,2025-09-01,C0245,P006,Monitor,Electronics,East,4,121850.96,91806.92,30044.04,0.23
O003188,2025-01-30,C0443,P006,Monitor,Electronics,South,5,86310.4,65549.92,20760.48,0.12
O003189,2025-02-07,C0422,P004,Office Chair,Furniture,East,2,47440.08,30209.02,17231.06,0.19
O003190,2025-07-18,C0209,P004,Office Chair,Furniture,South,10,160600.5,126521.34,34079.16,0.11
O003191,2025-07-12,C0473,P007,Notebook,Stationery,North,3,45443.4,35340.57,10102.83,0.08
O003192,2025-10-01,C0155,P006,Monitor,Electronics,North,4,4233.08,2816.31,1416.77,0.03
O003193,2025-01-04,C0111,P003,Keyboard,Electronics,West,6,153892.8,126525.24,27367.56,0.2
O003194,2025-05-02,C0022,P007,Notebook,Stationery,West,1,16839.13,9523.37,7315.76,0.23
O003195,2025-03-08,C0375,P007,Notebook,Stationery,North,4,90502.4,59848.28,30654.12,0.21
O003196,2025-01-06,C0441,P007,Notebook,Stationery,South,5,3045.0,2211.68,833.32,0.16
O003197,2025-05-02,C0328,P001,Laptop Pro,Electronics,North,10,59625.0,33843.79,25781.21,0.25
O003198,2025-03-22,C0353,P003,Keyboard,Electronics,South,6,53840.16,33848.65,19991.51,0.01
O003199,2025-04-29,C0440,P008,Pen Set,Stationery,North,6,197746.56,144204.06,53542.5,0.12
O003200,2025-08-09,C0023,P003,Keyboard,Electronics,South,7,20304.9,15532.89,4772.01,0.01
O003201,2025-05-12,C0416,P008,Pen Set,Stationery,East,6,150191.58,112414.77,37776.81,0.23
O003202,2025-11-06,C0145,P003,Keyboard,Electronics,East,1,19629.51,14075.36,5554.15,0.07
O003203,2025-11-19,C0288,P006,Monitor,Electronics,North,4,132778.24,95232.72,37545.52,0.02
O003204,2025-05-25,C0391,P007,Notebook,Stationery,East,6,226251.48,138784.56,87466.92,0.09
O003205,2025-12-18,C0190,P007,Notebook,Stationery,South,7,57231.72,41729.67,15502.05,0.22
O003206,2025-07-28,C0195,P002,Wireless Mouse,Electronics,North,8,285852.16,184222.91,101629.25,0.12
O003207,2025-06-08,C0278,P004,Office Chair,Furniture,West,7,38752.0,31083.25,7668.75,0.2
O003208,2025-03-20,C0388,P001,Laptop Pro,Electronics,West,8,6599.28,5339.53,1259.75,0.07
O003209,2025-02-02,C0188,P007,Notebook,Stationery,East,1,8350.5,6596.34,1754.16,0.05
O003210,2025-02-04,C0226,P001,Laptop Pro,Electronics,South,2,37604.8,28364.12,9240.68,0.24
O003211,2025-01-28,C0178,P002,Wireless Mouse,Electronics,West,7,183534.4,118344.82,65189.58,0.2
O003212,2025-04-18,C0126,P001,Laptop Pro,Electronics,East,6,49824.0,31920.57,17903.43,0.04
O003213,2025-05-16,C0375,P005,Desk,Furniture,East,8,278025.36,212104.59,65920.77,0.07
O003214,2025-08-28,C0299,P004,Office Chair,Furniture,North,2,71624.0,54313.84,17310.16,0.2
O003215,2025-11-26,C0478,P006,Monitor,Electronics,West,8,56883.84,43834.8,13049.04,0.14
O003216,2025-06-19,C0199,P007,Notebook,Stationery,North,5,212791.5,130748.13,82043.37,0.1
O003217,2025-11-18,C0344,P004,Office Chair,Furniture,West,4,69929.6,48843.65,21085.95,0.18
O003218,2025-04-06,C0497,P007,Notebook,Stationery,South,9,5348.07,3693.44,1654.63,0.09
O003219,2025-01-04,C0413,P008,Pen Set,Stationery,North,8,377174.56,237472.03,139702.53,0.02
O003220,2025-05-04,C0112,P003,Keyboard,Electronics,South,3,4776.15,3246.57,1529.58,0.15
O003221,2025-03-10,C0108,P003,Keyboard,Electronics,West,10,404650.4,317990.55,86659.85,0.12
O003222,2025-03-10,C0165,P005,Desk,Furniture,South,5,13376.0,9606.66,3769.34,0.05
O003223,2025-12-01,C0096,P003,Keyboard,Electronics,East,7,193380.46,156220.45,37160.01,0.09
O003224,2025-12-30,C0082,P003,Keyboard,Electronics,South,8,192339.84,141674.61,50665.23,0.23
O003225,2025-01-12,C0295,P006,Monitor,Electronics,North,3,9492.42,7174.4,2318.02,0.03
O003226,2025-03-31,C0265,P005,Desk,Furniture,East,1,3983.64,2416.75,1566.89,0.11
O003227,2025-02-06,C0310,P005,Desk,Furniture,South,3,32195.88,22485.38,9710.5,0.24
O003228,2025-06-18,C0432,P001,Laptop Pro,Electronics,East,8,140275.2,113427.27,26847.93,0.2
O003229,2025-06-15,C0224,P006,Monitor,Electronics,North,3,76308.21,63167.5,13140.71,0.01
O003230,2025-07-21,C0404,P004,Office Chair,Furniture,East,9,128261.16,70689.09,57572.07,0.03
O003231,2025-08-10,C0321,P004,Office Chair,Furniture,South,4,170242.56,133135.99,37106.57,0.04
O003232,2025-02-08,C0213,P003,Keyboard,Electronics,North,8,208743.04,128482.0,80261.04,0.12
O003233,2025-08-15,C0002,P007,Notebook,Stationery,South,7,113525.72,63402.2,50123.52,0.18
O003234,2025-11-11,C0161,P006,Monitor,Electronics,South,1,14378.0,8056.94,6321.06,0.09
O003235,2025-01-20,C0328,P005,Desk,Furniture,West,3,115782.21,88964.48,26817.73,0.07
O003236,2025-12-12,C0332,P005,Desk,Furniture,West,1,6917.04,4365.17,2551.87,0.22
O003237,2025-03-12,C0191,P008,Pen Set,Stationery,North,6,192286.08,131914.58,60371.5,0.04
O003238,2025-07-27,C0098,P007,Notebook,Stationery,East,3,2614.11,1629.98,984.13,0.21
O003239,2025-08-18,C0137,P007,Notebook,Stationery,East,5,111421.6,70732.36,40689.24,0.18
O003240,2025-10-28,C0358,P008,Pen Set,Stationery,West,10,134713.6,111488.09,23225.51,0.03
O003241,2025-09-17,C0219,P005,Desk,Furniture,North,10,49547.4,40835.4,8712.0,0.06
O003242,2025-12-05,C0107,P006,Monitor,Electronics,South,6,5293.08,3859.53,1433.55,0.22
O003243,2025-04-24,C0500,P007,Notebook,Stationery,East,7,130586.05,76985.23,53600.82,0.05
O003244,2025-10-27,C0361,P007,Notebook,Stationery,North,2,17011.86,13023.95,3987.91,0.03
O003245,2025-04-27,C0129,P002,Wireless Mouse,Electronics,North,6,226347.12,187830.92,38516.2,0.07
O003246,2025-12-24,C0471,P001,Laptop Pro,Electronics,South,2,20180.62,13744.64,6435.98,0.17
O003247,2025-06-05,C0481,P003,Keyboard,Electronics,West,4,118465.76,90147.67,28318.09,0.24
O003248,2025-08-25,C0383,P005,Desk,Furniture,West,3,120798.72,80851.49,39947.23,0.04
O003249,2025-03-07,C0105,P002,Wireless Mouse,Electronics,West,9,258742.35,212866.82,45875.53,0.13
O003250,2025-05-29,C0035,P008,Pen Set,Stationery,West,1,18324.6,15424.9,2899.7,0.16
O003251,2025-12-24,C0371,P001,Laptop Pro,Electronics,East,7,314963.18,242328.32,72634.86,0.02
O003252,2025-11-03,C0275,P006,Monitor,Electronics,East,7,124740.0,105263.41,19476.59,0.12
O003253,2025-12-18,C0228,P007,Notebook,Stationery,East,1,41127.33,28978.08,12149.25,0.17
O003254,2025-11-14,C0440,P007,Notebook,Stationery,West,4,153599.44,129226.21,24373.23,0.14
O003255,2025-10-06,C0031,P003,Keyboard,Electronics,South,4,83468.8,47177.28,36291.52,0.2
O003256,2025-08-03,C0166,P007,Notebook,Stationery,East,2,45680.4,25225.75,20454.65,0.1
O003257,2025-06-19,C0256,P006,Monitor,Electronics,West,8,313554.96,261920.29,51634.67,0.13
O003258,2025-06-30,C0052,P006,Monitor,Electronics,South,6,240361.02,196264.45,44096.57,0.19
O003259,2025-07-17,C0269,P005,Desk,Furniture,West,8,211608.48,116819.43,94789.05,0.07
O003260,2025-05-30,C0350,P006,Monitor,Electronics,North,9,197222.4,159109.34,38113.06,0.2
O003261,2025-02-24,C0079,P006,Monitor,Electronics,South,2,49282.2,30880.53,18401.67,0.1
O003262,2025-11-10,C0242,P005,Desk,Furniture,East,5,84476.0,59444.72,25031.28,0.02
O003263,2025-10-01,C0219,P001,Laptop Pro,Electronics,North,3,38244.15,25698.57,12545.58,0.05
O003264,2025-08-20,C0011,P004,Office Chair,Furniture,South,6,145070.64,111567.58,33503.06,0.22
O003265,2025-05-18,C0079,P007,Notebook,Stationery,South,4,9943.44,6358.73,3584.71,0.22
O003266,2025-01-25,C0277,P007,Notebook,Stationery,South,1,11445.39,8676.82,2768.57,0.01
O003267,2025-12-09,C0297,P001,Laptop Pro,Electronics,North,10,149177.7,91561.89,57615.81,0.19
O003268,2025-10-22,C0450,P007,Notebook,Stationery,West,2,70410.56,48966.13,21444.43,0.12
O003269,2025-02-26,C0108,P003,Keyboard,Electronics,East,5,83478.75,59818.5,23660.25,0.25
O003270,2025-01-22,C0238,P007,Notebook,Stationery,South,10,155851.8,99690.17,56161.63,0.13
O003271,2025-09-18,C0499,P006,Monitor,Electronics,North,7,287414.89,183872.68,103542.21,0.17
O003272,2025-05-09,C0347,P006,Monitor,Electronics,North,8,283295.04,174745.33,108549.71,0.16
O003273,2025-12-03,C0222,P006,Monitor,Electronics,North,10,334951.2,188760.82,146190.38,0.19
O003274,2025-01-23,C0411,P003,Keyboard,Electronics,South,10,154817.1,115370.03,39447.07,0.07
O003275,2025-06-20,C0267,P002,Wireless Mouse,Electronics,East,6,178311.3,138870.96,39440.34,0.15
O003276,2025-04-27,C0050,P001,Laptop Pro,Electronics,West,8,80459.92,47959.7,32500.22,0.21
O003277,2025-11-09,C0188,P008,Pen Set,Stationery,North,8,131704.08,90623.31,41080.77,0.13
O003278,2025-12-18,C0268,P005,Desk,Furniture,South,2,52807.56,40732.81,12074.75,0.22
O003279,2025-11-07,C0164,P004,Office Chair,Furniture,West,1,28730.88,22041.54,6689.34,0.13
O003280,2025-04-23,C0087,P005,Desk,Furniture,West,2,66911.98,41713.45,25198.53,0.11
O003281,2025-05-24,C0085,P001,Laptop Pro,Electronics,West,6,245378.64,187697.35,57681.29,0.14
O003282,2025-08-16,C0099,P007,Notebook,Stationery,North,8,119325.36,73138.82,46186.54,0.23
O003283,2025-11-25,C0469,P007,Notebook,Stationery,North,7,66990.42,41138.21,25852.21,0.21
O003284,2025-02-16,C0240,P006,Monitor,Electronics,South,2,53759.86,42441.73,11318.13,0.23
O003285,2025-10-16,C0160,P005,Desk,Furniture,West,3,59724.0,47570.8,12153.2,0.21
O003286,2025-03-15,C0113,P001,Laptop Pro,Electronics,West,7,67188.38,46229.0,20959.38,0.06
O003287,2025-03-19,C0453,P002,Wireless Mouse,Electronics,South,8,286320.48,207233.45,79087.03,0.13
O003288,2025-12-29,C0417,P004,Office Chair,Furniture,West,8,282624.08,160243.39,122380.69,0.21
O003289,2025-01-29,C0344,P006,Monitor,Electronics,East,5,202198.9,149895.84,52303.06,0.14
O003290,2025-11-18,C0406,P008,Pen Set,Stationery,West,8,281674.56,176848.53,104826.03,0.08
O003291,2025-02-09,C0420,P007,Notebook,Stationery,North,8,152904.0,111314.8,41589.2,0.08
O003292,2025-02-03,C0165,P008,Pen Set,Stationery,West,4,106237.44,69672.93,36564.51,0.13
O003293,2025-11-08,C0391,P001,Laptop Pro,Electronics,West,9,316941.84,222803.25,94138.59,0.08
O003294,2025-09-20,C0227,P003,Keyboard,Electronics,West,7,240996.0,151603.92,89392.08,0.05
O003295,2025-12-17,C0246,P004,Office Chair,Furniture,West,9,11912.94,9981.2,1931.74,0.22
O003296,2025-04-03,C0059,P002,Wireless Mouse,Electronics,North,3,40249.2,30363.1,9886.1,0.15
O003297,2025-03-21,C0476,P006,Monitor,Electronics,West,2,56253.6,40167.71,16085.89,0.22
O003298,2025-09-08,C0004,P002,Wireless Mouse,Electronics,West,9,64576.8,36031.65,28545.15,0.2
O003299,2025-10-28,C0068,P007,Notebook,Stationery,South,10,20287.8,11444.81,8842.99,0.22
O003300,2025-11-07,C0458,P008,Pen Set,Stationery,South,3,100186.56,66752.97,33433.59,0.14
O003301,2025-08-12,C0339,P004,Office Chair,Furniture,East,5,202261.95,167656.77,34605.18,0.13
O003302,2025-09-09,C0168,P008,Pen Set,Stationery,West,1,13201.18,7435.85,5765.33,0.18
O003303,2025-04-08,C0174,P007,Notebook,Stationery,East,9,337065.3,286156.01,50909.29,0.22
O003304,2025-03-29,C0431,P008,Pen Set,Stationery,South,1,28573.45,22056.43,6517.02,0.11
O003305,2025-06-12,C0226,P002,Wireless Mouse,Electronics,North,6,118913.34,66925.91,51987.43,0.09
O003306,2025-11-05,C0346,P006,Monitor,Electronics,South,3,124614.84,86424.42,38190.42,0.02
O003307,2025-09-18,C0276,P005,Desk,Furniture,South,5,86436.9,57073.71,29363.19,0.01
O003308,2025-01-27,C0334,P002,Wireless Mouse,Electronics,North,2,40385.8,32968.11,7417.69,0.02
O003309,2025-04-12,C0206,P003,Keyboard,Electronics,West,4,136569.6,109972.61,26596.99,0.2
O003310,2025-10-01,C0309,P002,Wireless Mouse,Electronics,North,6,200922.12,159881.9,41040.22,0.19
O003311,2025-11-13,C0229,P001,Laptop Pro,Electronics,North,10,374405.2,303947.18,70458.02,0.11
O003312,2025-11-18,C0137,P003,Keyboard,Electronics,East,4,127877.6,101188.13,26689.47,0.24
O003313,2025-10-22,C0415,P007,Notebook,Stationery,East,9,161800.47,136381.29,25419.18,0.07
O003314,2025-06-02,C0417,P001,Laptop Pro,Electronics,North,4,91636.64,62146.31,29490.33,0.18
O003315,2025-09-03,C0112,P002,Wireless Mouse,Electronics,West,7,78057.98,57290.4,20767.58,0.23
O003316,2025-08-20,C0362,P004,Office Chair,Furniture,South,2,39897.3,27906.8,11990.5,0.15
O003317,2025-10-14,C0397,P003,Keyboard,Electronics,South,8,120311.04,80373.89,39937.15,0.03
O003318,2025-07-08,C0472,P001,Laptop Pro,Electronics,East,3,88218.51,57291.57,30926.94,0.21
O003319,2025-07-10,C0036,P003,Keyboard,Electronics,East,4,57803.52,33360.79,24442.73,0.04
O003320,2025-01-13,C0485,P005,Desk,Furniture,West,9,125582.4,99100.73,26481.67,0.15
O003321,2025-12-30,C0131,P004,Office Chair,Furniture,West,5,77248.0,62104.9,15143.1,0.2
O003322,2025-10-06,C0146,P003,Keyboard,Electronics,North,2,36991.08,26696.11,10294.97,0.19
O003323,2025-02-28,C0218,P008,Pen Set,Stationery,North,5,187664.4,155522.43,32141.97,0.23
O003324,2025-03-26,C0040,P008,Pen Set,Stationery,North,1,22264.0,13324.3,8939.7,0.0
O003325,2025-05-27,C0457,P007,Notebook,Stationery,North,10,356357.4,285171.0,71186.4,0.02
O003326,2025-01-30,C0362,P004,Office Chair,Furniture,East,5,75202.15,50083.22,25118.93,0.17
O003327,2025-03-07,C0303,P004,Office Chair,Furniture,South,8,220774.56,170169.32,50605.24,0.07
O003328,2025-04-14,C0395,P007,Notebook,Stationery,North,5,183724.8,114352.01,69372.79,0.16
O003329,2025-01-16,C0295,P003,Keyboard,Electronics,West,7,266119.49,220838.48,45281.01,0.09
O003330,2025-08-20,C0236,P003,Keyboard,Electronics,North,2,57340.92,38687.05,18653.87,0.22
O003331,2025-03-13,C0161,P007,Notebook,Stationery,West,7,170216.06,97599.82,72616.24,0.11
O003332,2025-03-10,C0407,P004,Office Chair,Furniture,South,5,46384.0,38337.11,8046.89,0.2
O003333,2025-02-07,C0461,P003,Keyboard,Electronics,South,4,60543.8,43183.8,17360.0,0.15
O003334,2025-07-03,C0317,P008,Pen Set,Stationery,North,7,240097.62,162376.29,77721.33,0.06
O003335,2025-11-22,C0156,P002,Wireless Mouse,Electronics,East,8,202939.2,131549.12,71390.08,0.15
O003336,2025-04-19,C0126,P007,Notebook,Stationery,East,2,33812.94,24853.67,8959.27,0.07
O003337,2025-08-11,C0452,P002,Wireless Mouse,Electronics,East,8,127190.0,104599.75,22590.25,0.21
O003338,2025-09-08,C0385,P003,Keyboard,Electronics,South,7,24735.97,16452.36,8283.61,0.03
O003339,2025-07-02,C0377,P007,Notebook,Stationery,West,4,15676.08,12300.84,3375.24,0.14
O003340,2025-09-06,C0351,P006,Monitor,Electronics,West,6,186546.24,138381.43,48164.81,0.19
O003341,2025-04-21,C0475,P007,Notebook,Stationery,East,5,29169.45,16436.82,12732.63,0.07
O003342,2025-04-17,C0426,P001,Laptop Pro,Electronics,East,3,117336.0,76618.36,40717.64,0.2
O003343,2025-10-01,C0467,P005,Desk,Furniture,South,5,162900.0,96470.12,66429.88,0.1
O003344,2025-02-03,C0130,P001,Laptop Pro,Electronics,East,5,125242.2,104829.05,20413.15,0.19
O003345,2025-12-18,C0247,P005,Desk,Furniture,East,7,276208.8,158849.78,117359.02,0.18
O003346,2025-10-29,C0235,P004,Office Chair,Furniture,West,3,69486.9,43652.66,25834.24,0.02
O003347,2025-05-29,C0008,P006,Monitor,Electronics,East,4,16928.44,12805.71,4122.73,0.03
O003348,2025-02-18,C0264,P005,Desk,Furniture,South,4,102393.28,69692.35,32700.93,0.12
O003349,2025-12-23,C0275,P001,Laptop Pro,Electronics,West,9,193463.64,109874.26,83589.38,0.13
O003350,2025-02-17,C0481,P004,Office Chair,Furniture,North,2,39231.2,22569.41,16661.79,0.05
O003351,2025-11-20,C0054,P005,Desk,Furniture,North,4,100619.2,67793.78,32825.42,0.12
O003352,2025-11-11,C0344,P008,Pen Set,Stationery,West,9,40913.64,23696.99,17216.65,0.14
O003353,2025-01-28,C0209,P006,Monitor,Electronics,North,7,135379.02,105364.93,30014.09,0.03
O003354,2025-02-06,C0191,P003,Keyboard,Electronics,East,7,223980.96,139611.22,84369.74,0.16
O003355,2025-04-10,C0028,P003,Keyboard,Electronics,South,4,3603.6,2039.05,1564.55,0.1
O003356,2025-12-23,C0010,P007,Notebook,Stationery,East,6,212162.94,138020.73,74142.21,0.17
O003357,2025-03-20,C0014,P003,Keyboard,Electronics,West,3,46398.42,26853.15,19545.27,0.19
O003358,2025-06-13,C0379,P007,Notebook,Stationery,South,8,20199.28,11566.44,8632.84,0.03
O003359,2025-09-23,C0073,P001,Laptop Pro,Electronics,South,2,47226.96,29514.71,17712.25,0.11
O003360,2025-04-29,C0445,P003,Keyboard,Electronics,South,3,54677.7,46331.92,8345.78,0.01
O003361,2025-01-15,C0049,P003,Keyboard,Electronics,North,3,8987.16,5319.96,3667.2,0.09
O003362,2025-04-18,C0115,P002,Wireless Mouse,Electronics,North,2,94785.3,67321.78,27463.52,0.05
O003363,2025-07-13,C0490,P004,Office Chair,Furniture,North,4,162266.88,98083.94,64182.94,0.04
O003364,2025-07-30,C0348,P004,Office Chair,Furniture,East,3,39709.32,24867.92,14841.4,0.18
O003365,2025-06-02,C0396,P006,Monitor,Electronics,East,3,39724.68,27814.39,11910.29,0.08
O003366,2025-08-09,C0220,P008,Pen Set,Stationery,South,7,3534.72,2563.01,971.71,0.04
O003367,2025-07-02,C0127,P005,Desk,Furniture,West,3,145684.44,115538.24,30146.2,0.01
O003368,2025-05-22,C0339,P008,Pen Set,Stationery,East,8,253582.56,201923.59,51658.97,0.23
O003369,2025-02-17,C0172,P003,Keyboard,Electronics,South,10,245895.4,161519.69,84375.71,0.21
O003370,2025-02-03,C0137,P007,Notebook,Stationery,West,7,137250.4,98657.81,38592.59,0.2
O003371,2025-09-19,C0032,P007,Notebook,Stationery,West,3,58632.0,47591.67,11040.33,0.2
O003372,2025-07-09,C0113,P007,Notebook,Stationery,South,5,32996.4,25896.46,7099.94,0.07
O003373,2025-08-15,C0399,P007,Notebook,Stationery,East,10,418072.2,266129.33,151942.87,0.09
O003374,2025-04-17,C0288,P007,Notebook,Stationery,West,7,305024.16,189114.24,115909.92,0.08
O003375,2025-03-20,C0149,P003,Keyboard,Electronics,South,10,283444.2,219493.89,63950.31,0.22
O003376,2025-09-01,C0042,P007,Notebook,Stationery,South,8,299688.96,174112.49,125576.47,0.04
O003377,2025-04-25,C0166,P008,Pen Set,Stationery,East,7,74152.26,52953.29,21198.97,0.19
O003378,2025-08-08,C0127,P004,Office Chair,Furniture,North,5,116628.9,81647.62,34981.28,0.14
O003379,2025-10-17,C0241,P007,Notebook,Stationery,South,2,42599.0,25309.54,17289.46,0.18
O003380,2025-09-14,C0043,P002,Wireless Mouse,Electronics,North,7,41424.11,25574.46,15849.65,0.09
O003381,2025-01-15,C0126,P007,Notebook,Stationery,North,9,369163.35,254195.32,114968.03,0.05
O003382,2025-12-20,C0086,P008,Pen Set,Stationery,North,4,121300.44,68859.74,52440.7,0.03
O003383,2025-10-11,C0463,P002,Wireless Mouse,Electronics,North,5,150224.75,119331.85,30892.9,0.15
O003384,2025-03-09,C0063,P003,Keyboard,Electronics,East,7,313560.66,192025.15,121535.51,0.07
O003385,2025-08-15,C0204,P007,Notebook,Stationery,South,4,126382.68,99197.66,27185.02,0.19
O003386,2025-11-21,C0085,P006,Monitor,Electronics,West,5,39070.35,33110.11,5960.24,0.19
O003387,2025-04-08,C0307,P005,Desk,Furniture,North,6,266727.6,220089.83,46637.77,0.1
O003388,2025-10-29,C0323,P008,Pen Set,Stationery,East,3,113707.44,91895.21,21812.23,0.23
O003389,2025-12-07,C0041,P001,Laptop Pro,Electronics,North,4,82517.08,51876.78,30640.3,0.21
O003390,2025-10-18,C0236,P003,Keyboard,Electronics,North,7,249233.6,190808.65,58424.95,0.23
O003391,2025-10-09,C0115,P007,Notebook,Stationery,South,8,350499.6,264479.43,86020.17,0.01
O003392,2025-07-19,C0056,P006,Monitor,Electronics,South,4,153360.88,89173.8,64187.08,0.03
O003393,2025-05-07,C0291,P006,Monitor,Electronics,East,10,19438.8,15217.1,4221.7,0.03
O003394,2025-05-20,C0111,P001,Laptop Pro,Electronics,West,2,24362.92,15388.9,8974.02,0.06
O003395,2025-05-21,C0274,P007,Notebook,Stationery,North,8,276755.2,231671.57,45083.63,0.2
O003396,2025-02-15,C0373,P005,Desk,Furniture,North,1,31922.34,24178.19,7744.15,0.14
O003397,2025-05-09,C0466,P002,Wireless Mouse,Electronics,North,7,193672.5,108710.15,84962.35,0.15
O003398,2025-12-30,C0303,P002,Wireless Mouse,Electronics,North,7,4697.56,3398.7,1298.86,0.24
O003399,2025-01-20,C0078,P001,Laptop Pro,Electronics,West,1,17318.28,14318.93,2999.35,0.16
O003400,2025-02-07,C0449,P007,Notebook,Stationery,North,2,41101.06,34926.68,6174.38,0.23
O003401,2025-04-13,C0133,P004,Office Chair,Furniture,East,5,46860.7,37661.46,9199.24,0.03
O003402,2025-04-18,C0164,P005,Desk,Furniture,South,9,121537.26,103175.89,18361.37,0.22
O003403,2025-12-10,C0050,P002,Wireless Mouse,Electronics,West,7,24529.82,17652.7,6877.12,0.17
O003404,2025-09-04,C0051,P002,Wireless Mouse,Electronics,North,4,128955.6,74014.23,54941.37,0.1
O003405,2025-02-20,C0299,P008,Pen Set,Stationery,East,2,21094.32,16554.98,4539.34,0.22
O003406,2025-01-03,C0083,P001,Laptop Pro,Electronics,North,3,46400.97,34833.3,11567.67,0.23
O003407,2025-11-20,C0154,P005,Desk,Furniture,East,2,15545.22,11038.43,4506.79,0.03
O003408,2025-04-20,C0497,P003,Keyboard,Electronics,West,8,359785.44,298201.27,61584.17,0.02
O003409,2025-08-08,C0097,P008,Pen Set,Stationery,North,9,192852.0,123110.78,69741.22,0.12
O003410,2025-06-04,C0315,P004,Office Chair,Furniture,North,9,48310.02,35804.76,12505.26,0.01
O003411,2025-11-25,C0078,P007,Notebook,Stationery,North,2,57079.5,34293.12,22786.38,0.25
O003412,2025-06-21,C0112,P006,Monitor,Electronics,East,5,16356.2,10161.14,6195.06,0.02
O003413,2025-04-05,C0199,P001,Laptop Pro,Electronics,North,7,228402.72,191799.71,36603.01,0.17
O003414,2025-06-15,C0090,P007,Notebook,Stationery,West,9,120945.6,78752.58,42193.02,0.2
O003415,2025-09-07,C0369,P005,Desk,Furniture,North,2,644.08,424.44,219.64,0.03
O003416,2025-09-24,C0270,P008,Pen Set,Stationery,East,10,304070.5,223210.41,80860.09,0.15
O003417,2025-11-03,C0114,P007,Notebook,Stationery,North,7,259208.67,186906.02,72302.65,0.07
O003418,2025-06-24,C0222,P001,Laptop Pro,Electronics,West,6,36434.4,26910.46,9523.94,0.15
O003419,2025-06-01,C0454,P006,Monitor,Electronics,South,7,88192.65,69097.98,19094.67,0.09
O003420,2025-07-19,C0207,P003,Keyboard,Electronics,South,8,275657.76,189295.68,86362.08,0.18
O003421,2025-01-05,C0244,P006,Monitor,Electronics,North,7,168038.64,111717.88,56320.76,0.01
O003422,2025-05-21,C0057,P001,Laptop Pro,Electronics,South,2,30764.18,22955.4,7808.78,0.21
O003423,2025-04-03,C0134,P001,Laptop Pro,Electronics,North,7,197409.24,165489.26,31919.98,0.16
O003424,2025-07-30,C0210,P008,Pen Set,Stationery,North,2,1074.0,796.32,277.68,0.0
O003425,2025-08-30,C0209,P005,Desk,Furniture,South,2,62159.54,36811.85,25347.69,0.03
O003426,2025-12-04,C0083,P004,Office Chair,Furniture,South,9,413740.89,271146.05,142594.84,0.03
O003427,2025-03-21,C0146,P004,Office Chair,Furniture,North,3,104800.32,63141.85,41658.47,0.04
O003428,2025-07-03,C0311,P005,Desk,Furniture,East,8,134865.12,95457.89,39407.23,0.22
O003429,2025-10-11,C0138,P001,Laptop Pro,Electronics,West,1,17724.28,13610.24,4114.04,0.02
O003430,2025-03-01,C0480,P002,Wireless Mouse,Electronics,South,4,76895.52,44640.46,32255.06,0.22
O003431,2025-08-15,C0475,P006,Monitor,Electronics,South,1,19764.75,16605.45,3159.3,0.05
O003432,2025-08-12,C0149,P003,Keyboard,Electronics,North,9,340470.0,271590.4,68879.6,0.03
O003433,2025-08-26,C0269,P006,Monitor,Electronics,South,8,220032.0,160543.82,59488.18,0.25
O003434,2025-06-03,C0053,P001,Laptop Pro,Electronics,East,3,106854.0,61103.0,45751.0,0.0
O003435,2025-03-06,C0403,P006,Monitor,Electronics,North,4,78180.48,50807.53,27372.95,0.02
O003436,2025-05-28,C0376,P005,Desk,Furniture,South,5,133175.3,105203.19,27972.11,0.14
O003437,2025-11-09,C0115,P001,Laptop Pro,Electronics,North,3,14540.4,10937.88,3602.52,0.16
O003438,2025-10-14,C0329,P007,Notebook,Stationery,North,4,181071.8,152897.32,28174.48,0.09
O003439,2025-03-16,C0050,P004,Office Chair,Furniture,South,8,250165.2,146252.23,103912.97,0.15
O003440,2025-10-22,C0008,P008,Pen Set,Stationery,East,5,62801.05,42123.76,20677.29,0.21
O003441,2025-07-10,C0304,P006,Monitor,Electronics,East,9,146225.52,120561.47,25664.05,0.24
O003442,2025-01-01,C0428,P001,Laptop Pro,Electronics,West,9,418315.86,302347.73,115968.13,0.07
O003443,2025-03-20,C0267,P007,Notebook,Stationery,West,10,415671.3,265784.88,149886.42,0.01
O003444,2025-08-04,C0236,P001,Laptop Pro,Electronics,South,7,26226.06,17481.04,8745.02,0.18
O003445,2025-01-23,C0043,P004,Office Chair,Furniture,West,8,370169.76,252905.77,117263.99,0.07
O003446,2025-08-03,C0340,P006,Monitor,Electronics,North,3,79131.6,65515.67,13615.93,0.1
O003447,2025-11-22,C0011,P005,Desk,Furniture,East,10,360013.5,236642.02,123371.48,0.01
O003448,2025-11-24,C0314,P004,Office Chair,Furniture,West,8,342540.0,251470.32,91069.68,0.1
O003449,2025-04-03,C0166,P005,Desk,Furniture,North,5,88755.25,71111.52,17643.73,0.11
O003450,2025-03-31,C0109,P005,Desk,Furniture,East,3,38768.22,31801.04,6967.18,0.19
O003451,2025-06-07,C0057,P001,Laptop Pro,Electronics,East,1,17787.0,13568.48,4218.52,0.02
O003452,2025-06-23,C0162,P006,Monitor,Electronics,West,4,89433.6,57978.77,31454.83,0.15
O003453,2025-10-16,C0415,P005,Desk,Furniture,West,10,18783.0,15030.7,3752.3,0.1
O003454,2025-05-03,C0391,P001,Laptop Pro,Electronics,South,3,52960.32,36312.43,16647.89,0.04
O003455,2025-05-30,C0184,P004,Office Chair,Furniture,South,3,98088.0,73830.54,24257.46,0.2
O003456,2025-03-13,C0269,P004,Office Chair,Furniture,West,2,35804.16,29591.66,6212.5,0.16
O003457,2025-11-06,C0223,P004,Office Chair,Furniture,West,1,18333.81,14638.48,3695.33,0.01
O003458,2025-09-06,C0152,P003,Keyboard,Electronics,South,10,387364.6,231403.67,155960.93,0.02
O003459,2025-10-05,C0475,P003,Keyboard,Electronics,South,3,5332.32,3584.29,1748.03,0.08
O003460,2025-07-27,C0196,P002,Wireless Mouse,Electronics,South,6,254132.76,153198.31,100934.45,0.06
O003461,2025-07-01,C0385,P008,Pen Set,Stationery,North,1,24596.04,14459.04,10137.0,0.06
O003462,2025-06-04,C0273,P004,Office Chair,Furniture,East,2,26033.8,18224.53,7809.27,0.15
O003463,2025-10-27,C0025,P001,Laptop Pro,Electronics,North,3,30026.7,17372.42,12654.28,0.01
O003464,2025-11-06,C0250,P004,Office Chair,Furniture,North,4,51214.8,31635.79,19579.01,0.09
O003465,2025-10-25,C0332,P001,Laptop Pro,Electronics,East,1,3367.56,2037.85,1329.71,0.16
O003466,2025-07-12,C0367,P007,Notebook,Stationery,East,2,47792.64,38353.88,9438.76,0.04
O003467,2025-11-04,C0159,P008,Pen Set,Stationery,North,2,55584.52,36472.85,19111.67,0.18
O003468,2025-01-01,C0147,P008,Pen Set,Stationery,East,10,327520.0,194149.91,133370.09,0.2
O003469,2025-11-30,C0322,P004,Office Chair,Furniture,West,3,137858.52,115623.59,22234.93,0.06
O003470,2025-08-14,C0376,P008,Pen Set,Stationery,East,9,43063.65,28553.5,14510.15,0.07
O003471,2025-06-01,C0484,P004,Office Chair,Furniture,East,8,6668.8,3904.46,2764.34,0.2
O003472,2025-12-10,C0232,P004,Office Chair,Furniture,West,10,354423.3,292753.3,61670.0,0.23
O003473,2025-04-01,C0338,P007,Notebook,Stationery,West,7,291738.44,165568.56,126169.88,0.11
O003474,2025-10-11,C0045,P007,Notebook,Stationery,East,2,16618.14,12009.09,4609.05,0.01
O003475,2025-11-16,C0031,P008,Pen Set,Stationery,South,9,30780.0,17613.97,13166.03,0.1
O003476,2025-11-17,C0281,P003,Keyboard,Electronics,West,4,15730.16,10495.75,5234.41,0.17
O003477,2025-04-15,C0172,P001,Laptop Pro,Electronics,South,7,229135.55,169510.66,59624.89,0.21
O003478,2025-07-02,C0300,P003,Keyboard,Electronics,South,3,32875.47,19295.64,13579.83,0.17
O003479,2025-05-26,C0332,P002,Wireless Mouse,Electronics,East,3,60019.2,42316.24,17702.96,0.2
O003480,2025-03-19,C0311,P007,Notebook,Stationery,East,4,128713.2,81838.44,46874.76,0.02
O003481,2025-08-21,C0426,P004,Office Chair,Furniture,East,1,2795.76,2163.74,632.02,0.01
O003482,2025-03-18,C0448,P004,Office Chair,Furniture,South,10,430693.5,354184.74,76508.76,0.13
O003483,2025-12-04,C0321,P002,Wireless Mouse,Electronics,West,4,36035.84,23544.88,12490.96,0.06
O003484,2025-10-02,C0366,P007,Notebook,Stationery,East,10,134597.2,93359.89,41237.31,0.03
O003485,2025-09-12,C0212,P002,Wireless Mouse,Electronics,East,8,298557.6,235990.14,62567.46,0.14
O003486,2025-02-18,C0051,P002,Wireless Mouse,Electronics,East,6,64596.84,38230.88,26365.96,0.23
O003487,2025-05-30,C0095,P001,Laptop Pro,Electronics,West,7,156844.8,106402.11,50442.69,0.04
O003488,2025-04-04,C0144,P008,Pen Set,Stationery,East,4,95526.48,56680.63,38845.85,0.02
O003489,2025-12-11,C0201,P006,Monitor,Electronics,East,4,58122.24,46516.79,11605.45,0.12
O003490,2025-08-14,C0262,P007,Notebook,Stationery,East,10,235242.8,147745.02,87497.78,0.24
O003491,2025-05-28,C0363,P007,Notebook,Stationery,East,3,30667.68,24247.43,6420.25,0.07
O003492,2025-01-03,C0491,P002,Wireless Mouse,Electronics,West,1,18277.2,10809.63,7467.57,0.1
O003493,2025-06-20,C0440,P003,Keyboard,Electronics,North,10,254343.2,180621.71,73721.49,0.08
O003494,2025-08-02,C0365,P003,Keyboard,Electronics,West,1,22547.16,17478.74,5068.42,0.19
O003495,2025-11-11,C0226,P003,Keyboard,Electronics,South,10,126001.2,95842.31,30158.89,0.18
O003496,2025-06-04,C0224,P005,Desk,Furniture,East,5,45447.5,32843.02,12604.48,0.02
O003497,2025-09-10,C0237,P001,Laptop Pro,Electronics,North,3,23654.4,15087.07,8567.33,0.2
O003498,2025-03-12,C0192,P005,Desk,Furniture,North,6,159860.64,110158.74,49701.9,0.18
O003499,2025-11-09,C0272,P005,Desk,Furniture,South,1,29975.22,18556.26,11418.96,0.01
O003500,2025-03-15,C0397,P002,Wireless Mouse,Electronics,South,5,128453.9,103053.78,25400.12,0.14
O003501,2025-01-29,C0475,P004,Office Chair,Furniture,East,8,278649.12,166302.81,112346.31,0.18
O003502,2025-08-16,C0007,P006,Monitor,Electronics,West,2,72748.06,50666.94,22081.12,0.23
O003503,2025-09-24,C0219,P004,Office Chair,Furniture,South,7,275948.4,163413.17,112535.23,0.05
O003504,2025-03-19,C0014,P001,Laptop Pro,Electronics,North,2,6921.0,5640.51,1280.49,0.25
O003505,2025-10-06,C0105,P005,Desk,Furniture,South,9,155315.43,123496.27,31819.16,0.03
O003506,2025-09-18,C0086,P004,Office Chair,Furniture,West,7,173021.8,114939.71,58082.09,0.17
O003507,2025-06-21,C0328,P008,Pen Set,Stationery,East,2,87208.1,48192.78,39015.32,0.05
O003508,2025-07-09,C0470,P005,Desk,Furniture,West,7,268075.99,192662.83,75413.16,0.03
O003509,2025-04-07,C0075,P005,Desk,Furniture,East,10,371853.0,217205.8,154647.2,0.21
O003510,2025-12-01,C0497,P006,Monitor,Electronics,North,2,57221.78,37895.7,19326.08,0.23
O003511,2025-06-26,C0403,P002,Wireless Mouse,Electronics,North,2,40815.84,23792.26,17023.58,0.07
O003512,2025-01-19,C0147,P001,Laptop Pro,Electronics,East,4,113274.8,81911.63,31363.17,0.18
O003513,2025-06-28,C0208,P002,Wireless Mouse,Electronics,West,1,18297.58,11392.02,6905.56,0.02
O003514,2025-09-25,C0325,P006,Monitor,Electronics,North,2,85937.0,55777.57,30159.43,0.05
O003515,2025-06-13,C0181,P005,Desk,Furniture,North,9,363528.9,233781.18,129747.72,0.05
O003516,2025-07-26,C0265,P004,Office Chair,Furniture,East,1,34544.16,20067.84,14476.32,0.16
O003517,2025-08-19,C0282,P007,Notebook,Stationery,East,5,143167.15,114854.2,28312.95,0.03
O003518,2025-12-03,C0053,P001,Laptop Pro,Electronics,West,2,79314.84,64766.37,14548.47,0.01
O003519,2025-07-07,C0265,P004,Office Chair,Furniture,West,8,358418.88,207174.23,151244.65,0.03
O003520,2025-08-29,C0424,P007,Notebook,Stationery,West,9,243409.86,175407.25,68002.61,0.03
O003521,2025-12-06,C0102,P008,Pen Set,Stationery,South,6,187717.68,132602.81,55114.87,0.18
O003522,2025-01-15,C0171,P007,Notebook,Stationery,South,2,49026.12,37545.44,11480.68,0.22
O003523,2025-10-29,C0179,P006,Monitor,Electronics,West,4,61694.36,43910.07,17784.29,0.09
O003524,2025-07-06,C0488,P006,Monitor,Electronics,South,8,356666.88,235715.88,120951.0,0.04
O003525,2025-03-25,C0145,P004,Office Chair,Furniture,South,10,367200.0,285801.08,81398.92,0.15
O003526,2025-12-25,C0247,P007,Notebook,Stationery,East,7,291768.96,201448.19,90320.77,0.04
O003527,2025-08-06,C0220,P001,Laptop Pro,Electronics,West,2,82524.0,65550.07,16973.93,0.08
O003528,2025-06-24,C0105,P004,Office Chair,Furniture,South,1,13464.0,10590.89,2873.11,0.0
O003529,2025-10-14,C0416,P008,Pen Set,Stationery,South,3,76766.13,52124.14,24641.99,0.19
O003530,2025-12-30,C0032,P005,Desk,Furniture,South,6,24005.52,19043.62,4961.9,0.16
O003531,2025-02-24,C0496,P006,Monitor,Electronics,South,3,93196.74,59641.0,33555.74,0.09
O003532,2025-01-04,C0275,P001,Laptop Pro,Electronics,West,9,221846.4,184667.84,37178.56,0.2
O003533,2025-10-12,C0443,P003,Keyboard,Electronics,South,1,37443.19,29901.96,7541.23,0.11
O003534,2025-03-01,C0062,P008,Pen Set,Stationery,East,8,220328.4,170549.31,49779.09,0.11
O003535,2025-09-16,C0472,P003,Keyboard,Electronics,West,6,42857.88,29752.77,13105.11,0.17
O003536,2025-02-12,C0075,P004,Office Chair,Furniture,North,1,38894.24,26556.04,12338.2,0.02
O003537,2025-06-01,C0346,P001,Laptop Pro,Electronics,East,3,111733.65,66173.55,45560.1,0.21
O003538,2025-12-04,C0248,P008,Pen Set,Stationery,West,4,135644.8,88798.46,46846.34,0.24
O003539,2025-12-31,C0463,P008,Pen Set,Stationery,West,2,84721.2,70181.0,14540.2,0.15
O003540,2025-07-06,C0364,P002,Wireless Mouse,Electronics,West,10,322375.2,187783.85,134591.35,0.16
O003541,2025-01-21,C0311,P006,Monitor,Electronics,West,7,150748.29,101305.25,49443.04,0.19
O003542,2025-11-11,C0366,P004,Office Chair,Furniture,East,4,61709.04,34237.62,27471.42,0.19
O003543,2025-07-14,C0350,P003,Keyboard,Electronics,East,3,42524.28,35972.31,6551.97,0.24
O003544,2025-03-07,C0429,P004,Office Chair,Furniture,North,8,312382.8,236900.89,75481.91,0.05
O003545,2025-08-23,C0011,P002,Wireless Mouse,Electronics,East,5,60682.5,46180.97,14501.53,0.25
O003546,2025-02-28,C0172,P005,Desk,Furniture,West,8,332564.48,187905.8,144658.68,0.06
O003547,2025-01-23,C0036,P002,Wireless Mouse,Electronics,West,2,43055.1,32748.99,10306.11,0.01
O003548,2025-07-25,C0179,P003,Keyboard,Electronics,South,7,5433.12,3041.51,2391.61,0.01
O003549,2025-04-15,C0113,P005,Desk,Furniture,East,8,151211.6,122338.52,28873.08,0.15
O003550,2025-02-15,C0308,P005,Desk,Furniture,South,9,243488.34,160080.68,83407.66,0.18
O003551,2025-05-10,C0197,P002,Wireless Mouse,Electronics,South,5,169132.5,121951.35,47181.15,0.1
O003552,2025-03-21,C0012,P007,Notebook,Stationery,South,7,109158.28,67898.58,41259.7,0.17
O003553,2025-08-05,C0187,P002,Wireless Mouse,Electronics,South,8,353817.2,264379.25,89437.95,0.03
O003554,2025-10-31,C0462,P003,Keyboard,Electronics,South,5,112860.75,71007.57,41853.18,0.13
O003555,2025-12-19,C0451,P008,Pen Set,Stationery,South,3,57633.0,45717.56,11915.44,0.0
O003556,2025-12-08,C0383,P001,Laptop Pro,Electronics,West,9,192965.04,111130.15,81834.89,0.17
O003557,2025-06-23,C0144,P001,Laptop Pro,Electronics,South,6,29768.7,21369.27,8399.43,0.15
O003558,2025-01-30,C0451,P003,Keyboard,Electronics,South,8,55483.2,41363.32,14119.88,0.1
O003559,2025-07-15,C0307,P004,Office Chair,Furniture,South,6,131667.72,108345.79,23321.93,0.21
O003560,2025-01-27,C0270,P001,Laptop Pro,Electronics,South,2,7949.7,4462.28,3487.42,0.01
O003561,2025-06-08,C0438,P002,Wireless Mouse,Electronics,North,9,229074.48,175960.25,53114.23,0.13
O003562,2025-12-24,C0488,P003,Keyboard,Electronics,East,9,286098.75,177150.14,108948.61,0.25
O003563,2025-04-03,C0320,P002,Wireless Mouse,Electronics,North,6,167707.8,122433.57,45274.23,0.22
O003564,2025-08-02,C0218,P004,Office Chair,Furniture,North,1,14270.46,10560.24,3710.22,0.18
O003565,2025-01-13,C0263,P004,Office Chair,Furniture,North,7,174820.8,144202.16,30618.64,0.04
O003566,2025-06-28,C0437,P003,Keyboard,Electronics,East,3,111877.92,78982.89,32895.03,0.16
O003567,2025-04-23,C0038,P008,Pen Set,Stationery,North,5,119349.25,96857.23,22492.02,0.21
O003568,2025-05-06,C0005,P001,Laptop Pro,Electronics,West,6,231281.52,141920.65,89360.87,0.14
O003569,2025-03-13,C0049,P008,Pen Set,Stationery,North,4,141784.12,99412.14,42371.98,0.11
O003570,2025-07-28,C0376,P005,Desk,Furniture,East,3,117290.43,72700.61,44589.82,0.11
O003571,2025-12-20,C0444,P001,Laptop Pro,Electronics,North,2,42843.2,29053.78,13789.42,0.2
O003572,2025-09-29,C0278,P008,Pen Set,Stationery,South,8,164055.84,96395.86,67659.98,0.22
O003573,2025-12-08,C0184,P007,Notebook,Stationery,North,4,98177.6,80683.89,17493.71,0.14
O003574,2025-03-30,C0304,P002,Wireless Mouse,Electronics,South,7,283147.2,234246.41,48900.79,0.04
O003575,2025-12-20,C0264,P003,Keyboard,Electronics,North,7,177729.44,125195.63,52533.81,0.11
O003576,2025-06-16,C0087,P004,Office Chair,Furniture,South,8,305114.4,254734.13,50380.27,0.1
O003577,2025-06-12,C0290,P001,Laptop Pro,Electronics,North,8,131233.2,81699.39,49533.81,0.15
O003578,2025-03-19,C0223,P003,Keyboard,Electronics,East,6,113767.92,78964.23,34803.69,0.16
O003579,2025-10-13,C0190,P008,Pen Set,Stationery,North,7,135987.39,109004.96,26982.43,0.01
O003580,2025-05-29,C0064,P006,Monitor,Electronics,West,1,3809.19,3170.61,638.58,0.23
O003581,2025-10-20,C0036,P002,Wireless Mouse,Electronics,South,7,134312.64,97351.64,36961.0,0.12
O003582,2025-08-14,C0042,P006,Monitor,Electronics,North,7,129903.2,92272.19,37631.01,0.2
O003583,2025-07-04,C0397,P005,Desk,Furniture,North,9,252010.44,204610.11,47400.33,0.01
O003584,2025-11-23,C0093,P001,Laptop Pro,Electronics,West,10,113776.2,82864.32,30911.88,0.07
O003585,2025-04-30,C0329,P008,Pen Set,Stationery,North,6,222324.96,125599.56,96725.4,0.12
O003586,2025-03-18,C0175,P003,Keyboard,Electronics,North,10,130560.0,75790.42,54769.58,0.0
O003587,2025-05-21,C0088,P002,Wireless Mouse,Electronics,North,9,183807.72,103086.48,80721.24,0.21
O003588,2025-04-27,C0436,P007,Notebook,Stationery,South,10,218736.0,132192.54,86543.46,0.04
O003589,2025-01-09,C0197,P007,Notebook,Stationery,South,10,110726.4,81959.28,28767.12,0.21
O003590,2025-03-11,C0416,P001,Laptop Pro,Electronics,East,1,27609.12,15349.12,12260.0,0.16
O003591,2025-12-26,C0413,P003,Keyboard,Electronics,West,7,246113.98,145617.73,100496.25,0.18
O003592,2025-05-28,C0013,P006,Monitor,Electronics,East,4,94157.92,72542.38,21615.54,0.24
O003593,2025-12-06,C0493,P008,Pen Set,Stationery,East,2,68483.88,43933.96,24549.92,0.19
O003594,2025-09-10,C0404,P007,Notebook,Stationery,South,8,134307.36,89197.39,45109.97,0.01
O003595,2025-06-19,C0371,P006,Monitor,Electronics,North,5,64641.5,39797.25,24844.25,0.23
O003596,2025-10-02,C0340,P005,Desk,Furniture,West,7,268799.58,192108.89,76690.69,0.11
O003597,2025-09-17,C0102,P006,Monitor,Electronics,East,9,98730.99,80147.28,18583.71,0.17
O003598,2025-03-23,C0438,P004,Office Chair,Furniture,West,6,222499.2,151007.51,71491.69,0.14
O003599,2025-09-23,C0161,P008,Pen Set,Stationery,South,4,87108.16,69596.03,17512.13,0.24
O003600,2025-09-26,C0242,P003,Keyboard,Electronics,North,1,34920.0,24158.66,10761.34,0.2
O003601,2025-11-09,C0288,P005,Desk,Furniture,South,4,34421.76,25648.8,8772.96,0.19
O003602,2025-11-02,C0354,P005,Desk,Furniture,East,5,63105.9,48505.72,14600.18,0.22
O003603,2025-06-13,C0410,P001,Laptop Pro,Electronics,North,6,8543.88,6725.18,1818.7,0.19
O003604,2025-08-26,C0085,P006,Monitor,Electronics,North,1,37680.96,23766.96,13914.0,0.04
O003605,2025-11-05,C0389,P001,Laptop Pro,Electronics,South,8,97575.6,80532.05,17043.55,0.07
O003606,2025-03-14,C0433,P001,Laptop Pro,Electronics,East,8,221712.16,171048.98,50663.18,0.06
O003607,2025-05-04,C0288,P005,Desk,Furniture,North,6,221301.36,167234.68,54066.68,0.16
O003608,2025-02-26,C0182,P002,Wireless Mouse,Electronics,North,7,59402.56,50363.99,9038.57,0.08
O003609,2025-04-05,C0492,P003,Keyboard,Electronics,North,1,14890.5,8293.23,6597.27,0.25
O003610,2025-08-26,C0306,P005,Desk,Furniture,East,4,85374.56,48613.9,36760.66,0.06
O003611,2025-06-19,C0097,P004,Office Chair,Furniture,North,4,173856.32,140396.24,33460.08,0.12
O003612,2025-01-15,C0141,P002,Wireless Mouse,Electronics,South,2,17899.48,11738.08,6161.4,0.06
O003613,2025-03-18,C0283,P007,Notebook,Stationery,West,6,57568.68,45774.84,11793.84,0.22
O003614,2025-09-26,C0187,P007,Notebook,Stationery,West,3,120029.91,90931.08,29098.83,0.09
O003615,2025-06-28,C0150,P004,Office Chair,Furniture,East,9,99157.14,74672.18,24484.96,0.14
O003616,2025-11-06,C0422,P002,Wireless Mouse,Electronics,North,5,168532.65,142079.72,26452.93,0.19
O003617,2025-06-05,C0177,P004,Office Chair,Furniture,East,6,37308.6,27969.09,9339.51,0.02
O003618,2025-08-02,C0070,P006,Monitor,Electronics,West,4,161374.8,90269.06,71105.74,0.11
O003619,2025-08-15,C0129,P003,Keyboard,Electronics,West,9,58765.5,35843.36,22922.14,0.1
O003620,2025-07-11,C0494,P002,Wireless Mouse,Electronics,West,3,14673.57,11726.19,2947.38,0.17
O003621,2025-08-06,C0015,P003,Keyboard,Electronics,East,7,93169.44,56101.04,37068.4,0.22
O003622,2025-10-29,C0319,P002,Wireless Mouse,Electronics,North,9,345439.26,206550.27,138888.99,0.11
O003623,2025-05-04,C0011,P007,Notebook,Stationery,South,10,152272.4,121768.8,30503.6,0.02
O003624,2025-06-09,C0172,P006,Monitor,Electronics,North,2,46594.44,38780.9,7813.54,0.19
O003625,2025-03-06,C0469,P006,Monitor,Electronics,West,10,338229.9,279143.03,59086.87,0.13
O003626,2025-04-21,C0144,P008,Pen Set,Stationery,South,4,142553.6,118931.45,23622.15,0.2
O003627,2025-12-03,C0150,P001,Laptop Pro,Electronics,South,5,150623.2,125126.91,25496.29,0.09
O003628,2025-06-02,C0188,P001,Laptop Pro,Electronics,North,3,62225.1,38746.79,23478.31,0.15
O003629,2025-05-07,C0131,P003,Keyboard,Electronics,South,9,84340.8,52397.9,31942.9,0.2
O003630,2025-11-07,C0313,P008,Pen Set,Stationery,North,6,130931.46,90338.45,40593.01,0.11
O003631,2025-11-18,C0133,P002,Wireless Mouse,Electronics,South,6,98883.9,76590.14,22293.76,0.15
O003632,2025-08-12,C0453,P002,Wireless Mouse,Electronics,East,9,398002.5,254620.66,143381.84,0.05
O003633,2025-12-07,C0300,P004,Office Chair,Furniture,West,2,4480.34,3614.41,865.93,0.17
O003634,2025-07-28,C0076,P008,Pen Set,Stationery,North,2,75005.28,48469.01,26536.27,0.16
O003635,2025-06-23,C0415,P008,Pen Set,Stationery,North,10,76410.0,59957.23,16452.77,0.1
O003636,2025-03-14,C0351,P008,Pen Set,Stationery,North,4,37577.04,30157.67,7419.37,0.13
O003637,2025-03-22,C0051,P001,Laptop Pro,Electronics,South,9,272902.68,200737.92,72164.76,0.06
O003638,2025-12-14,C0236,P007,Notebook,Stationery,West,10,41192.0,28125.74,13066.26,0.2
O003639,2025-12-16,C0232,P008,Pen Set,Stationery,West,2,3572.66,2570.4,1002.26,0.09
O003640,2025-11-13,C0431,P001,Laptop Pro,Electronics,North,8,315232.8,253804.27,61428.53,0.07
O003641,2025-01-06,C0415,P006,Monitor,Electronics,South,4,14667.76,9465.67,5202.09,0.06
O003642,2025-05-05,C0287,P001,Laptop Pro,Electronics,West,3,116158.77,92006.46,24152.31,0.09
O003643,2025-01-29,C0088,P001,Laptop Pro,Electronics,East,4,148987.36,110457.05,38530.31,0.24
O003644,2025-01-25,C0140,P007,Notebook,Stationery,North,8,207432.72,154448.64,52984.08,0.01
O003645,2025-06-28,C0153,P004,Office Chair,Furniture,North,5,111817.6,76904.95,34912.65,0.17
O003646,2025-02-08,C0455,P003,Keyboard,Electronics,South,4,96264.96,55725.62,40539.34,0.14
O003647,2025-06-10,C0052,P003,Keyboard,Electronics,South,8,90207.04,73194.38,17012.66,0.02
O003648,2025-03-23,C0077,P004,Office Chair,Furniture,North,5,121495.5,86704.97,34790.53,0.02
O003649,2025-05-01,C0089,P002,Wireless Mouse,Electronics,North,4,118571.04,71227.72,47343.32,0.16
O003650,2025-11-23,C0211,P004,Office Chair,Furniture,South,2,82170.0,58085.28,24084.72,0.17
O003651,2025-12-15,C0045,P007,Notebook,Stationery,West,1,13718.16,10330.06,3388.1,0.13
O003652,2025-10-31,C0362,P004,Office Chair,Furniture,East,7,276752.0,214406.93,62345.07,0.0
O003653,2025-07-01,C0067,P008,Pen Set,Stationery,North,7,211450.05,119008.85,92441.2,0.05
O003654,2025-08-22,C0059,P005,Desk,Furniture,West,2,5320.0,4383.67,936.33,0.24
O003655,2025-12-01,C0344,P004,Office Chair,Furniture,East,5,168081.55,132495.85,35585.7,0.09
O003656,2025-02-11,C0392,P002,Wireless Mouse,Electronics,North,3,38450.67,27250.99,11199.68,0.11
O003657,2025-05-13,C0479,P002,Wireless Mouse,Electronics,East,10,140440.0,90047.27,50392.73,0.2
O003658,2025-06-23,C0200,P007,Notebook,Stationery,North,10,299260.8,200094.26,99166.54,0.04
O003659,2025-08-17,C0376,P003,Keyboard,Electronics,North,8,198774.4,123418.67,75355.73,0.12
O003660,2025-02-24,C0069,P007,Notebook,Stationery,West,3,79227.9,51998.27,27229.63,0.06
O003661,2025-07-06,C0254,P007,Notebook,Stationery,South,8,272422.0,151896.47,120525.53,0.05
O003662,2025-09-02,C0383,P008,Pen Set,Stationery,East,2,22390.96,18038.64,4352.32,0.14
O003663,2025-05-28,C0342,P001,Laptop Pro,Electronics,West,3,139691.64,105637.22,34054.42,0.03
O003664,2025-04-01,C0254,P002,Wireless Mouse,Electronics,West,5,78688.0,64187.68,14500.32,0.2
O003665,2025-02-06,C0413,P004,Office Chair,Furniture,West,4,948.6,715.24,233.36,0.07
O003666,2025-02-22,C0192,P007,Notebook,Stationery,South,2,83772.54,61812.64,21959.9,0.07
O003667,2025-09-30,C0378,P005,Desk,Furniture,West,9,131482.53,87966.37,43516.16,0.03
O003668,2025-07-18,C0161,P004,Office Chair,Furniture,West,7,106968.4,85843.82,21124.58,0.12
O003669,2025-04-21,C0194,P007,Notebook,Stationery,South,10,259158.9,214607.36,44551.54,0.23
O003670,2025-11-05,C0472,P001,Laptop Pro,Electronics,South,1,15856.68,11035.08,4821.6,0.14
O003671,2025-10-23,C0500,P007,Notebook,Stationery,South,4,143546.16,111916.1,31630.06,0.21
O003672,2025-01-30,C0197,P003,Keyboard,Electronics,East,10,63453.5,38091.15,25362.35,0.17
O003673,2025-07-13,C0381,P004,Office Chair,Furniture,South,5,21883.95,13770.84,8113.11,0.01
O003674,2025-03-22,C0144,P002,Wireless Mouse,Electronics,West,2,63724.0,37500.6,26223.4,0.11
O003675,2025-08-17,C0357,P002,Wireless Mouse,Electronics,West,9,114226.2,81208.21,33017.99,0.01
O003676,2025-09-24,C0336,P001,Laptop Pro,Electronics,East,8,146956.48,104007.87,42948.61,0.17
O003677,2025-01-30,C0162,P008,Pen Set,Stationery,South,5,162851.5,120067.91,42783.59,0.15
O003678,2025-07-29,C0405,P003,Keyboard,Electronics,East,2,62727.96,39753.71,22974.25,0.03
O003679,2025-10-01,C0340,P007,Notebook,Stationery,North,6,167609.64,119986.31,47623.33,0.18
O003680,2025-12-17,C0438,P001,Laptop Pro,Electronics,East,7,32303.04,23889.8,8413.24,0.12
O003681,2025-02-18,C0087,P007,Notebook,Stationery,West,4,19221.0,11725.48,7495.52,0.25
O003682,2025-08-01,C0053,P006,Monitor,Electronics,West,6,142084.8,109896.05,32188.75,0.2
O003683,2025-09-17,C0037,P005,Desk,Furniture,North,10,257478.5,212202.65,45275.85,0.05
O003684,2025-10-27,C0028,P004,Office Chair,Furniture,West,9,335066.76,249450.86,85615.9,0.18
O003685,2025-01-07,C0256,P003,Keyboard,Electronics,North,1,6203.79,4608.8,1594.99,0.19
O003686,2025-03-29,C0059,P007,Notebook,Stationery,West,8,174876.0,132027.94,42848.06,0.05
O003687,2025-05-04,C0040,P004,Office Chair,Furniture,West,4,85713.32,67773.45,17939.87,0.23
O003688,2025-06-08,C0353,P006,Monitor,Electronics,North,5,188619.75,151719.2,36900.55,0.01
O003689,2025-06-01,C0191,P004,Office Chair,Furniture,East,8,340039.68,223466.31,116573.37,0.04
O003690,2025-05-01,C0349,P004,Office Chair,Furniture,North,6,244235.58,205232.57,39003.01,0.11
O003691,2025-11-20,C0079,P003,Keyboard,Electronics,South,8,110688.0,68111.66,42576.34,0.25
O003692,2025-11-04,C0359,P006,Monitor,Electronics,South,6,38106.24,24071.66,14034.58,0.11
O003693,2025-05-11,C0427,P006,Monitor,Electronics,West,9,34587.0,27770.35,6816.65,0.16
O003694,2025-12-28,C0097,P007,Notebook,Stationery,West,3,17198.4,14574.57,2623.83,0.2
O003695,2025-11-03,C0134,P001,Laptop Pro,Electronics,East,2,78822.44,48868.44,29954.0,0.14
O003696,2025-06-12,C0120,P005,Desk,Furniture,North,2,22673.0,16244.24,6428.76,0.18
O003697,2025-01-05,C0459,P006,Monitor,Electronics,West,7,81999.54,59936.11,22063.43,0.19
O003698,2025-11-15,C0024,P007,Notebook,Stationery,West,9,321399.0,251511.12,69887.88,0.18
O003699,2025-05-23,C0469,P005,Desk,Furniture,North,6,199216.08,117673.63,81542.45,0.13
O003700,2025-04-07,C0169,P003,Keyboard,Electronics,North,2,53512.8,41896.24,11616.56,0.12
O003701,2025-04-21,C0494,P007,Notebook,Stationery,West,7,229851.16,186915.75,42935.41,0.02
O003702,2025-03-03,C0246,P004,Office Chair,Furniture,South,7,207040.68,156879.52,50161.16,0.01
O003703,2025-11-30,C0088,P005,Desk,Furniture,South,1,35798.07,22971.23,12826.84,0.23
O003704,2025-04-28,C0416,P005,Desk,Furniture,North,2,77028.7,62691.17,14337.53,0.15
O003705,2025-06-07,C0462,P007,Notebook,Stationery,North,4,40383.36,27467.3,12916.06,0.18
O003706,2025-05-18,C0087,P002,Wireless Mouse,Electronics,East,9,50992.2,32788.04,18204.16,0.16
O003707,2025-12-21,C0144,P005,Desk,Furniture,South,3,99155.25,55452.1,43703.15,0.25
O003708,2025-06-29,C0360,P006,Monitor,Electronics,North,1,39035.4,26612.99,12422.41,0.15
O003709,2025-08-02,C0141,P002,Wireless Mouse,Electronics,North,9,212473.8,179319.9,33153.9,0.16
O003710,2025-10-04,C0318,P005,Desk,Furniture,North,2,35983.2,21867.77,14115.43,0.12
O003711,2025-03-10,C0154,P004,Office Chair,Furniture,East,8,20247.36,16182.61,4064.75,0.08
O003712,2025-07-17,C0441,P002,Wireless Mouse,Electronics,North,10,33555.9,26757.33,6798.57,0.13
O003713,2025-11-12,C0137,P002,Wireless Mouse,Electronics,South,1,40222.05,26747.63,13474.42,0.05
O003714,2025-07-15,C0365,P003,Keyboard,Electronics,West,1,31738.36,19758.99,11979.37,0.24
O003715,2025-03-30,C0397,P007,Notebook,Stationery,South,10,336590.1,227880.91,108709.19,0.23
O003716,2025-05-09,C0048,P006,Monitor,Electronics,North,4,53539.8,30945.0,22594.8,0.13
O003717,2025-04-29,C0402,P004,Office Chair,Furniture,East,10,445550.0,328073.36,117476.64,0.0
O003718,2025-01-02,C0194,P003,Keyboard,Electronics,West,5,180772.2,107494.18,73278.02,0.16
O003719,2025-04-14,C0413,P003,Keyboard,Electronics,East,9,418975.65,281984.63,136991.02,0.05
O003720,2025-09-27,C0196,P004,Office Chair,Furniture,West,4,64847.0,42881.9,21965.1,0.05
O003721,2025-05-28,C0090,P005,Desk,Furniture,East,1,29791.86,23610.4,6181.46,0.11
O003722,2025-03-10,C0284,P004,Office Chair,Furniture,East,9,95361.3,70192.27,25169.03,0.1
O003723,2025-01-12,C0296,P006,Monitor,Electronics,East,1,27597.75,17993.95,9603.8,0.07
O003724,2025-11-15,C0192,P003,Keyboard,Electronics,East,9,289140.39,204398.7,84741.69,0.23
O003725,2025-11-06,C0448,P008,Pen Set,Stationery,West,1,14190.86,11239.17,2951.69,0.14
O003726,2025-08-29,C0208,P005,Desk,Furniture,East,6,76899.12,44512.12,32387.0,0.08
O003727,2025-04-14,C0003,P001,Laptop Pro,Electronics,North,5,146513.65,104732.99,41780.66,0.03
O003728,2025-04-19,C0479,P006,Monitor,Electronics,East,5,39289.1,32800.98,6488.12,0.14
O003729,2025-08-11,C0221,P005,Desk,Furniture,West,10,382266.0,253513.99,128752.01,0.1
O003730,2025-12-25,C0437,P005,Desk,Furniture,North,8,9172.8,5338.09,3834.71,0.1
O003731,2025-08-14,C0465,P007,Notebook,Stationery,North,10,35025.2,22004.89,13020.31,0.02
O003732,2025-08-18,C0053,P002,Wireless Mouse,Electronics,East,1,47426.85,33534.57,13892.28,0.05
O003733,2025-01-01,C0335,P007,Notebook,Stationery,East,8,170596.8,131081.24,39515.56,0.1
O003734,2025-12-18,C0050,P002,Wireless Mouse,Electronics,West,9,375119.64,312513.99,62605.65,0.13
O003735,2025-04-03,C0105,P008,Pen Set,Stationery,East,5,74342.7,57017.98,17324.72,0.14
O003736,2025-10-22,C0265,P004,Office Chair,Furniture,East,6,188238.96,159064.71,29174.25,0.22
O003737,2025-06-21,C0401,P001,Laptop Pro,Electronics,West,5,86860.35,48206.77,38653.58,0.19
O003738,2025-03-11,C0423,P007,Notebook,Stationery,East,10,134015.2,86206.62,47808.58,0.12
O003739,2025-10-02,C0301,P003,Keyboard,Electronics,South,9,252992.88,202250.51,50742.37,0.02
O003740,2025-03-08,C0170,P006,Monitor,Electronics,North,8,61456.0,34414.61,27041.39,0.08
O003741,2025-08-08,C0382,P004,Office Chair,Furniture,South,9,150333.3,127737.84,22595.46,0.22
O003742,2025-07-30,C0390,P007,Notebook,Stationery,South,5,127110.0,72631.09,54478.91,0.25
O003743,2025-10-14,C0445,P005,Desk,Furniture,North,10,131406.3,88326.21,43080.09,0.19
O003744,2025-02-13,C0012,P007,Notebook,Stationery,North,4,74378.04,45833.27,28544.77,0.13
O003745,2025-02-13,C0496,P003,Keyboard,Electronics,South,8,249035.36,181876.66,67158.7,0.14
O003746,2025-03-17,C0465,P001,Laptop Pro,Electronics,West,5,162932.0,131632.16,31299.84,0.23
O003747,2025-04-21,C0199,P008,Pen Set,Stationery,East,6,188653.92,130634.25,58019.67,0.09
O003748,2025-04-21,C0130,P007,Notebook,Stationery,East,3,8166.96,6322.92,1844.04,0.24
O003749,2025-11-03,C0194,P005,Desk,Furniture,South,4,140804.2,94464.12,46340.08,0.15
O003750,2025-04-11,C0114,P004,Office Chair,Furniture,East,2,69397.72,58217.83,11179.89,0.02
O003751,2025-01-25,C0230,P008,Pen Set,Stationery,South,7,37070.88,29755.45,7315.43,0.12
O003752,2025-08-25,C0454,P002,Wireless Mouse,Electronics,West,8,148472.64,97575.98,50896.66,0.07
O003753,2025-08-16,C0276,P003,Keyboard,Electronics,East,7,57367.8,47785.1,9582.7,0.1
O003754,2025-11-06,C0251,P001,Laptop Pro,Electronics,West,9,280353.15,200811.47,79541.68,0.23
O003755,2025-11-29,C0123,P005,Desk,Furniture,East,8,168177.6,127014.7,41162.9,0.15
O003756,2025-08-24,C0404,P006,Monitor,Electronics,East,3,105645.54,64135.03,41510.51,0.09
O003757,2025-09-01,C0145,P001,Laptop Pro,Electronics,North,4,113068.8,76430.83,36637.97,0.1
O003758,2025-08-28,C0182,P005,Desk,Furniture,North,3,3821.28,2651.99,1169.29,0.24
O003759,2025-02-08,C0163,P005,Desk,Furniture,West,10,267294.3,170911.79,96382.51,0.09
O003760,2025-01-17,C0330,P004,Office Chair,Furniture,North,4,13749.12,7802.03,5947.09,0.16
O003761,2025-09-17,C0077,P005,Desk,Furniture,South,1,24575.46,16149.04,8426.42,0.09
O003762,2025-06-20,C0336,P005,Desk,Furniture,West,5,106713.5,90168.35,16545.15,0.06
O003763,2025-12-13,C0067,P006,Monitor,Electronics,West,4,68734.4,56646.52,12087.88,0.24
O003764,2025-01-07,C0442,P007,Notebook,Stationery,North,1,34504.76,28453.84,6050.92,0.17
O003765,2025-02-10,C0036,P005,Desk,Furniture,North,8,13234.08,9544.23,3689.85,0.21
O003766,2025-08-04,C0040,P004,Office Chair,Furniture,North,5,144495.0,108328.26,36166.74,0.25
O003767,2025-06-12,C0258,P007,Notebook,Stationery,South,6,32134.2,18655.21,13478.99,0.02
O003768,2025-06-06,C0241,P008,Pen Set,Stationery,West,5,118062.95,75983.86,42079.09,0.11
O003769,2025-09-19,C0250,P007,Notebook,Stationery,North,2,56565.6,42105.9,14459.7,0.16
O003770,2025-11-30,C0440,P005,Desk,Furniture,West,8,328045.6,219780.25,108265.35,0.15
O003771,2025-07-08,C0207,P003,Keyboard,Electronics,East,10,10011.6,7644.9,2366.7,0.19
O003772,2025-03-26,C0360,P006,Monitor,Electronics,South,1,29165.64,16634.33,12531.31,0.16
O003773,2025-09-12,C0217,P004,Office Chair,Furniture,East,1,45638.0,34744.73,10893.27,0.05
O003774,2025-11-16,C0274,P001,Laptop Pro,Electronics,West,6,87377.16,65893.1,21484.06,0.21
O003775,2025-04-21,C0449,P003,Keyboard,Electronics,North,3,12960.72,8506.98,4453.74,0.06
O003776,2025-05-05,C0110,P007,Notebook,Stationery,North,7,14889.28,9562.77,5326.51,0.08
O003777,2025-05-14,C0234,P005,Desk,Furniture,East,8,312679.44,203827.99,108851.45,0.19
O003778,2025-05-25,C0053,P005,Desk,Furniture,North,3,1065.9,779.93,285.97,0.05
O003779,2025-07-02,C0043,P003,Keyboard,Electronics,West,4,117096.32,72330.17,44766.15,0.12
O003780,2025-02-16,C0497,P007,Notebook,Stationery,South,5,144161.6,83419.63,60741.97,0.12
O003781,2025-07-01,C0264,P006,Monitor,Electronics,East,2,55322.82,30571.32,24751.5,0.17
O003782,2025-02-10,C0179,P004,Office Chair,Furniture,South,5,111861.0,79460.85,32400.15,0.19
O003783,2025-06-17,C0176,P006,Monitor,Electronics,North,3,132888.06,95030.01,37858.05,0.03
O003784,2025-07-12,C0170,P005,Desk,Furniture,East,2,17318.88,12403.78,4915.1,0.24
O003785,2025-04-21,C0276,P002,Wireless Mouse,Electronics,South,7,193603.41,142540.53,51062.88,0.09
O003786,2025-10-20,C0047,P002,Wireless Mouse,Electronics,North,10,134688.0,104876.34,29811.66,0.08
O003787,2025-07-17,C0097,P001,Laptop Pro,Electronics,East,4,137678.24,86387.63,51290.61,0.02
O003788,2025-12-19,C0312,P003,Keyboard,Electronics,East,10,106168.0,63392.47,42775.53,0.08
O003789,2025-02-22,C0089,P008,Pen Set,Stationery,North,4,11404.44,8788.85,2615.59,0.21
O003790,2025-02-14,C0152,P006,Monitor,Electronics,West,3,71942.64,45939.52,26003.12,0.23
O003791,2025-07-02,C0186,P002,Wireless Mouse,Electronics,South,4,64868.16,52854.33,12013.83,0.02
O003792,2025-06-07,C0152,P001,Laptop Pro,Electronics,North,2,39891.72,24211.99,15679.73,0.06
O003793,2025-01-25,C0316,P008,Pen Set,Stationery,West,8,275332.96,210261.6,65071.36,0.02
O003794,2025-06-13,C0234,P006,Monitor,Electronics,West,10,332865.2,259773.38,73091.82,0.08
O003795,2025-06-05,C0062,P007,Notebook,Stationery,South,4,157779.2,102187.42,55591.78,0.2
O003796,2025-11-03,C0137,P002,Wireless Mouse,Electronics,East,3,62016.57,50066.36,11950.21,0.23
O003797,2025-11-13,C0470,P003,Keyboard,Electronics,North,1,25323.92,14551.38,10772.54,0.08
O003798,2025-11-25,C0195,P001,Laptop Pro,Electronics,North,7,38037.23,29458.46,8578.77,0.23
O003799,2025-09-27,C0326,P001,Laptop Pro,Electronics,South,1,38686.44,31140.52,7545.92,0.22
O003800,2025-10-02,C0073,P003,Keyboard,Electronics,West,5,35924.0,21089.16,14834.84,0.2
O003801,2025-07-02,C0476,P003,Keyboard,Electronics,West,3,132958.56,105458.16,27500.4,0.02
O003802,2025-03-16,C0016,P003,Keyboard,Electronics,South,7,245128.38,162872.5,82255.88,0.14
O003803,2025-01-02,C0006,P005,Desk,Furniture,East,8,241580.8,184211.38,57369.42,0.2
O003804,2025-11-21,C0181,P004,Office Chair,Furniture,West,3,104611.2,77412.89,27198.31,0.2
O003805,2025-04-14,C0081,P003,Keyboard,Electronics,South,3,91544.04,51699.21,39844.83,0.16
O003806,2025-05-17,C0287,P001,Laptop Pro,Electronics,East,1,35271.68,29058.95,6212.73,0.17
O003807,2025-03-04,C0075,P008,Pen Set,Stationery,East,3,40442.4,28995.19,11447.21,0.2
O003808,2025-01-23,C0170,P002,Wireless Mouse,Electronics,North,5,105131.75,80443.19,24688.56,0.05
O003809,2025-05-28,C0283,P003,Keyboard,Electronics,North,9,237393.0,157636.31,79756.69,0.0
O003810,2025-06-03,C0454,P003,Keyboard,Electronics,West,3,52140.0,40927.43,11212.57,0.0
O003811,2025-06-24,C0022,P005,Desk,Furniture,North,8,175010.48,128124.5,46885.98,0.17
O003812,2025-09-16,C0170,P005,Desk,Furniture,West,2,72707.64,55883.32,16824.32,0.13
O003813,2025-06-18,C0322,P007,Notebook,Stationery,East,5,67240.8,55149.16,12091.64,0.01
O003814,2025-09-18,C0475,P007,Notebook,Stationery,West,3,38246.94,26682.64,11564.3,0.13
O003815,2025-11-11,C0320,P007,Notebook,Stationery,South,6,139888.2,115183.49,24704.71,0.17
O003816,2025-11-28,C0066,P002,Wireless Mouse,Electronics,South,4,86405.76,48883.2,37522.56,0.16
O003817,2025-10-12,C0196,P001,Laptop Pro,Electronics,North,2,10563.2,8560.85,2002.35,0.2
O003818,2025-02-10,C0386,P005,Desk,Furniture,North,8,288731.52,224047.25,64684.27,0.07
O003819,2025-05-12,C0439,P004,Office Chair,Furniture,East,9,11046.6,6477.46,4569.14,0.05
O003820,2025-06-07,C0038,P004,Office Chair,Furniture,North,9,76895.28,55430.83,21464.45,0.24
O003821,2025-04-30,C0158,P005,Desk,Furniture,West,8,243507.2,203842.3,39664.9,0.18
O003822,2025-07-29,C0243,P003,Keyboard,Electronics,South,9,121535.55,99028.56,22506.99,0.15
O003823,2025-07-21,C0253,P001,Laptop Pro,Electronics,North,10,179719.4,105644.16,74075.24,0.18
O003824,2025-09-28,C0384,P005,Desk,Furniture,West,9,391108.5,310699.62,80408.88,0.13
O003825,2025-03-27,C0189,P006,Monitor,Electronics,South,7,263419.59,191743.21,71676.38,0.17
O003826,2025-02-26,C0270,P003,Keyboard,Electronics,South,9,81157.86,66575.5,14582.36,0.18
O003827,2025-09-19,C0264,P003,Keyboard,Electronics,East,4,93776.4,63865.19,29911.21,0.05
O003828,2025-08-05,C0249,P007,Notebook,Stationery,West,9,400722.12,333655.87,67066.25,0.07
O003829,2025-06-15,C0411,P008,Pen Set,Stationery,South,9,10786.5,7224.44,3562.06,0.15
O003830,2025-10-22,C0244,P008,Pen Set,Stationery,East,5,224627.55,145476.92,79150.63,0.07
O003831,2025-09-02,C0166,P003,Keyboard,Electronics,East,2,27922.44,17038.27,10884.17,0.09
O003832,2025-11-15,C0251,P006,Monitor,Electronics,East,10,397334.4,278485.29,118849.11,0.04
O003833,2025-11-22,C0150,P008,Pen Set,Stationery,West,5,22420.0,12763.95,9656.05,0.24
O003834,2025-11-30,C0061,P003,Keyboard,Electronics,West,7,188576.08,110522.57,78053.51,0.08
O003835,2025-07-02,C0404,P007,Notebook,Stationery,East,5,104015.7,76341.13,27674.57,0.06
O003836,2025-11-10,C0207,P002,Wireless Mouse,Electronics,West,6,225502.86,184013.98,41488.88,0.11
O003837,2025-10-17,C0490,P007,Notebook,Stationery,South,4,190228.0,150790.54,39437.46,0.0
O003838,2025-04-09,C0429,P006,Monitor,Electronics,North,9,107939.16,62936.86,45002.3,0.02
O003839,2025-03-30,C0473,P002,Wireless Mouse,Electronics,East,6,200228.16,148527.33,51700.83,0.12
O003840,2025-04-21,C0157,P003,Keyboard,Electronics,South,3,96427.98,68698.67,27729.31,0.07
O003841,2025-09-24,C0393,P008,Pen Set,Stationery,East,7,163039.66,117440.35,45599.31,0.14
O003842,2025-01-18,C0141,P007,Notebook,Stationery,North,1,4501.6,3656.53,845.07,0.2
O003843,2025-06-20,C0446,P004,Office Chair,Furniture,South,4,68321.84,39052.55,29269.29,0.14
O003844,2025-07-24,C0383,P008,Pen Set,Stationery,West,4,79225.6,56099.26,23126.34,0.2
O003845,2025-01-09,C0177,P002,Wireless Mouse,Electronics,South,6,120438.72,81302.0,39136.72,0.07
O003846,2025-05-17,C0477,P003,Keyboard,Electronics,West,7,17136.0,11673.48,5462.52,0.15
O003847,2025-04-16,C0203,P003,Keyboard,Electronics,East,8,72190.8,46911.56,25279.24,0.01
O003848,2025-06-28,C0210,P002,Wireless Mouse,Electronics,West,2,65528.5,50009.99,15518.51,0.17
O003849,2025-02-13,C0451,P003,Keyboard,Electronics,East,9,177732.54,106855.25,70877.29,0.18
O003850,2025-09-12,C0233,P006,Monitor,Electronics,East,4,138022.08,76724.14,61297.94,0.06
O003851,2025-04-04,C0214,P006,Monitor,Electronics,East,9,81964.26,48983.03,32981.23,0.02
O003852,2025-05-17,C0148,P004,Office Chair,Furniture,West,10,220491.0,163693.47,56797.53,0.1
O003853,2025-09-04,C0426,P001,Laptop Pro,Electronics,East,8,251443.6,201069.05,50374.55,0.15
O003854,2025-09-16,C0034,P002,Wireless Mouse,Electronics,West,10,394533.6,228835.99,165697.61,0.14
O003855,2025-12-19,C0142,P008,Pen Set,Stationery,East,6,143877.72,103847.48,40030.24,0.02
O003856,2025-12-11,C0052,P002,Wireless Mouse,Electronics,West,5,159136.0,103711.47,55424.53,0.2
O003857,2025-05-06,C0265,P005,Desk,Furniture,East,10,342595.2,266470.77,76124.43,0.04
O003858,2025-06-13,C0299,P008,Pen Set,Stationery,North,5,129201.3,84646.42,44554.88,0.11
O003859,2025-05-15,C0333,P008,Pen Set,Stationery,South,1,21988.0,16877.66,5110.34,0.08
O003860,2025-02-22,C0173,P005,Desk,Furniture,West,4,99197.4,74117.6,25079.8,0.13
O003861,2025-11-10,C0440,P003,Keyboard,Electronics,North,3,143322.0,103862.41,39459.59,0.0
O003862,2025-06-27,C0108,P008,Pen Set,Stationery,East,7,300554.66,243310.62,57244.04,0.06
O003863,2025-02-26,C0064,P008,Pen Set,Stationery,East,8,50346.0,37719.07,12626.93,0.25
O003864,2025-11-11,C0493,P005,Desk,Furniture,East,8,189656.88,147922.87,41734.01,0.21
O003865,2025-03-10,C0089,P004,Office Chair,Furniture,East,2,80733.3,57398.78,23334.52,0.07
O003866,2025-04-25,C0176,P006,Monitor,Electronics,East,8,242872.64,152127.82,90744.82,0.08
O003867,2025-11-29,C0192,P008,Pen Set,Stationery,West,5,28984.5,18800.5,10184.0,0.1
O003868,2025-03-16,C0275,P004,Office Chair,Furniture,East,10,402895.6,250333.61,152561.99,0.08
O003869,2025-10-26,C0403,P006,Monitor,Electronics,East,6,218520.0,171008.09,47511.91,0.0
O003870,2025-09-14,C0051,P008,Pen Set,Stationery,West,10,157628.7,103820.19,53808.51,0.21
O003871,2025-05-15,C0322,P007,Notebook,Stationery,North,1,8306.4,6836.04,1470.36,0.2
O003872,2025-12-02,C0403,P004,Office Chair,Furniture,East,7,73603.88,56858.93,16744.95,0.06
O003873,2025-07-25,C0414,P008,Pen Set,Stationery,West,1,19899.0,11551.94,8347.06,0.0
O003874,2025-09-08,C0369,P002,Wireless Mouse,Electronics,South,5,182438.0,136980.34,45457.66,0.24
O003875,2025-06-24,C0022,P005,Desk,Furniture,South,2,66677.52,43060.51,23617.01,0.09
O003876,2025-03-04,C0237,P008,Pen Set,Stationery,North,5,101003.5,67745.73,33257.77,0.18
O003877,2025-06-28,C0316,P004,Office Chair,Furniture,North,10,248775.9,142635.64,106140.26,0.03
O003878,2025-08-24,C0294,P001,Laptop Pro,Electronics,East,2,46860.12,38989.27,7870.85,0.19
O003879,2025-09-28,C0161,P001,Laptop Pro,Electronics,East,8,254789.2,185796.04,68993.16,0.11
O003880,2025-07-06,C0297,P002,Wireless Mouse,Electronics,South,7,311223.36,241129.12,70094.24,0.04
O003881,2025-04-12,C0405,P007,Notebook,Stationery,West,8,176172.48,115548.39,60624.09,0.17
O003882,2025-12-27,C0270,P008,Pen Set,Stationery,West,4,75872.16,59838.48,16033.68,0.22
O003883,2025-10-03,C0110,P001,Laptop Pro,Electronics,East,8,28387.44,16744.38,11643.06,0.11
O003884,2025-04-10,C0314,P002,Wireless Mouse,Electronics,North,4,48972.8,38986.36,9986.44,0.2
O003885,2025-06-08,C0085,P002,Wireless Mouse,Electronics,West,5,62483.85,43140.64,19343.21,0.01
O003886,2025-04-26,C0161,P005,Desk,Furniture,West,10,134007.3,107918.73,26088.57,0.11
O003887,2025-01-12,C0101,P007,Notebook,Stationery,North,8,26137.92,16477.58,9660.34,0.24
O003888,2025-11-18,C0224,P001,Laptop Pro,Electronics,East,8,290876.96,230193.57,60683.39,0.18
O003889,2025-06-25,C0093,P003,Keyboard,Electronics,West,7,11266.5,9489.69,1776.81,0.13
O003890,2025-02-04,C0073,P004,Office Chair,Furniture,West,8,236822.08,180520.61,56301.47,0.24
O003891,2025-03-07,C0490,P007,Notebook,Stationery,South,10,68551.0,40299.54,28251.46,0.02
O003892,2025-03-23,C0413,P003,Keyboard,Electronics,West,2,29384.88,17628.5,11756.38,0.16
O003893,2025-10-18,C0413,P002,Wireless Mouse,Electronics,South,2,67893.76,50416.1,17477.66,0.12
O003894,2025-06-13,C0232,P006,Monitor,Electronics,East,10,182358.0,141777.32,40580.68,0.1
O003895,2025-12-18,C0420,P005,Desk,Furniture,East,7,141198.26,85320.33,55877.93,0.18
O003896,2025-12-19,C0273,P005,Desk,Furniture,East,5,25253.95,14628.77,10625.18,0.03
O003897,2025-01-10,C0352,P002,Wireless Mouse,Electronics,East,4,77729.96,47125.66,30604.3,0.23
O003898,2025-10-04,C0052,P003,Keyboard,Electronics,South,1,11786.3,8773.96,3012.34,0.14
O003899,2025-05-24,C0442,P008,Pen Set,Stationery,West,7,217794.36,126302.24,91492.12,0.08
O003900,2025-02-08,C0134,P002,Wireless Mouse,Electronics,South,5,104721.1,62805.83,41915.27,0.17
O003901,2025-02-19,C0057,P004,Office Chair,Furniture,South,4,79645.2,45230.47,34414.73,0.07
O003902,2025-04-11,C0001,P008,Pen Set,Stationery,West,3,101747.85,67840.4,33907.45,0.05
O003903,2025-10-21,C0006,P007,Notebook,Stationery,West,5,119030.45,67116.86,51913.59,0.23
O003904,2025-08-27,C0194,P008,Pen Set,Stationery,South,7,38857.28,24137.03,14720.25,0.24
O003905,2025-02-03,C0326,P006,Monitor,Electronics,West,1,28359.85,19705.39,8654.46,0.11
O003906,2025-09-26,C0433,P003,Keyboard,Electronics,West,2,63169.92,40086.47,23083.45,0.04
O003907,2025-04-24,C0023,P001,Laptop Pro,Electronics,South,5,30223.8,24003.04,6220.76,0.13
O003908,2025-05-12,C0315,P003,Keyboard,Electronics,West,7,115765.44,91310.41,24455.03,0.16
O003909,2025-01-19,C0166,P008,Pen Set,Stationery,South,5,31258.75,17973.61,13285.14,0.15
O003910,2025-10-17,C0369,P001,Laptop Pro,Electronics,West,7,92932.0,66979.66,25952.34,0.2
O003911,2025-02-28,C0362,P001,Laptop Pro,Electronics,West,4,76641.64,60876.85,15764.79,0.03
O003912,2025-10-14,C0294,P001,Laptop Pro,Electronics,North,2,71336.16,57711.87,13624.29,0.02
O003913,2025-01-06,C0237,P004,Office Chair,Furniture,East,7,241281.6,161026.02,80255.58,0.04
O003914,2025-05-08,C0327,P003,Keyboard,Electronics,West,2,33826.1,19284.1,14542.0,0.23
O003915,2025-03-31,C0058,P003,Keyboard,Electronics,West,6,61900.2,34109.13,27791.07,0.1
O003916,2025-05-22,C0264,P001,Laptop Pro,Electronics,North,9,364784.04,240776.26,124007.78,0.13
O003917,2025-10-07,C0119,P003,Keyboard,Electronics,East,10,146281.0,124060.39,22220.61,0.05
O003918,2025-08-18,C0123,P004,Office Chair,Furniture,East,10,412207.6,277199.75,135007.85,0.02
O003919,2025-10-21,C0112,P002,Wireless Mouse,Electronics,East,8,151719.04,94993.77,56725.27,0.08
O003920,2025-02-15,C0078,P002,Wireless Mouse,Electronics,South,1,8919.14,5719.64,3199.5,0.18
O003921,2025-11-22,C0299,P004,Office Chair,Furniture,West,2,69264.96,48760.33,20504.63,0.08
O003922,2025-08-21,C0052,P001,Laptop Pro,Electronics,West,4,71705.6,57988.09,13717.51,0.2
O003923,2025-06-26,C0211,P008,Pen Set,Stationery,West,2,53196.36,32326.03,20870.33,0.17
O003924,2025-12-24,C0196,P001,Laptop Pro,Electronics,North,10,196852.6,123248.38,73604.22,0.02
O003925,2025-11-21,C0324,P006,Monitor,Electronics,East,2,48692.0,38600.36,10091.64,0.06
O003926,2025-10-13,C0233,P004,Office Chair,Furniture,West,4,106466.4,66824.73,39641.67,0.1
O003927,2025-07-18,C0144,P008,Pen Set,Stationery,South,8,312760.24,177707.96,135052.28,0.11
O003928,2025-08-21,C0347,P005,Desk,Furniture,South,6,204744.3,169807.95,34936.35,0.21
O003929,2025-05-16,C0298,P002,Wireless Mouse,Electronics,West,8,124248.96,76753.49,47495.47,0.01
O003930,2025-05-16,C0445,P008,Pen Set,Stationery,East,6,223537.5,183041.69,40495.81,0.25
O003931,2025-01-23,C0301,P002,Wireless Mouse,Electronics,East,1,17203.44,14090.85,3112.59,0.14
O003932,2025-07-18,C0011,P008,Pen Set,Stationery,East,4,27079.68,22943.21,4136.47,0.14
O003933,2025-10-26,C0457,P005,Desk,Furniture,East,3,94731.12,68993.19,25737.93,0.01
O003934,2025-01-27,C0248,P005,Desk,Furniture,West,8,172548.64,100346.67,72201.97,0.21
O003935,2025-06-29,C0215,P007,Notebook,Stationery,East,5,134966.65,101506.16,33460.49,0.09
O003936,2025-03-27,C0199,P008,Pen Set,Stationery,South,3,87041.46,59777.9,27263.56,0.14
O003937,2025-01-13,C0389,P005,Desk,Furniture,South,9,186994.17,158326.87,28667.3,0.07
O003938,2025-09-28,C0440,P001,Laptop Pro,Electronics,East,10,314495.8,237628.1,76867.7,0.06
O003939,2025-11-02,C0094,P007,Notebook,Stationery,West,1,26056.94,18944.43,7112.51,0.09
O003940,2025-10-08,C0244,P002,Wireless Mouse,Electronics,North,4,132847.32,89396.96,43450.36,0.03
O003941,2025-01-21,C0388,P008,Pen Set,Stationery,South,8,214297.76,141945.6,72352.16,0.11
O003942,2025-04-05,C0451,P007,Notebook,Stationery,West,3,70096.74,48403.95,21692.79,0.06
O003943,2025-07-03,C0064,P002,Wireless Mouse,Electronics,South,2,5798.8,4510.23,1288.57,0.24
O003944,2025-10-04,C0496,P007,Notebook,Stationery,South,3,31082.67,17398.36,13684.31,0.17
O003945,2025-05-04,C0027,P005,Desk,Furniture,South,4,41153.2,31083.97,10069.23,0.06
O003946,2025-07-14,C0012,P004,Office Chair,Furniture,West,10,298960.2,187050.23,111909.97,0.23
O003947,2025-04-27,C0349,P001,Laptop Pro,Electronics,North,7,195788.25,122872.2,72916.05,0.25
O003948,2025-08-13,C0276,P007,Notebook,Stationery,West,10,190932.0,115937.49,74994.51,0.16
O003949,2025-06-25,C0125,P006,Monitor,Electronics,West,3,108859.92,64332.08,44527.84,0.08
O003950,2025-09-29,C0454,P001,Laptop Pro,Electronics,East,1,19710.6,12407.24,7303.36,0.22
O003951,2025-02-24,C0060,P005,Desk,Furniture,North,9,230240.07,150160.92,80079.15,0.19
O003952,2025-03-15,C0272,P005,Desk,Furniture,North,3,65331.63,42028.19,23303.44,0.09
O003953,2025-03-09,C0187,P006,Monitor,Electronics,East,4,105487.2,89453.92,16033.28,0.1
O003954,2025-10-09,C0272,P001,Laptop Pro,Electronics,West,8,232019.84,193819.86,38199.98,0.21
O003955,2025-10-30,C0487,P007,Notebook,Stationery,South,1,42446.95,26257.92,16189.03,0.05
O003956,2025-01-18,C0462,P003,Keyboard,Electronics,North,2,25779.0,21270.66,4508.34,0.22
O003957,2025-10-31,C0398,P006,Monitor,Electronics,South,9,181246.32,149845.59,31400.73,0.24
O003958,2025-09-23,C0255,P008,Pen Set,Stationery,South,10,280033.2,167416.13,112617.07,0.19
O003959,2025-07-29,C0089,P002,Wireless Mouse,Electronics,North,5,42088.0,30312.42,11775.58,0.2
O003960,2025-01-05,C0121,P008,Pen Set,Stationery,South,10,238362.8,139312.71,99050.09,0.08
O003961,2025-01-10,C0166,P003,Keyboard,Electronics,North,9,287235.72,198566.69,88669.03,0.13
O003962,2025-02-10,C0077,P001,Laptop Pro,Electronics,North,3,91718.88,59758.76,31960.12,0.12
O003963,2025-02-12,C0371,P003,Keyboard,Electronics,West,3,118281.72,91744.43,26537.29,0.18
O003964,2025-05-22,C0272,P006,Monitor,Electronics,West,5,92047.4,52471.34,39576.06,0.24
O003965,2025-08-01,C0068,P003,Keyboard,Electronics,West,2,5990.4,3778.25,2212.15,0.22
O003966,2025-12-15,C0293,P006,Monitor,Electronics,West,1,6006.91,4035.0,1971.91,0.09
O003967,2025-07-23,C0029,P005,Desk,Furniture,West,5,45006.3,27856.36,17149.94,0.21
O003968,2025-04-07,C0104,P006,Monitor,Electronics,North,5,207969.5,172958.95,35010.55,0.14
O003969,2025-10-12,C0111,P006,Monitor,Electronics,West,9,281111.04,174674.61,106436.43,0.04
O003970,2025-06-21,C0229,P001,Laptop Pro,Electronics,South,7,19090.4,15450.41,3639.99,0.2
O003971,2025-12-06,C0273,P004,Office Chair,Furniture,East,3,69962.64,44102.16,25860.48,0.12
O003972,2025-01-23,C0370,P002,Wireless Mouse,Electronics,North,10,367549.6,212699.53,154850.07,0.12
O003973,2025-12-09,C0068,P007,Notebook,Stationery,North,8,240786.0,202893.36,37892.64,0.25
O003974,2025-10-15,C0080,P003,Keyboard,Electronics,East,6,25923.84,14617.57,11306.27,0.14
O003975,2025-08-19,C0431,P003,Keyboard,Electronics,North,4,49416.48,41552.31,7864.17,0.18
O003976,2025-10-27,C0175,P005,Desk,Furniture,South,10,336777.0,261401.34,75375.66,0.21
O003977,2025-07-10,C0469,P002,Wireless Mouse,Electronics,East,6,160949.76,119020.71,41929.05,0.24
O003978,2025-11-27,C0228,P002,Wireless Mouse,Electronics,North,2,44774.04,35399.33,9374.71,0.21
O003979,2025-08-27,C0172,P005,Desk,Furniture,West,10,83638.0,68684.47,14953.53,0.24
O003980,2025-08-28,C0424,P005,Desk,Furniture,South,2,31571.54,20196.57,11374.97,0.23
O003981,2025-09-22,C0474,P007,Notebook,Stationery,South,3,74094.42,54117.6,19976.82,0.03
O003982,2025-08-29,C0373,P002,Wireless Mouse,Electronics,West,3,50110.2,41879.14,8231.06,0.16
O003983,2025-05-13,C0153,P004,Office Chair,Furniture,South,7,261055.2,181173.6,79881.6,0.2
O003984,2025-11-15,C0460,P005,Desk,Furniture,West,4,129370.8,104528.81,24841.99,0.22
O003985,2025-09-01,C0057,P008,Pen Set,Stationery,East,3,90645.96,60090.8,30555.16,0.24
O003986,2025-11-28,C0023,P007,Notebook,Stationery,South,5,57723.9,46754.32,10969.58,0.22
O003987,2025-11-25,C0152,P001,Laptop Pro,Electronics,South,4,55156.64,41046.59,14110.05,0.23
O003988,2025-11-17,C0016,P005,Desk,Furniture,North,8,238917.12,200284.85,38632.27,0.22
O003989,2025-09-05,C0117,P005,Desk,Furniture,West,1,38820.74,29492.14,9328.6,0.02
O003990,2025-12-22,C0399,P007,Notebook,Stationery,South,3,44630.82,29976.53,14654.29,0.22
O003991,2025-04-24,C0212,P003,Keyboard,Electronics,South,6,88485.0,73164.07,15320.93,0.15
O003992,2025-11-19,C0499,P001,Laptop Pro,Electronics,North,10,47059.8,29672.57,17387.23,0.18
O003993,2025-12-30,C0059,P002,Wireless Mouse,Electronics,West,6,52372.32,30513.16,21859.16,0.12
O003994,2025-09-09,C0492,P003,Keyboard,Electronics,East,3,72179.52,41124.29,31055.23,0.08
O003995,2025-09-25,C0137,P007,Notebook,Stationery,South,10,8073.0,5975.96,2097.04,0.22
O003996,2025-05-20,C0230,P004,Office Chair,Furniture,East,4,74201.6,62738.62,11462.98,0.15
O003997,2025-11-28,C0391,P003,Keyboard,Electronics,East,3,98908.56,61591.07,37317.49,0.13
O003998,2025-02-12,C0181,P007,Notebook,Stationery,South,7,281210.16,194878.61,86331.55,0.12
O003999,2025-06-04,C0239,P001,Laptop Pro,Electronics,South,3,29607.63,24391.73,5215.9,0.11
O004000,2025-11-06,C0289,P007,Notebook,Stationery,North,6,5310.36,3243.77,2066.59,0.01
O004001,2025-02-04,C0443,P001,Laptop Pro,Electronics,East,1,26249.44,18006.72,8242.72,0.08
O004002,2025-12-28,C0167,P005,Desk,Furniture,East,3,77767.56,48591.18,29176.38,0.13
O004003,2025-05-08,C0064,P005,Desk,Furniture,West,1,36203.86,21824.08,14379.78,0.23
O004004,2025-08-10,C0227,P008,Pen Set,Stationery,East,10,78810.2,61076.13,17734.07,0.18
O004005,2025-04-29,C0351,P005,Desk,Furniture,West,10,125336.4,80432.52,44903.88,0.16
O004006,2025-12-10,C0303,P001,Laptop Pro,Electronics,South,5,83487.2,64435.63,19051.57,0.21
O004007,2025-06-21,C0234,P006,Monitor,Electronics,South,3,89350.8,67743.45,21607.35,0.12
O004008,2025-09-04,C0120,P004,Office Chair,Furniture,East,9,46767.24,29177.24,17590.0,0.22
O004009,2025-01-26,C0093,P006,Monitor,Electronics,South,4,129249.12,97423.37,31825.75,0.22
O004010,2025-09-01,C0478,P007,Notebook,Stationery,East,5,27053.55,16117.37,10936.18,0.21
O004011,2025-08-23,C0081,P001,Laptop Pro,Electronics,North,10,323104.6,246972.69,76131.91,0.09
O004012,2025-07-24,C0025,P004,Office Chair,Furniture,South,4,90802.8,74890.19,15912.61,0.01
O004013,2025-12-29,C0046,P004,Office Chair,Furniture,East,3,63524.58,35478.55,28046.03,0.02
O004014,2025-10-28,C0490,P006,Monitor,Electronics,East,6,166928.58,94521.92,72406.66,0.21
O004015,2025-12-18,C0346,P001,Laptop Pro,Electronics,East,5,48734.4,36272.48,12461.92,0.04
O004016,2025-03-22,C0191,P006,Monitor,Electronics,East,7,138736.64,101016.84,37719.8,0.02
O004017,2025-01-19,C0482,P002,Wireless Mouse,Electronics,West,3,59840.4,47288.0,12552.4,0.06
O004018,2025-06-26,C0463,P002,Wireless Mouse,Electronics,North,10,48758.8,38845.58,9913.22,0.21
O004019,2025-05-11,C0477,P006,Monitor,Electronics,North,4,159326.8,116845.83,42480.97,0.17
O004020,2025-06-10,C0184,P008,Pen Set,Stationery,West,2,36578.1,29536.69,7041.41,0.17
O004021,2025-09-21,C0324,P002,Wireless Mouse,Electronics,South,7,159751.2,96186.72,63564.48,0.2
O004022,2025-03-03,C0382,P005,Desk,Furniture,West,7,114261.0,89712.05,24548.95,0.0
O004023,2025-07-06,C0457,P003,Keyboard,Electronics,West,2,73367.02,52159.11,21207.91,0.17
O004024,2025-08-23,C0224,P004,Office Chair,Furniture,North,6,52872.0,41437.43,11434.57,0.0
O004025,2025-10-15,C0338,P006,Monitor,Electronics,West,1,18384.0,11845.14,6538.86,0.04
O004026,2025-06-06,C0098,P006,Monitor,Electronics,South,7,244440.28,198773.78,45666.5,0.11
O004027,2025-01-20,C0056,P007,Notebook,Stationery,North,1,32973.93,25707.75,7266.18,0.01
O004028,2025-01-26,C0376,P002,Wireless Mouse,Electronics,South,5,223353.0,129279.86,94073.14,0.1
O004029,2025-10-03,C0305,P003,Keyboard,Electronics,South,8,235589.04,168959.85,66629.19,0.13
O004030,2025-05-05,C0285,P001,Laptop Pro,Electronics,North,5,108389.4,72161.56,36227.84,0.16
O004031,2025-02-15,C0271,P007,Notebook,Stationery,East,9,230307.66,177373.22,52934.44,0.18
O004032,2025-12-05,C0303,P007,Notebook,Stationery,West,10,23985.0,17708.44,6276.56,0.25
O004033,2025-07-14,C0246,P006,Monitor,Electronics,South,7,300548.5,233706.22,66842.28,0.14
O004034,2025-03-22,C0422,P001,Laptop Pro,Electronics,North,1,24017.52,18358.05,5659.47,0.24
O004035,2025-04-18,C0181,P002,Wireless Mouse,Electronics,West,5,141705.6,86149.44,55556.16,0.04
O004036,2025-12-31,C0400,P005,Desk,Furniture,North,1,26749.02,20547.14,6201.88,0.13
O004037,2025-09-24,C0390,P004,Office Chair,Furniture,East,1,22470.6,18778.46,3692.14,0.15
O004038,2025-04-15,C0211,P002,Wireless Mouse,Electronics,West,5,87092.2,63774.96,23317.24,0.24
O004039,2025-08-11,C0195,P002,Wireless Mouse,Electronics,West,5,112626.8,81011.29,31615.51,0.12
O004040,2025-09-09,C0458,P008,Pen Set,Stationery,North,6,21907.08,14267.82,7639.26,0.22
O004041,2025-12-09,C0312,P002,Wireless Mouse,Electronics,East,7,128317.28,72323.49,55993.79,0.09
O004042,2025-09-15,C0025,P007,Notebook,Stationery,West,4,75579.76,58585.52,16994.24,0.06
O004043,2025-06-28,C0271,P004,Office Chair,Furniture,East,10,98040.0,54874.14,43165.86,0.0
O004044,2025-08-29,C0361,P007,Notebook,Stationery,West,6,239534.4,149006.67,90527.73,0.2
O004045,2025-09-11,C0353,P008,Pen Set,Stationery,West,4,4671.24,2708.51,1962.73,0.17
O004046,2025-05-25,C0281,P002,Wireless Mouse,Electronics,West,10,84869.7,49421.27,35448.43,0.21
O004047,2025-03-12,C0489,P003,Keyboard,Electronics,East,1,6702.72,5023.26,1679.46,0.04
O004048,2025-06-25,C0152,P005,Desk,Furniture,North,6,126242.82,71622.73,54620.09,0.01
O004049,2025-10-18,C0434,P001,Laptop Pro,Electronics,West,10,297320.1,238712.16,58607.94,0.23
O004050,2025-06-08,C0194,P007,Notebook,Stationery,North,8,109446.0,75900.05,33545.95,0.13
O004051,2025-05-25,C0128,P007,Notebook,Stationery,South,4,4043.2,3186.31,856.89,0.05
O004052,2025-06-10,C0081,P001,Laptop Pro,Electronics,East,1,1836.0,1170.11,665.89,0.15
O004053,2025-02-24,C0225,P004,Office Chair,Furniture,West,1,26912.75,20565.67,6347.08,0.17
O004054,2025-11-14,C0255,P006,Monitor,Electronics,South,5,110508.3,65838.76,44669.54,0.19
O004055,2025-03-16,C0173,P006,Monitor,Electronics,South,2,58481.7,38789.6,19692.1,0.15
O004056,2025-03-07,C0128,P008,Pen Set,Stationery,North,6,224683.2,123857.35,100825.85,0.1
O004057,2025-08-28,C0232,P003,Keyboard,Electronics,North,4,75263.76,50025.75,25238.01,0.01
O004058,2025-01-23,C0423,P003,Keyboard,Electronics,East,6,27039.6,19079.06,7960.54,0.16
O004059,2025-01-07,C0173,P002,Wireless Mouse,Electronics,North,9,357903.36,289406.81,68496.55,0.04
O004060,2025-02-28,C0436,P007,Notebook,Stationery,South,7,197290.17,140604.66,56685.51,0.01
O004061,2025-05-22,C0249,P004,Office Chair,Furniture,North,10,75046.4,53733.04,21313.36,0.12
O004062,2025-07-20,C0314,P007,Notebook,Stationery,East,4,107725.52,63790.8,43934.72,0.02
O004063,2025-05-13,C0356,P005,Desk,Furniture,South,5,96249.6,57116.85,39132.75,0.04
O004064,2025-02-06,C0126,P005,Desk,Furniture,West,9,255000.15,154891.64,100108.51,0.21
O004065,2025-02-07,C0429,P004,Office Chair,Furniture,North,8,38514.88,21663.3,16851.58,0.08
O004066,2025-03-04,C0472,P001,Laptop Pro,Electronics,East,3,62548.8,46247.93,16300.87,0.17
O004067,2025-07-16,C0044,P002,Wireless Mouse,Electronics,North,10,136850.4,92049.58,44800.82,0.17
O004068,2025-03-05,C0426,P005,Desk,Furniture,North,8,39081.12,28152.41,10928.71,0.22
O004069,2025-03-15,C0455,P003,Keyboard,Electronics,East,6,113981.76,85823.98,28157.78,0.24
O004070,2025-05-29,C0033,P008,Pen Set,Stationery,North,7,222216.26,174021.73,48194.53,0.14
O004071,2025-02-05,C0265,P004,Office Chair,Furniture,North,5,24849.6,15143.38,9706.22,0.07
O004072,2025-06-25,C0472,P002,Wireless Mouse,Electronics,North,9,364180.68,201359.96,162820.72,0.03
O004073,2025-10-28,C0343,P004,Office Chair,Furniture,North,3,52501.68,35883.86,16617.82,0.16
O004074,2025-01-01,C0294,P005,Desk,Furniture,East,5,147109.05,96848.88,50260.17,0.01
O004075,2025-09-15,C0235,P001,Laptop Pro,Electronics,South,7,203041.37,151910.4,51130.97,0.03
O004076,2025-07-01,C0391,P002,Wireless Mouse,Electronics,West,1,12775.87,10128.67,2647.2,0.03
O004077,2025-08-23,C0168,P005,Desk,Furniture,West,6,181880.82,141752.66,40128.16,0.03
O004078,2025-04-20,C0440,P005,Desk,Furniture,West,1,24614.76,13739.87,10874.89,0.18
O004079,2025-09-26,C0231,P005,Desk,Furniture,North,5,171007.2,125524.6,45482.6,0.16
O004080,2025-11-11,C0148,P004,Office Chair,Furniture,North,4,155491.0,96191.06,59299.94,0.03
O004081,2025-01-09,C0115,P003,Keyboard,Electronics,South,7,136445.4,109161.33,27284.07,0.02
O004082,2025-11-27,C0285,P007,Notebook,Stationery,North,8,174283.52,99273.69,75009.83,0.06
O004083,2025-01-19,C0042,P006,Monitor,Electronics,North,8,196948.8,148821.12,48127.68,0.06
O004084,2025-06-14,C0116,P007,Notebook,Stationery,West,6,105591.6,61072.74,44518.86,0.1
O004085,2025-05-29,C0487,P001,Laptop Pro,Electronics,West,7,132466.95,84019.77,48447.18,0.01
O004086,2025-11-22,C0326,P008,Pen Set,Stationery,East,10,155071.8,102901.2,52170.6,0.22
O004087,2025-05-07,C0208,P005,Desk,Furniture,North,9,37572.48,30788.95,6783.53,0.12
O004088,2025-02-06,C0228,P001,Laptop Pro,Electronics,West,1,24067.2,13265.33,10801.87,0.2
O004089,2025-04-12,C0415,P004,Office Chair,Furniture,South,8,142588.0,91681.62,50906.38,0.14
O004090,2025-02-07,C0227,P001,Laptop Pro,Electronics,North,8,269970.4,223933.21,46037.19,0.03
O004091,2025-02-17,C0138,P007,Notebook,Stationery,East,1,2410.56,1342.89,1067.67,0.07
O004092,2025-08-18,C0144,P005,Desk,Furniture,South,2,43376.16,31559.43,11816.73,0.08
O004093,2025-10-17,C0374,P004,Office Chair,Furniture,West,4,145479.08,93239.2,52239.88,0.17
O004094,2025-09-03,C0398,P006,Monitor,Electronics,North,6,60917.64,51517.53,9400.11,0.06
O004095,2025-01-29,C0160,P004,Office Chair,Furniture,South,4,89506.8,49262.64,40244.16,0.06
O004096,2025-02-27,C0491,P007,Notebook,Stationery,West,7,152983.25,101852.43,51130.82,0.05
O004097,2025-10-18,C0445,P008,Pen Set,Stationery,East,4,21000.0,12913.67,8086.33,0.25
O004098,2025-03-19,C0476,P007,Notebook,Stationery,South,3,47225.34,36141.41,11083.93,0.13
O004099,2025-05-05,C0428,P006,Monitor,Electronics,South,9,176676.39,148571.54,28104.85,0.21
O004100,2025-12-26,C0041,P008,Pen Set,Stationery,South,7,227195.64,131261.52,95934.12,0.11
O004101,2025-09-04,C0470,P005,Desk,Furniture,West,10,106848.0,87440.54,19407.46,0.2
O004102,2025-11-25,C0052,P008,Pen Set,Stationery,West,1,28408.0,18725.17,9682.83,0.0
O004103,2025-03-04,C0199,P004,Office Chair,Furniture,South,6,155601.0,91109.47,64491.53,0.15
O004104,2025-11-10,C0097,P006,Monitor,Electronics,East,1,21553.44,15652.85,5900.59,0.17
O004105,2025-10-01,C0356,P005,Desk,Furniture,West,7,126050.4,100321.38,25729.02,0.1
O004106,2025-06-17,C0185,P001,Laptop Pro,Electronics,West,2,32529.36,24023.51,8505.85,0.17
O004107,2025-03-09,C0244,P001,Laptop Pro,Electronics,North,4,129478.0,80944.63,48533.37,0.18
O004108,2025-06-14,C0065,P007,Notebook,Stationery,North,7,292615.05,174186.32,118428.73,0.15
O004109,2025-01-28,C0004,P006,Monitor,Electronics,North,1,31497.62,21003.53,10494.09,0.23
O004110,2025-06-17,C0218,P002,Wireless Mouse,Electronics,North,2,71161.74,40321.3,30840.44,0.19
O004111,2025-05-10,C0496,P007,Notebook,Stationery,North,2,68647.48,49326.95,19320.53,0.11
O004112,2025-10-12,C0263,P003,Keyboard,Electronics,South,2,30676.0,23061.47,7614.53,0.0
O004113,2025-10-21,C0320,P004,Office Chair,Furniture,North,9,149803.38,99265.77,50537.61,0.17
O004114,2025-02-07,C0032,P007,Notebook,Stationery,East,8,65200.4,54093.53,11106.87,0.05
O004115,2025-08-27,C0486,P005,Desk,Furniture,South,9,66393.36,54222.82,12170.54,0.12
O004116,2025-03-12,C0065,P007,Notebook,Stationery,North,6,103197.0,58931.9,44265.1,0.18
O004117,2025-09-27,C0373,P003,Keyboard,Electronics,West,3,4252.5,3296.52,955.98,0.1
O004118,2025-11-18,C0500,P005,Desk,Furniture,South,2,57063.6,42308.24,14755.36,0.1
O004119,2025-12-20,C0322,P001,Laptop Pro,Electronics,West,3,34084.8,26564.78,7520.02,0.1
O004120,2025-11-09,C0303,P004,Office Chair,Furniture,North,7,222169.85,183049.8,39120.05,0.05
O004121,2025-03-17,C0116,P007,Notebook,Stationery,North,8,213364.32,170900.63,42463.69,0.07
O004122,2025-03-18,C0454,P004,Office Chair,Furniture,West,3,66048.27,54153.62,11894.65,0.03
O004123,2025-08-25,C0299,P008,Pen Set,Stationery,East,2,20980.8,15331.74,5649.06,0.1
O004124,2025-08-01,C0390,P006,Monitor,Electronics,East,3,34284.72,28185.44,6099.28,0.08
O004125,2025-05-08,C0411,P005,Desk,Furniture,West,5,195806.55,152344.58,43461.97,0.13
O004126,2025-02-08,C0159,P007,Notebook,Stationery,South,9,53373.06,43506.42,9866.64,0.22
O004127,2025-09-24,C0013,P004,Office Chair,Furniture,East,1,26435.62,19337.65,7097.97,0.06
O004128,2025-06-28,C0305,P008,Pen Set,Stationery,North,8,36535.92,23572.22,12963.7,0.21
O004129,2025-01-27,C0088,P007,Notebook,Stationery,East,3,82877.94,68682.72,14195.22,0.13
O004130,2025-07-19,C0489,P002,Wireless Mouse,Electronics,South,3,3040.56,1915.35,1125.21,0.18
O004131,2025-07-23,C0203,P008,Pen Set,Stationery,North,3,21105.9,17220.25,3885.65,0.1
O004132,2025-10-02,C0408,P004,Office Chair,Furniture,North,3,34963.68,22344.83,12618.85,0.08
O004133,2025-10-18,C0488,P003,Keyboard,Electronics,West,10,192346.7,141522.65,50824.05,0.09
O004134,2025-10-20,C0101,P008,Pen Set,Stationery,East,4,169039.48,139471.97,29567.51,0.11
O004135,2025-11-26,C0418,P008,Pen Set,Stationery,South,10,169281.9,96530.36,72751.54,0.19
O004136,2025-09-03,C0346,P005,Desk,Furniture,South,8,118570.48,67827.9,50742.58,0.17
O004137,2025-03-17,C0493,P007,Notebook,Stationery,East,8,7417.6,5253.97,2163.63,0.05
O004138,2025-10-12,C0150,P007,Notebook,Stationery,South,8,220779.76,132047.01,88732.75,0.03
O004139,2025-07-05,C0204,P004,Office Chair,Furniture,South,4,7062.4,5034.87,2027.53,0.2
O004140,2025-11-18,C0130,P001,Laptop Pro,Electronics,South,9,397759.68,333800.8,63958.88,0.04
O004141,2025-08-30,C0350,P008,Pen Set,Stationery,South,4,36560.0,20539.21,16020.79,0.2
O004142,2025-06-30,C0391,P002,Wireless Mouse,Electronics,East,3,111939.75,85620.56,26319.19,0.11
O004143,2025-02-02,C0316,P006,Monitor,Electronics,West,3,36753.0,21688.69,15064.31,0.0
O004144,2025-12-11,C0036,P001,Laptop Pro,Electronics,West,9,170479.44,117799.26,52680.18,0.03
O004145,2025-04-18,C0323,P003,Keyboard,Electronics,West,8,268109.92,208752.99,59356.93,0.17
O004146,2025-06-30,C0170,P006,Monitor,Electronics,North,2,17621.52,13554.45,4067.07,0.16
O004147,2025-02-28,C0317,P001,Laptop Pro,Electronics,East,1,18733.26,10485.16,8248.1,0.22
O004148,2025-12-20,C0025,P005,Desk,Furniture,North,3,23074.14,13887.76,9186.38,0.11
O004149,2025-05-04,C0165,P004,Office Chair,Furniture,North,7,4740.75,2798.9,1941.85,0.25
O004150,2025-12-09,C0140,P003,Keyboard,Electronics,South,9,137997.0,113340.3,24656.7,0.0
O004151,2025-02-28,C0223,P005,Desk,Furniture,South,4,110926.24,67821.79,43104.45,0.08
O004152,2025-04-24,C0064,P001,Laptop Pro,Electronics,West,10,58734.0,44804.6,13929.4,0.22
O004153,2025-12-13,C0157,P007,Notebook,Stationery,North,10,201165.6,139080.59,62085.01,0.21
O004154,2025-05-10,C0033,P004,Office Chair,Furniture,North,4,1105.44,700.33,405.11,0.06
O004155,2025-01-03,C0016,P007,Notebook,Stationery,East,2,51778.8,37492.28,14286.52,0.1
O004156,2025-12-02,C0049,P005,Desk,Furniture,West,6,216192.24,140256.74,75935.5,0.01
O004157,2025-12-21,C0088,P007,Notebook,Stationery,North,5,40596.0,27356.11,13239.89,0.15
O004158,2025-01-10,C0335,P003,Keyboard,Electronics,West,5,31447.4,17353.35,14094.05,0.03
O004159,2025-06-18,C0429,P007,Notebook,Stationery,South,2,78874.16,47998.29,30875.87,0.18
O004160,2025-03-10,C0339,P006,Monitor,Electronics,North,6,53146.56,40332.62,12813.94,0.17
O004161,2025-08-16,C0326,P006,Monitor,Electronics,East,9,308902.95,212157.24,96745.71,0.05
O004162,2025-06-06,C0255,P004,Office Chair,Furniture,West,6,87290.46,73009.23,14281.23,0.19
O004163,2025-07-06,C0024,P003,Keyboard,Electronics,North,6,229783.32,140062.86,89720.46,0.22
O004164,2025-06-13,C0260,P002,Wireless Mouse,Electronics,West,2,35317.62,28081.8,7235.82,0.19
O004165,2025-04-01,C0206,P003,Keyboard,Electronics,North,8,192759.04,137947.81,54811.23,0.18
O004166,2025-05-02,C0011,P004,Office Chair,Furniture,East,2,54631.92,39677.43,14954.49,0.07
O004167,2025-08-30,C0061,P006,Monitor,Electronics,West,9,301131.0,234210.57,66920.43,0.0
O004168,2025-04-23,C0189,P002,Wireless Mouse,Electronics,East,5,42244.8,35802.31,6442.49,0.04
O004169,2025-06-30,C0289,P005,Desk,Furniture,West,6,183811.68,103588.67,80223.01,0.22
O004170,2025-02-15,C0055,P008,Pen Set,Stationery,South,6,155010.24,113495.41,41514.83,0.12
O004171,2025-06-19,C0240,P008,Pen Set,Stationery,West,10,339622.0,258993.14,80628.86,0.06
O004172,2025-02-23,C0045,P003,Keyboard,Electronics,West,8,122109.76,98957.09,23152.67,0.08
O004173,2025-09-29,C0293,P001,Laptop Pro,Electronics,West,9,256869.36,206692.62,50176.74,0.24
O004174,2025-04-03,C0060,P001,Laptop Pro,Electronics,South,2,38718.96,32495.98,6222.98,0.16
O004175,2025-02-01,C0004,P004,Office Chair,Furniture,South,7,284311.65,222631.85,61679.8,0.13
O004176,2025-12-10,C0260,P005,Desk,Furniture,South,8,189585.28,108272.99,81312.29,0.17
O004177,2025-03-01,C0383,P001,Laptop Pro,Electronics,South,8,133920.0,77907.72,56012.28,0.1
O004178,2025-06-18,C0357,P008,Pen Set,Stationery,West,10,379793.8,220865.2,158928.6,0.03
O004179,2025-10-04,C0452,P001,Laptop Pro,Electronics,East,4,48873.12,34002.25,14870.87,0.13
O004180,2025-10-15,C0441,P003,Keyboard,Electronics,West,9,178249.14,149545.8,28703.34,0.18
O004181,2025-08-28,C0203,P002,Wireless Mouse,Electronics,South,9,124812.09,104935.31,19876.78,0.19
O004182,2025-09-12,C0301,P001,Laptop Pro,Electronics,East,10,6384.0,4411.85,1972.15,0.16
O004183,2025-12-04,C0130,P005,Desk,Furniture,East,5,91027.2,74660.19,16367.01,0.12
O004184,2025-03-29,C0381,P005,Desk,Furniture,West,2,5396.96,3909.88,1487.08,0.11
O004185,2025-12-01,C0119,P003,Keyboard,Electronics,East,7,239041.53,156096.02,82945.51,0.19
O004186,2025-05-13,C0128,P008,Pen Set,Stationery,East,6,217825.14,145354.66,72470.48,0.03
O004187,2025-12-30,C0442,P004,Office Chair,Furniture,North,10,312781.6,230833.57,81948.03,0.08
O004188,2025-07-06,C0260,P008,Pen Set,Stationery,East,10,370720.0,311344.72,59375.28,0.2
O004189,2025-06-18,C0214,P008,Pen Set,Stationery,North,9,421020.36,316430.2,104590.16,0.06
O004190,2025-06-06,C0347,P007,Notebook,Stationery,North,8,255303.68,203513.64,51790.04,0.08
O004191,2025-02-20,C0413,P008,Pen Set,Stationery,West,4,11763.0,8771.04,2991.96,0.25
O004192,2025-04-09,C0162,P008,Pen Set,Stationery,North,7,34698.3,26225.83,8472.47,0.22
O004193,2025-03-22,C0077,P001,Laptop Pro,Electronics,South,8,233041.68,155292.28,77749.4,0.13
O004194,2025-04-07,C0210,P004,Office Chair,Furniture,East,9,178046.64,110547.18,67499.46,0.07
O004195,2025-04-06,C0115,P003,Keyboard,Electronics,North,9,164526.75,92622.87,71903.88,0.17
O004196,2025-06-10,C0356,P003,Keyboard,Electronics,East,7,138632.55,95321.0,43311.55,0.05
O004197,2025-12-20,C0028,P002,Wireless Mouse,Electronics,South,5,182596.85,114806.77,67790.08,0.11
O004198,2025-05-30,C0218,P003,Keyboard,Electronics,East,3,45477.0,31660.62,13816.38,0.07
O004199,2025-06-26,C0356,P001,Laptop Pro,Electronics,West,10,132233.2,85183.17,47050.03,0.18
O004200,2025-05-09,C0038,P001,Laptop Pro,Electronics,South,3,7745.76,4524.02,3221.74,0.01
O004201,2025-10-16,C0141,P007,Notebook,Stationery,West,5,67748.45,53378.33,14370.12,0.23
O004202,2025-12-06,C0306,P007,Notebook,Stationery,North,2,20744.42,14917.63,5826.79,0.03
O004203,2025-08-03,C0167,P003,Keyboard,Electronics,North,8,292359.52,229709.41,62650.11,0.18
O004204,2025-03-18,C0465,P008,Pen Set,Stationery,South,7,37589.86,22578.65,15011.21,0.23
O004205,2025-12-22,C0181,P001,Laptop Pro,Electronics,South,6,142345.8,96193.58,46152.22,0.07
O004206,2025-06-24,C0298,P001,Laptop Pro,Electronics,East,5,111529.6,88485.75,23043.85,0.09
O004207,2025-01-04,C0256,P001,Laptop Pro,Electronics,West,3,76753.35,49878.09,26875.26,0.05
O004208,2025-04-21,C0119,P008,Pen Set,Stationery,South,9,287251.2,184841.56,102409.64,0.2
O004209,2025-05-15,C0348,P008,Pen Set,Stationery,West,7,76827.24,56097.85,20729.39,0.14
O004210,2025-05-06,C0205,P001,Laptop Pro,Electronics,West,1,32879.04,25400.67,7478.37,0.04
O004211,2025-04-05,C0077,P003,Keyboard,Electronics,North,7,259588.0,216518.14,43069.86,0.0
O004212,2025-08-23,C0396,P008,Pen Set,Stationery,North,6,111034.08,74406.53,36627.55,0.17
O004213,2025-06-24,C0348,P007,Notebook,Stationery,North,8,10816.96,6167.19,4649.77,0.23
O004214,2025-05-10,C0159,P003,Keyboard,Electronics,North,1,3665.1,2948.58,716.52,0.05
O004215,2025-02-28,C0196,P008,Pen Set,Stationery,South,7,243098.24,145634.55,97463.69,0.12
O004216,2025-12-18,C0419,P002,Wireless Mouse,Electronics,South,9,365392.8,227018.99,138373.81,0.05
O004217,2025-11-29,C0313,P002,Wireless Mouse,Electronics,South,10,90515.0,60045.6,30469.4,0.14
O004218,2025-03-23,C0089,P002,Wireless Mouse,Electronics,West,1,20959.18,14548.09,6411.09,0.06
O004219,2025-04-30,C0335,P001,Laptop Pro,Electronics,West,1,35743.53,21217.19,14526.34,0.03
O004220,2025-05-27,C0318,P008,Pen Set,Stationery,East,5,53916.2,30529.63,23386.57,0.11
O004221,2025-10-08,C0478,P008,Pen Set,Stationery,South,9,247742.82,194920.53,52822.29,0.22
O004222,2025-09-23,C0426,P001,Laptop Pro,Electronics,North,7,86567.04,65608.37,20958.67,0.04
O004223,2025-05-30,C0133,P002,Wireless Mouse,Electronics,West,3,63420.48,45410.45,18010.03,0.24
O004224,2025-05-19,C0252,P007,Notebook,Stationery,West,6,171219.12,101225.82,69993.3,0.14
O004225,2025-11-28,C0219,P001,Laptop Pro,Electronics,East,10,220200.0,175405.74,44794.26,0.2
O004226,2025-06-25,C0091,P008,Pen Set,Stationery,East,3,115244.64,95081.99,20162.65,0.16
O004227,2025-08-29,C0254,P008,Pen Set,Stationery,East,4,102821.6,77986.39,24835.21,0.14
O004228,2025-05-20,C0214,P001,Laptop Pro,Electronics,East,8,2790.4,2119.93,670.47,0.2
O004229,2025-08-11,C0045,P008,Pen Set,Stationery,South,8,195858.0,110827.68,85030.32,0.19
O004230,2025-02-01,C0408,P008,Pen Set,Stationery,South,3,99266.16,66475.14,32791.02,0.08
O004231,2025-07-13,C0132,P003,Keyboard,Electronics,North,7,259585.76,197864.87,61720.89,0.18
O004232,2025-02-08,C0331,P008,Pen Set,Stationery,West,1,259.35,210.0,49.35,0.09
O004233,2025-09-21,C0006,P001,Laptop Pro,Electronics,South,6,125829.0,84222.92,41606.08,0.18
O004234,2025-10-23,C0430,P002,Wireless Mouse,Electronics,East,7,160819.68,111220.48,49599.2,0.08
O004235,2025-03-05,C0451,P002,Wireless Mouse,Electronics,South,3,78420.15,47622.4,30797.75,0.15
O004236,2025-07-11,C0345,P005,Desk,Furniture,East,3,91333.2,56760.54,34572.66,0.17
O004237,2025-11-12,C0285,P002,Wireless Mouse,Electronics,East,7,9466.8,6921.93,2544.87,0.02
O004238,2025-08-30,C0001,P001,Laptop Pro,Electronics,West,9,261315.0,198791.57,62523.43,0.0
O004239,2025-11-29,C0053,P008,Pen Set,Stationery,North,2,46563.84,32308.86,14254.98,0.04
O004240,2025-10-08,C0297,P008,Pen Set,Stationery,East,5,18669.75,11528.21,7141.54,0.07
O004241,2025-05-31,C0212,P008,Pen Set,Stationery,North,10,223016.2,132806.12,90210.08,0.11
O004242,2025-10-20,C0474,P001,Laptop Pro,Electronics,North,6,27136.2,22466.38,4669.82,0.02
O004243,2025-07-05,C0015,P001,Laptop Pro,Electronics,South,8,22668.8,15843.42,6825.38,0.2
O004244,2025-10-17,C0243,P001,Laptop Pro,Electronics,South,6,19296.0,14463.07,4832.93,0.04
O004245,2025-12-12,C0089,P004,Office Chair,Furniture,West,10,115919.1,64171.26,51747.84,0.01
O004246,2025-12-12,C0355,P006,Monitor,Electronics,East,10,349544.8,260245.43,89299.37,0.12
O004247,2025-08-20,C0384,P004,Office Chair,Furniture,East,10,256431.6,207740.48,48691.12,0.08
O004248,2025-12-15,C0316,P005,Desk,Furniture,East,3,65983.68,49417.29,16566.39,0.04
O004249,2025-06-28,C0399,P003,Keyboard,Electronics,South,1,18261.32,11600.76,6660.56,0.02
O004250,2025-07-07,C0048,P008,Pen Set,Stationery,South,5,10556.4,8298.08,2258.32,0.24
O004251,2025-08-05,C0408,P004,Office Chair,Furniture,West,8,261448.56,211909.15,49539.41,0.19
O004252,2025-07-12,C0393,P008,Pen Set,Stationery,North,7,238790.72,179765.93,59024.79,0.03
O004253,2025-08-23,C0155,P006,Monitor,Electronics,North,6,159077.52,126068.99,33008.53,0.19
O004254,2025-09-18,C0041,P006,Monitor,Electronics,East,9,151064.55,100804.72,50259.83,0.15
O004255,2025-06-22,C0258,P005,Desk,Furniture,West,10,399227.4,226559.0,172668.4,0.01
O004256,2025-05-11,C0136,P003,Keyboard,Electronics,East,5,239253.3,157104.59,82148.71,0.01
O004257,2025-04-04,C0133,P001,Laptop Pro,Electronics,East,10,349572.8,238065.69,111507.11,0.14
O004258,2025-02-25,C0050,P004,Office Chair,Furniture,North,6,44350.56,34193.89,10156.67,0.24
O004259,2025-02-06,C0493,P002,Wireless Mouse,Electronics,East,1,40149.63,31726.41,8423.22,0.13
O004260,2025-06-14,C0306,P007,Notebook,Stationery,South,7,200711.35,150632.59,50078.76,0.15
O004261,2025-03-02,C0257,P003,Keyboard,Electronics,South,2,29318.38,21199.02,8119.36,0.09
O004262,2025-12-21,C0480,P001,Laptop Pro,Electronics,North,8,316037.44,235527.0,80510.44,0.17
O004263,2025-03-21,C0178,P001,Laptop Pro,Electronics,West,3,24912.72,16830.47,8082.25,0.16
O004264,2025-03-25,C0422,P003,Keyboard,Electronics,West,1,17499.29,11181.21,6318.08,0.21
O004265,2025-05-25,C0241,P002,Wireless Mouse,Electronics,East,10,71698.4,57800.35,13898.05,0.24
O004266,2025-10-26,C0127,P005,Desk,Furniture,West,8,145375.2,92808.43,52566.77,0.1
O004267,2025-08-31,C0407,P002,Wireless Mouse,Electronics,South,8,326490.4,204259.25,122231.15,0.14
O004268,2025-06-22,C0275,P002,Wireless Mouse,Electronics,North,5,138993.4,84083.84,54909.56,0.02
O004269,2025-08-05,C0229,P005,Desk,Furniture,West,6,48585.6,39797.28,8788.32,0.16
O004270,2025-06-19,C0151,P008,Pen Set,Stationery,East,10,310624.8,258505.84,52118.96,0.13
O004271,2025-02-05,C0121,P006,Monitor,Electronics,East,9,120091.14,93376.57,26714.57,0.22
O004272,2025-10-25,C0355,P001,Laptop Pro,Electronics,South,2,61909.54,36579.73,25329.81,0.23
O004273,2025-04-04,C0357,P007,Notebook,Stationery,West,1,41861.84,30585.1,11276.74,0.08
O004274,2025-05-08,C0265,P006,Monitor,Electronics,North,2,78137.1,48863.06,29274.04,0.15
O004275,2025-05-31,C0246,P002,Wireless Mouse,Electronics,South,3,43776.27,31010.92,12765.35,0.21
O004276,2025-07-04,C0210,P007,Notebook,Stationery,West,6,156447.42,127680.82,28766.6,0.03
O004277,2025-02-01,C0495,P003,Keyboard,Electronics,West,3,106618.05,86397.23,20220.82,0.23
O004278,2025-06-11,C0496,P001,Laptop Pro,Electronics,South,7,131929.35,93081.17,38848.18,0.15
O004279,2025-11-22,C0473,P002,Wireless Mouse,Electronics,East,7,16981.79,10005.01,6976.78,0.03
O004280,2025-12-12,C0091,P004,Office Chair,Furniture,West,4,13923.2,9495.59,4427.61,0.05
O004281,2025-06-02,C0234,P002,Wireless Mouse,Electronics,East,9,206554.32,123640.38,82913.94,0.16
O004282,2025-11-17,C0040,P007,Notebook,Stationery,South,4,13772.8,8009.46,5763.34,0.2
O004283,2025-09-07,C0277,P001,Laptop Pro,Electronics,North,8,226799.52,162678.8,64120.72,0.21
O004284,2025-06-27,C0319,P007,Notebook,Stationery,East,7,34022.52,27714.79,6307.73,0.08
O004285,2025-06-01,C0041,P007,Notebook,Stationery,North,7,97976.97,63472.52,34504.45,0.09
O004286,2025-02-08,C0481,P003,Keyboard,Electronics,South,9,350838.81,228598.35,122240.46,0.13
O004287,2025-11-11,C0140,P007,Notebook,Stationery,West,7,266617.89,220652.39,45965.5,0.01
O004288,2025-12-21,C0431,P005,Desk,Furniture,East,3,92349.63,55123.1,37226.53,0.13
O004289,2025-12-09,C0113,P008,Pen Set,Stationery,South,1,20848.32,12983.53,7864.79,0.04
O004290,2025-03-23,C0470,P008,Pen Set,Stationery,North,2,78207.12,46945.87,31261.25,0.19
O004291,2025-03-06,C0404,P004,Office Chair,Furniture,West,7,153528.9,129585.89,23943.01,0.13
O004292,2025-12-26,C0340,P008,Pen Set,Stationery,East,9,224413.38,187031.12,37382.26,0.03
O004293,2025-01-15,C0370,P003,Keyboard,Electronics,South,8,67080.48,51761.6,15318.88,0.13
O004294,2025-10-15,C0116,P003,Keyboard,Electronics,East,1,25011.75,17381.54,7630.21,0.25
O004295,2025-10-02,C0117,P008,Pen Set,Stationery,South,2,97836.0,59151.55,38684.45,0.0
O004296,2025-12-27,C0189,P005,Desk,Furniture,West,6,241245.54,201871.2,39374.34,0.19
O004297,2025-03-08,C0440,P004,Office Chair,Furniture,West,6,161688.96,135206.24,26482.72,0.04
O004298,2025-09-29,C0183,P008,Pen Set,Stationery,West,1,3633.1,2230.32,1402.78,0.06
O004299,2025-11-22,C0343,P004,Office Chair,Furniture,South,1,6841.26,4215.5,2625.76,0.19
O004300,2025-01-12,C0160,P003,Keyboard,Electronics,South,9,163944.0,130012.83,33931.17,0.2
O004301,2025-06-22,C0149,P005,Desk,Furniture,West,1,36352.32,23604.3,12748.02,0.24
O004302,2025-11-29,C0020,P004,Office Chair,Furniture,East,10,231519.6,195615.35,35904.25,0.22
O004303,2025-02-05,C0185,P002,Wireless Mouse,Electronics,West,2,48283.84,34637.63,13646.21,0.12
O004304,2025-06-25,C0195,P005,Desk,Furniture,North,7,261584.4,185278.41,76305.99,0.12
O004305,2025-12-10,C0221,P005,Desk,Furniture,West,5,140867.6,115417.48,25450.12,0.17
O004306,2025-02-06,C0494,P004,Office Chair,Furniture,South,4,40940.96,30176.76,10764.2,0.18
O004307,2025-12-20,C0225,P005,Desk,Furniture,North,9,328475.88,233348.51,95127.37,0.08
O004308,2025-06-10,C0299,P001,Laptop Pro,Electronics,East,7,71031.1,52171.49,18859.61,0.06
O004309,2025-11-22,C0285,P003,Keyboard,Electronics,East,7,126091.35,84957.09,41134.26,0.01
O004310,2025-04-26,C0441,P004,Office Chair,Furniture,South,1,5605.63,4291.24,1314.39,0.03
O004311,2025-02-16,C0444,P001,Laptop Pro,Electronics,West,2,26264.6,18421.11,7843.49,0.18
O004312,2025-11-16,C0028,P003,Keyboard,Electronics,East,9,125791.74,85197.43,40594.31,0.06
O004313,2025-07-07,C0420,P002,Wireless Mouse,Electronics,South,1,29584.52,24673.3,4911.22,0.17
O004314,2025-07-26,C0235,P004,Office Chair,Furniture,North,8,117318.16,71484.08,45834.08,0.21
O004315,2025-02-06,C0164,P003,Keyboard,Electronics,West,8,248663.04,193978.05,54684.99,0.04
O004316,2025-12-23,C0470,P006,Monitor,Electronics,East,10,236367.4,156103.48,80263.92,0.17
O004317,2025-07-09,C0500,P006,Monitor,Electronics,East,8,154958.24,113659.02,41299.22,0.14
O004318,2025-11-19,C0199,P001,Laptop Pro,Electronics,South,6,100371.96,62431.07,37940.89,0.22
O004319,2025-05-27,C0460,P002,Wireless Mouse,Electronics,North,8,56811.84,37459.74,19352.1,0.08
O004320,2025-03-09,C0379,P004,Office Chair,Furniture,East,10,173340.8,131202.28,42138.52,0.24
O004321,2025-11-27,C0500,P003,Keyboard,Electronics,South,1,23318.88,18237.51,5081.37,0.22
O004322,2025-11-09,C0323,P002,Wireless Mouse,Electronics,South,7,275664.2,223866.86,51797.34,0.08
O004323,2025-06-13,C0077,P002,Wireless Mouse,Electronics,North,5,108798.8,83030.87,25767.93,0.12
O004324,2025-11-15,C0452,P004,Office Chair,Furniture,East,1,42455.93,31383.53,11072.4,0.03
O004325,2025-03-14,C0154,P008,Pen Set,Stationery,North,4,6559.8,5132.28,1427.52,0.13
O004326,2025-02-16,C0403,P004,Office Chair,Furniture,South,6,213176.76,128266.51,84910.25,0.21
O004327,2025-04-13,C0396,P005,Desk,Furniture,West,5,3398.9,2045.67,1353.23,0.18
O004328,2025-10-22,C0129,P004,Office Chair,Furniture,North,5,167495.8,131617.54,35878.26,0.21
O004329,2025-12-04,C0085,P003,Keyboard,Electronics,East,2,55985.16,36866.74,19118.42,0.23
O004330,2025-01-14,C0145,P008,Pen Set,Stationery,West,10,178270.5,101318.11,76952.39,0.15
O004331,2025-03-20,C0167,P005,Desk,Furniture,East,2,14611.2,10909.05,3702.15,0.2
O004332,2025-02-28,C0105,P007,Notebook,Stationery,East,1,5037.88,3669.1,1368.78,0.14
O004333,2025-04-14,C0110,P004,Office Chair,Furniture,West,5,135796.1,93956.98,41839.12,0.18
O004334,2025-09-10,C0123,P003,Keyboard,Electronics,East,8,194132.96,111850.73,82282.23,0.14
O004335,2025-11-14,C0045,P003,Keyboard,Electronics,South,2,15041.28,11762.0,3279.28,0.04
O004336,2025-06-06,C0287,P002,Wireless Mouse,Electronics,North,4,10913.28,7940.71,2972.57,0.02
O004337,2025-10-07,C0331,P003,Keyboard,Electronics,North,10,263324.8,148836.91,114487.89,0.24
O004338,2025-03-01,C0423,P007,Notebook,Stationery,North,7,111960.8,66878.1,45082.7,0.2
O004339,2025-06-14,C0201,P001,Laptop Pro,Electronics,South,9,90819.54,55861.96,34957.58,0.02
O004340,2025-11-17,C0205,P002,Wireless Mouse,Electronics,West,8,76215.2,51773.86,24441.34,0.06
O004341,2025-09-05,C0044,P001,Laptop Pro,Electronics,North,5,182637.0,154721.57,27915.43,0.22
O004342,2025-09-17,C0407,P004,Office Chair,Furniture,West,9,327292.56,191317.38,135975.18,0.02
O004343,2025-05-03,C0370,P005,Desk,Furniture,South,1,16992.0,9499.41,7492.59,0.2
O004344,2025-10-31,C0189,P003,Keyboard,Electronics,West,1,15362.67,12131.96,3230.71,0.07
O004345,2025-07-20,C0177,P001,Laptop Pro,Electronics,North,8,39254.4,27704.64,11549.76,0.06
O004346,2025-12-29,C0441,P008,Pen Set,Stationery,West,8,148547.52,88541.58,60005.94,0.19
O004347,2025-04-17,C0061,P003,Keyboard,Electronics,West,4,16213.96,12594.53,3619.43,0.21
O004348,2025-02-09,C0048,P001,Laptop Pro,Electronics,North,4,153447.36,113972.55,39474.81,0.12
O004349,2025-10-21,C0314,P006,Monitor,Electronics,West,8,13558.4,10547.18,3011.22,0.24
O004350,2025-01-07,C0177,P004,Office Chair,Furniture,East,1,25218.9,17363.14,7855.76,0.1
O004351,2025-03-12,C0393,P007,Notebook,Stationery,South,10,235899.0,172531.53,63367.47,0.1
O004352,2025-12-15,C0163,P004,Office Chair,Furniture,North,8,32345.28,18838.81,13506.47,0.01
O004353,2025-12-02,C0025,P001,Laptop Pro,Electronics,West,10,254833.8,145181.47,109652.33,0.22
O004354,2025-01-16,C0410,P004,Office Chair,Furniture,West,4,46234.6,28417.99,17816.61,0.05
O004355,2025-10-05,C0356,P006,Monitor,Electronics,South,9,270953.64,220693.23,50260.41,0.07
O004356,2025-10-23,C0253,P003,Keyboard,Electronics,South,4,113631.04,87457.55,26173.49,0.08
O004357,2025-03-14,C0352,P003,Keyboard,Electronics,East,9,148995.0,119425.48,29569.52,0.23
O004358,2025-04-19,C0318,P006,Monitor,Electronics,North,5,108261.0,87808.34,20452.66,0.08
O004359,2025-03-26,C0399,P007,Notebook,Stationery,South,1,10991.75,7758.13,3233.62,0.23
O004360,2025-12-30,C0251,P007,Notebook,Stationery,South,8,246049.44,150547.2,95502.24,0.14
O004361,2025-09-30,C0009,P007,Notebook,Stationery,North,10,397185.5,331989.19,65196.31,0.05
O004362,2025-06-09,C0212,P005,Desk,Furniture,West,4,102076.48,67291.64,34784.84,0.06
O004363,2025-05-17,C0051,P005,Desk,Furniture,West,9,209798.64,174787.24,35011.4,0.18
O004364,2025-02-24,C0235,P004,Office Chair,Furniture,East,8,46474.64,31142.54,15332.1,0.03
O004365,2025-03-04,C0134,P006,Monitor,Electronics,East,3,101160.96,67766.79,33394.17,0.11
O004366,2025-05-18,C0130,P005,Desk,Furniture,North,1,32796.67,25410.5,7386.17,0.03
O004367,2025-12-31,C0110,P006,Monitor,Electronics,West,8,81748.16,62293.74,19454.42,0.14
O004368,2025-06-07,C0198,P002,Wireless Mouse,Electronics,North,2,47564.64,27848.09,19716.55,0.13
O004369,2025-07-24,C0384,P004,Office Chair,Furniture,North,7,35596.54,26066.33,9530.21,0.02
O004370,2025-06-29,C0466,P006,Monitor,Electronics,East,6,110542.56,69739.53,40803.03,0.18
O004371,2025-05-11,C0474,P003,Keyboard,Electronics,South,7,175655.76,116623.56,59032.2,0.24
O004372,2025-04-12,C0149,P008,Pen Set,Stationery,East,8,36390.0,28824.03,7565.97,0.25
O004373,2025-07-30,C0404,P006,Monitor,Electronics,West,5,88274.6,57930.36,30344.24,0.21
O004374,2025-02-17,C0308,P001,Laptop Pro,Electronics,West,1,11497.5,9259.72,2237.78,0.25
O004375,2025-09-25,C0193,P003,Keyboard,Electronics,West,3,79560.63,66587.34,12973.29,0.19
O004376,2025-08-16,C0381,P005,Desk,Furniture,South,3,133623.0,107856.77,25766.23,0.02
O004377,2025-01-29,C0483,P007,Notebook,Stationery,East,9,120488.04,90057.11,30430.93,0.13
O004378,2025-11-06,C0294,P008,Pen Set,Stationery,North,1,36640.55,20475.22,16165.33,0.05
O004379,2025-07-30,C0412,P007,Notebook,Stationery,East,6,12239.52,6987.42,5252.1,0.14
O004380,2025-10-15,C0140,P001,Laptop Pro,Electronics,South,4,58329.6,43076.96,15252.64,0.2
O004381,2025-09-07,C0476,P008,Pen Set,Stationery,East,8,19384.0,13103.42,6280.58,0.0
O004382,2025-07-01,C0131,P006,Monitor,Electronics,East,2,32288.0,23511.33,8776.67,0.2
O004383,2025-02-13,C0380,P007,Notebook,Stationery,West,7,244417.32,144562.2,99855.12,0.08
O004384,2025-01-04,C0496,P006,Monitor,Electronics,North,7,53881.52,32359.45,21522.07,0.12
O004385,2025-02-04,C0332,P002,Wireless Mouse,Electronics,West,7,266770.14,217785.75,48984.39,0.22
O004386,2025-05-26,C0357,P004,Office Chair,Furniture,East,5,89126.4,66727.08,22399.32,0.12
O004387,2025-12-31,C0109,P003,Keyboard,Electronics,South,4,68773.8,54663.78,14110.02,0.17
O004388,2025-09-07,C0368,P003,Keyboard,Electronics,North,7,99450.89,70044.86,29406.03,0.23
O004389,2025-02-22,C0065,P001,Laptop Pro,Electronics,East,1,5455.7,3761.91,1693.79,0.11
O004390,2025-05-03,C0021,P006,Monitor,Electronics,East,8,162603.52,125416.11,37187.41,0.24
O004391,2025-05-28,C0089,P005,Desk,Furniture,South,9,164669.4,136066.41,28602.99,0.02
O004392,2025-10-05,C0104,P006,Monitor,Electronics,South,6,48067.2,39227.62,8839.58,0.2
O004393,2025-07-03,C0441,P008,Pen Set,Stationery,West,3,115894.44,80148.14,35746.3,0.13
O004394,2025-03-12,C0213,P008,Pen Set,Stationery,East,10,354622.3,217183.32,137438.98,0.03
O004395,2025-02-19,C0424,P007,Notebook,Stationery,North,5,186722.0,142523.52,44198.48,0.11
O004396,2025-02-03,C0428,P006,Monitor,Electronics,West,9,322346.52,247764.55,74581.97,0.03
O004397,2025-01-02,C0250,P001,Laptop Pro,Electronics,North,9,327785.94,271966.61,55819.33,0.07
O004398,2025-05-12,C0131,P002,Wireless Mouse,Electronics,West,7,54982.9,45630.72,9352.18,0.02
O004399,2025-10-23,C0235,P002,Wireless Mouse,Electronics,East,2,60634.08,37734.72,22899.36,0.21
O004400,2025-09-08,C0109,P005,Desk,Furniture,East,3,116970.48,94974.05,21996.43,0.19
O004401,2025-05-30,C0287,P003,Keyboard,Electronics,West,4,98322.0,73813.43,24508.57,0.25
O004402,2025-03-03,C0324,P008,Pen Set,Stationery,South,1,3434.64,2466.6,968.04,0.12
O004403,2025-02-14,C0385,P006,Monitor,Electronics,North,4,42356.8,24500.95,17855.85,0.08
O004404,2025-01-31,C0315,P003,Keyboard,Electronics,West,3,70802.16,59578.37,11223.79,0.12
O004405,2025-07-04,C0467,P007,Notebook,Stationery,South,7,335377.0,238903.39,96473.61,0.0
O004406,2025-07-29,C0158,P004,Office Chair,Furniture,West,10,319305.0,219621.89,99683.11,0.25
O004407,2025-12-16,C0382,P003,Keyboard,Electronics,West,2,94414.0,52320.61,42093.39,0.0
O004408,2025-09-07,C0267,P001,Laptop Pro,Electronics,North,10,14124.3,11203.72,2920.58,0.11
O004409,2025-03-26,C0019,P007,Notebook,Stationery,West,7,276903.2,200481.29,76421.91,0.2
O004410,2025-11-01,C0080,P001,Laptop Pro,Electronics,West,10,319045.4,223772.74,95272.66,0.06
O004411,2025-12-17,C0091,P008,Pen Set,Stationery,West,5,158611.35,106715.27,51896.08,0.11
O004412,2025-05-18,C0416,P006,Monitor,Electronics,East,1,25051.2,18837.48,6213.72,0.2
O004413,2025-07-04,C0347,P007,Notebook,Stationery,East,6,169612.26,117247.41,52364.85,0.03
O004414,2025-10-28,C0139,P002,Wireless Mouse,Electronics,West,10,322675.2,187438.43,135236.77,0.04
O004415,2025-01-21,C0100,P008,Pen Set,Stationery,East,10,231390.0,191089.09,40300.91,0.0
O004416,2025-04-02,C0204,P006,Monitor,Electronics,South,3,143038.08,86648.29,56389.79,0.04
O004417,2025-05-11,C0177,P001,Laptop Pro,Electronics,South,4,26518.72,17679.55,8839.17,0.21
O004418,2025-01-17,C0237,P006,Monitor,Electronics,East,8,111243.36,81601.04,29642.32,0.06
O004419,2025-06-25,C0076,P001,Laptop Pro,Electronics,South,7,97134.52,66032.45,31102.07,0.08
O004420,2025-03-06,C0176,P005,Desk,Furniture,South,8,171039.6,112959.48,58080.12,0.19
O004421,2025-07-03,C0431,P008,Pen Set,Stationery,South,10,293242.5,166724.38,126518.12,0.25
O004422,2025-09-10,C0223,P007,Notebook,Stationery,South,7,213190.67,129670.4,83520.27,0.23
O004423,2025-12-23,C0205,P004,Office Chair,Furniture,South,5,41702.4,34742.39,6960.01,0.04
O004424,2025-04-23,C0255,P004,Office Chair,Furniture,South,8,58418.88,46727.5,11691.38,0.22
O004425,2025-04-30,C0415,P003,Keyboard,Electronics,South,6,254960.76,148030.76,106930.0,0.14
O004426,2025-03-14,C0336,P008,Pen Set,Stationery,South,1,560.72,406.65,154.07,0.14
O004427,2025-04-12,C0098,P005,Desk,Furniture,South,1,11012.76,6093.82,4918.94,0.19
O004428,2025-09-21,C0108,P004,Office Chair,Furniture,East,2,69946.8,57088.57,12858.23,0.16
O004429,2025-07-04,C0331,P006,Monitor,Electronics,West,7,236949.3,136185.86,100763.44,0.19
O004430,2025-09-26,C0411,P001,Laptop Pro,Electronics,East,5,145620.75,84504.93,61115.82,0.05
O004431,2025-01-09,C0458,P002,Wireless Mouse,Electronics,West,8,191181.44,127268.09,63913.35,0.14
O004432,2025-12-20,C0074,P005,Desk,Furniture,North,6,253720.74,162567.89,91152.85,0.09
O004433,2025-08-26,C0318,P006,Monitor,Electronics,South,8,291004.64,229156.0,61848.64,0.17
O004434,2025-11-19,C0422,P007,Notebook,Stationery,West,5,9995.8,7636.66,2359.14,0.08
O004435,2025-04-15,C0135,P004,Office Chair,Furniture,South,10,246149.1,162162.5,83986.6,0.13
O004436,2025-11-07,C0240,P004,Office Chair,Furniture,South,10,25295.4,17379.06,7916.34,0.06
O004437,2025-02-18,C0305,P004,Office Chair,Furniture,East,2,83066.62,51618.16,31448.46,0.09
O004438,2025-01-16,C0066,P007,Notebook,Stationery,East,6,116523.36,87891.31,28632.05,0.19
O004439,2025-11-29,C0269,P001,Laptop Pro,Electronics,West,7,179218.41,147577.91,31640.5,0.11
O004440,2025-09-11,C0214,P001,Laptop Pro,Electronics,West,7,265092.73,224570.68,40522.05,0.11
O004441,2025-05-07,C0073,P002,Wireless Mouse,Electronics,East,5,160992.0,114234.72,46757.28,0.14
O004442,2025-03-17,C0439,P002,Wireless Mouse,Electronics,West,1,13351.02,8084.84,5266.18,0.13
O004443,2025-07-25,C0124,P007,Notebook,Stationery,West,3,29702.37,19477.06,10225.31,0.03
O004444,2025-11-02,C0310,P005,Desk,Furniture,East,4,125283.52,84489.91,40793.61,0.17
O004445,2025-06-28,C0165,P006,Monitor,Electronics,East,10,191410.0,137221.72,54188.28,0.0
O004446,2025-04-12,C0039,P007,Notebook,Stationery,West,6,139671.54,104177.57,35493.97,0.19
O004447,2025-02-16,C0009,P001,Laptop Pro,Electronics,South,9,276601.05,156576.28,120024.77,0.05
O004448,2025-03-27,C0180,P008,Pen Set,Stationery,West,4,83378.48,51397.35,31981.13,0.17
O004449,2025-04-15,C0146,P008,Pen Set,Stationery,West,4,155383.44,94126.04,61257.4,0.18
O004450,2025-12-08,C0201,P005,Desk,Furniture,North,10,120810.5,68812.88,51997.62,0.15
O004451,2025-10-08,C0266,P002,Wireless Mouse,Electronics,West,10,82328.4,45536.9,36791.5,0.01
O004452,2025-03-20,C0212,P007,Notebook,Stationery,East,1,43794.23,36911.91,6882.32,0.11
O004453,2025-04-12,C0341,P005,Desk,Furniture,West,8,229282.56,169298.79,59983.77,0.22
O004454,2025-09-05,C0221,P006,Monitor,Electronics,North,10,201541.2,127740.43,73800.77,0.16
O004455,2025-05-30,C0469,P001,Laptop Pro,Electronics,East,10,115843.2,95632.86,20210.34,0.12
O004456,2025-05-07,C0367,P002,Wireless Mouse,Electronics,East,1,17211.74,12000.93,5210.81,0.09
O004457,2025-09-10,C0406,P007,Notebook,Stationery,South,7,209365.8,131164.01,78201.79,0.21
O004458,2025-12-31,C0167,P004,Office Chair,Furniture,South,9,211898.43,172624.1,39274.33,0.19
O004459,2025-02-14,C0284,P001,Laptop Pro,Electronics,South,6,137195.28,113257.07,23938.21,0.11
O004460,2025-10-31,C0271,P008,Pen Set,Stationery,South,9,146186.37,99810.61,46375.76,0.19
O004461,2025-11-07,C0420,P008,Pen Set,Stationery,West,5,65156.0,42770.23,22385.77,0.2
O004462,2025-06-15,C0030,P006,Monitor,Electronics,South,10,123931.5,82850.86,41080.64,0.13
O004463,2025-12-11,C0200,P004,Office Chair,Furniture,East,1,26302.38,19555.22,6747.16,0.22
O004464,2025-06-02,C0397,P007,Notebook,Stationery,South,10,404428.8,335312.59,69116.21,0.04
O004465,2025-02-27,C0096,P006,Monitor,Electronics,North,5,156726.0,101714.08,55011.92,0.1
O004466,2025-02-02,C0003,P006,Monitor,Electronics,North,7,12768.77,8955.01,3813.76,0.21
O004467,2025-08-07,C0001,P004,Office Chair,Furniture,East,6,110905.2,70671.15,40234.05,0.1
O004468,2025-08-24,C0221,P001,Laptop Pro,Electronics,North,4,113241.6,77274.8,35966.8,0.1
O004469,2025-06-23,C0023,P002,Wireless Mouse,Electronics,South,7,36654.8,21433.44,15221.36,0.05
O004470,2025-09-15,C0365,P007,Notebook,Stationery,North,6,119773.92,80563.84,39210.08,0.14
O004471,2025-04-24,C0111,P001,Laptop Pro,Electronics,South,1,19435.89,13728.35,5707.54,0.03
O004472,2025-07-25,C0001,P006,Monitor,Electronics,North,3,96765.3,73980.63,22784.67,0.1
O004473,2025-01-14,C0086,P004,Office Chair,Furniture,East,9,171925.92,94575.95,77349.97,0.08
O004474,2025-01-16,C0036,P008,Pen Set,Stationery,South,4,136760.0,115898.01,20861.99,0.0
O004475,2025-07-11,C0287,P005,Desk,Furniture,North,6,180627.72,128714.08,51913.64,0.02
O004476,2025-10-24,C0060,P007,Notebook,Stationery,South,2,73233.78,52762.1,20471.68,0.07
O004477,2025-10-22,C0049,P007,Notebook,Stationery,South,6,12032.28,7830.76,4201.52,0.22
O004478,2025-12-05,C0253,P007,Notebook,Stationery,North,9,254950.92,173348.74,81602.18,0.02
O004479,2025-03-17,C0306,P008,Pen Set,Stationery,South,1,35344.0,22738.8,12605.2,0.0
O004480,2025-07-07,C0009,P003,Keyboard,Electronics,West,9,322047.72,259004.23,63043.49,0.24
O004481,2025-04-23,C0107,P002,Wireless Mouse,Electronics,South,10,273351.4,229301.28,44050.12,0.02
O004482,2025-03-11,C0022,P002,Wireless Mouse,Electronics,East,4,63684.72,38144.47,25540.25,0.14
O004483,2025-08-30,C0254,P001,Laptop Pro,Electronics,East,1,12471.36,9389.27,3082.09,0.12
O004484,2025-01-04,C0199,P006,Monitor,Electronics,West,7,59265.5,37127.82,22137.68,0.18
O004485,2025-04-03,C0464,P002,Wireless Mouse,Electronics,West,2,69996.08,58389.16,11606.92,0.23
O004486,2025-07-18,C0304,P003,Keyboard,Electronics,East,1,40209.44,22833.48,17375.96,0.06
O004487,2025-02-26,C0061,P002,Wireless Mouse,Electronics,West,7,129606.4,74911.3,54695.1,0.12
O004488,2025-03-09,C0443,P001,Laptop Pro,Electronics,South,2,70017.08,41060.23,28956.85,0.02
O004489,2025-09-18,C0394,P004,Office Chair,Furniture,West,4,15523.0,10200.99,5322.01,0.05
O004490,2025-05-26,C0418,P003,Keyboard,Electronics,East,1,22661.6,13967.44,8694.16,0.2
O004491,2025-02-23,C0434,P007,Notebook,Stationery,North,9,323667.63,246095.56,77572.07,0.17
O004492,2025-01-25,C0496,P007,Notebook,Stationery,East,2,60915.24,49222.77,11692.47,0.19
O004493,2025-01-26,C0432,P006,Monitor,Electronics,South,1,21819.84,12427.07,9392.77,0.04
O004494,2025-02-22,C0483,P007,Notebook,Stationery,North,1,33177.88,26071.41,7106.47,0.03
O004495,2025-01-22,C0449,P005,Desk,Furniture,North,5,196660.0,132179.3,64480.7,0.2
O004496,2025-05-01,C0140,P008,Pen Set,Stationery,West,2,33699.6,26364.08,7335.52,0.01
O004497,2025-07-26,C0006,P006,Monitor,Electronics,East,5,79902.6,52393.66,27508.94,0.14
O004498,2025-06-24,C0204,P001,Laptop Pro,Electronics,West,7,51308.11,35249.7,16058.41,0.17
O004499,2025-10-20,C0335,P004,Office Chair,Furniture,North,10,361114.0,288864.89,72249.11,0.14
O004500,2025-06-06,C0074,P008,Pen Set,Stationery,North,5,40302.75,25481.57,14821.18,0.15
O004501,2025-11-30,C0227,P005,Desk,Furniture,West,10,211223.7,170630.39,40593.31,0.11
O004502,2025-05-28,C0233,P003,Keyboard,Electronics,West,6,63176.28,46632.32,16543.96,0.17
O004503,2025-04-10,C0023,P007,Notebook,Stationery,North,10,45302.4,35876.18,9426.22,0.22
O004504,2025-07-25,C0064,P007,Notebook,Stationery,West,5,158420.4,133726.3,24694.1,0.03
O004505,2025-03-10,C0495,P005,Desk,Furniture,West,7,220222.24,181020.7,39201.54,0.08
O004506,2025-07-19,C0199,P003,Keyboard,Electronics,South,10,223652.8,128698.93,94953.87,0.24
O004507,2025-09-25,C0066,P007,Notebook,Stationery,East,7,4059.72,2608.5,1451.22,0.19
O004508,2025-12-12,C0212,P007,Notebook,Stationery,West,9,271378.8,230502.79,40876.01,0.23
O004509,2025-09-12,C0382,P001,Laptop Pro,Electronics,West,2,47576.62,28413.73,19162.89,0.09
O004510,2025-09-12,C0488,P005,Desk,Furniture,South,1,10351.74,6823.63,3528.11,0.02
O004511,2025-05-21,C0092,P004,Office Chair,Furniture,South,2,72651.04,46982.47,25668.57,0.23
O004512,2025-01-18,C0001,P006,Monitor,Electronics,East,3,53526.45,35706.61,17819.84,0.21
O004513,2025-02-25,C0186,P005,Desk,Furniture,North,10,201162.0,137953.85,63208.15,0.22
O004514,2025-04-27,C0170,P006,Monitor,Electronics,South,3,1864.8,1533.72,331.08,0.16
O004515,2025-07-31,C0009,P002,Wireless Mouse,Electronics,East,4,183597.72,115971.07,67626.65,0.03
O004516,2025-12-31,C0064,P004,Office Chair,Furniture,North,5,209798.4,124793.73,85004.67,0.04
O004517,2025-04-26,C0372,P002,Wireless Mouse,Electronics,North,3,106360.38,66735.07,39625.31,0.07
O004518,2025-10-03,C0475,P005,Desk,Furniture,West,2,29044.08,23009.7,6034.38,0.22
O004519,2025-12-15,C0432,P004,Office Chair,Furniture,West,5,176041.25,142142.0,33899.25,0.23
O004520,2025-01-24,C0388,P008,Pen Set,Stationery,South,10,344169.6,279521.21,64648.39,0.04
O004521,2025-02-17,C0112,P002,Wireless Mouse,Electronics,West,2,43411.06,25794.06,17617.0,0.23
O004522,2025-12-15,C0291,P002,Wireless Mouse,Electronics,West,9,55535.76,46540.87,8994.89,0.16
O004523,2025-08-26,C0266,P003,Keyboard,Electronics,West,5,41256.6,26946.38,14310.22,0.24
O004524,2025-05-25,C0398,P004,Office Chair,Furniture,East,6,124752.78,85517.73,39235.05,0.13
O004525,2025-09-25,C0487,P003,Keyboard,Electronics,South,7,80355.24,51439.59,28915.65,0.19
O004526,2025-04-06,C0066,P004,Office Chair,Furniture,East,8,316846.08,203809.63,113036.45,0.04
O004527,2025-09-27,C0348,P004,Office Chair,Furniture,South,6,46163.88,31843.03,14320.85,0.02
O004528,2025-07-07,C0118,P001,Laptop Pro,Electronics,South,6,14481.0,9058.29,5422.71,0.25
O004529,2025-08-31,C0223,P008,Pen Set,Stationery,West,3,1498.5,1022.6,475.9,0.25
O004530,2025-09-11,C0154,P007,Notebook,Stationery,East,1,34030.51,24290.79,9739.72,0.03
O004531,2025-08-30,C0161,P008,Pen Set,Stationery,South,2,78981.14,44757.4,34223.74,0.17
O004532,2025-11-06,C0098,P002,Wireless Mouse,Electronics,North,4,145299.0,104126.15,41172.85,0.23
O004533,2025-01-18,C0247,P006,Monitor,Electronics,East,3,76125.6,56865.83,19259.77,0.03
O004534,2025-03-04,C0008,P002,Wireless Mouse,Electronics,West,5,82920.75,61417.0,21503.75,0.05
O004535,2025-11-02,C0196,P002,Wireless Mouse,Electronics,East,5,86236.15,62716.47,23519.68,0.09
O004536,2025-02-05,C0305,P006,Monitor,Electronics,West,8,153554.16,93886.47,59667.69,0.07
O004537,2025-05-05,C0455,P002,Wireless Mouse,Electronics,East,2,71092.1,43937.37,27154.73,0.21
O004538,2025-01-15,C0048,P008,Pen Set,Stationery,North,3,109408.59,80369.28,29039.31,0.11
O004539,2025-11-04,C0308,P001,Laptop Pro,Electronics,West,4,153441.28,97948.91,55492.37,0.08
O004540,2025-07-31,C0321,P006,Monitor,Electronics,North,9,377894.79,270370.32,107524.47,0.09
O004541,2025-03-08,C0060,P002,Wireless Mouse,Electronics,East,8,242906.4,202683.29,40223.11,0.1
O004542,2025-04-23,C0264,P003,Keyboard,Electronics,South,8,300649.6,206517.22,94132.38,0.06
O004543,2025-04-18,C0110,P008,Pen Set,Stationery,North,5,149880.9,125266.47,24614.43,0.22
O004544,2025-05-16,C0286,P003,Keyboard,Electronics,North,3,34976.46,25554.66,9421.8,0.06
O004545,2025-06-09,C0375,P008,Pen Set,Stationery,South,1,17082.66,12909.86,4172.8,0.11
O004546,2025-09-12,C0131,P007,Notebook,Stationery,North,9,253069.92,174992.69,78077.23,0.08
O004547,2025-06-30,C0206,P008,Pen Set,Stationery,North,1,13225.5,8905.25,4320.25,0.1
O004548,2025-10-09,C0437,P001,Laptop Pro,Electronics,South,8,151683.84,89762.7,61921.14,0.24
O004549,2025-10-25,C0425,P002,Wireless Mouse,Electronics,South,3,114035.04,67066.03,46969.01,0.16
O004550,2025-08-14,C0069,P007,Notebook,Stationery,West,9,87238.8,68660.5,18578.3,0.12
O004551,2025-06-03,C0370,P005,Desk,Furniture,East,4,149856.8,120656.64,29200.16,0.05
O004552,2025-07-25,C0206,P007,Notebook,Stationery,West,10,92005.5,51615.56,40389.94,0.17
O004553,2025-04-04,C0104,P001,Laptop Pro,Electronics,East,5,162849.05,100882.37,61966.68,0.09
O004554,2025-10-24,C0450,P005,Desk,Furniture,North,4,78247.8,60102.23,18145.57,0.13
O004555,2025-08-10,C0180,P002,Wireless Mouse,Electronics,North,9,358615.08,289783.96,68831.12,0.08
O004556,2025-05-01,C0240,P003,Keyboard,Electronics,North,5,58597.7,47574.03,11023.67,0.03
O004557,2025-04-26,C0405,P008,Pen Set,Stationery,West,1,17470.04,13412.65,4057.39,0.14
O004558,2025-06-23,C0297,P005,Desk,Furniture,East,9,56580.3,38091.61,18488.69,0.02
O004559,2025-05-13,C0086,P006,Monitor,Electronics,North,9,303960.06,219402.88,84557.18,0.18
O004560,2025-04-17,C0391,P004,Office Chair,Furniture,West,8,244976.4,202453.11,42523.29,0.19
O004561,2025-07-24,C0237,P004,Office Chair,Furniture,West,7,133938.98,80789.29,53149.69,0.14
O004562,2025-10-14,C0218,P008,Pen Set,Stationery,North,8,234335.92,143619.78,90716.14,0.09
O004563,2025-02-07,C0300,P004,Office Chair,Furniture,East,5,26628.8,22621.86,4006.94,0.12
O004564,2025-06-02,C0092,P004,Office Chair,Furniture,West,9,11894.76,8870.01,3024.75,0.24
O004565,2025-12-14,C0416,P008,Pen Set,Stationery,West,3,36428.7,26668.71,9759.99,0.05
O004566,2025-02-08,C0042,P007,Notebook,Stationery,South,2,37455.6,20973.16,16482.44,0.22
O004567,2025-05-25,C0094,P002,Wireless Mouse,Electronics,South,6,106388.82,58520.96,47867.86,0.13
O004568,2025-05-14,C0300,P007,Notebook,Stationery,North,5,139944.0,108798.37,31145.63,0.15
O004569,2025-07-16,C0398,P002,Wireless Mouse,Electronics,East,1,41574.69,27777.46,13797.23,0.13
O004570,2025-12-04,C0309,P008,Pen Set,Stationery,North,10,13018.0,9615.77,3402.23,0.08
O004571,2025-07-15,C0233,P006,Monitor,Electronics,West,8,103641.36,85674.22,17967.14,0.13
O004572,2025-10-27,C0346,P008,Pen Set,Stationery,West,4,91025.64,76765.79,14259.85,0.11
O004573,2025-08-10,C0157,P002,Wireless Mouse,Electronics,South,1,9781.56,6724.05,3057.51,0.19
O004574,2025-10-17,C0225,P003,Keyboard,Electronics,South,1,20918.28,13933.38,6984.9,0.13
O004575,2025-11-27,C0187,P005,Desk,Furniture,East,6,183874.5,106843.49,77031.01,0.25
O004576,2025-08-28,C0004,P008,Pen Set,Stationery,North,10,124896.0,101532.09,23363.91,0.04
O004577,2025-08-27,C0347,P002,Wireless Mouse,Electronics,West,6,101596.98,58800.52,42796.46,0.17
O004578,2025-10-28,C0218,P004,Office Chair,Furniture,East,3,113880.87,76768.53,37112.34,0.21
O004579,2025-12-18,C0282,P007,Notebook,Stationery,West,9,271639.08,220094.24,51544.84,0.17
O004580,2025-08-31,C0103,P002,Wireless Mouse,Electronics,East,1,43288.59,32555.84,10732.75,0.13
O004581,2025-12-23,C0469,P007,Notebook,Stationery,South,8,289728.48,177824.17,111904.31,0.07
O004582,2025-07-15,C0103,P007,Notebook,Stationery,South,5,70180.5,39674.31,30506.19,0.22
O004583,2025-06-29,C0305,P008,Pen Set,Stationery,West,7,191070.6,155819.27,35251.33,0.16
O004584,2025-07-17,C0317,P005,Desk,Furniture,East,6,182430.42,140913.81,41516.61,0.11
O004585,2025-11-18,C0415,P005,Desk,Furniture,South,8,384128.64,252017.18,132111.46,0.02
O004586,2025-11-23,C0067,P005,Desk,Furniture,East,8,104601.12,77858.0,26743.12,0.22
O004587,2025-11-28,C0003,P001,Laptop Pro,Electronics,East,6,85525.44,51391.89,34133.55,0.11
O004588,2025-01-14,C0122,P007,Notebook,Stationery,West,6,75983.04,47687.68,28295.36,0.16
O004589,2025-09-04,C0269,P006,Monitor,Electronics,North,5,142365.6,79690.77,62674.83,0.22
O004590,2025-07-10,C0474,P006,Monitor,Electronics,West,4,133269.8,102460.37,30809.43,0.05
O004591,2025-11-04,C0195,P004,Office Chair,Furniture,East,3,121102.05,75604.3,45497.75,0.15
O004592,2025-01-29,C0496,P001,Laptop Pro,Electronics,East,5,9292.8,6389.54,2903.26,0.12
O004593,2025-04-01,C0416,P002,Wireless Mouse,Electronics,East,6,1402.2,933.72,468.48,0.18
O004594,2025-03-14,C0209,P001,Laptop Pro,Electronics,East,6,41419.62,31952.27,9467.35,0.01
O004595,2025-04-14,C0457,P004,Office Chair,Furniture,East,9,225431.64,153195.31,72236.33,0.16
O004596,2025-07-21,C0443,P007,Notebook,Stationery,West,8,125153.28,78839.48,46313.8,0.16
O004597,2025-09-06,C0101,P001,Laptop Pro,Electronics,West,4,45861.08,38316.61,7544.47,0.21
O004598,2025-12-29,C0489,P005,Desk,Furniture,East,2,37736.6,29614.47,8122.13,0.15
O004599,2025-08-12,C0023,P002,Wireless Mouse,Electronics,West,1,5957.82,4399.76,1558.06,0.01
O004600,2025-09-23,C0135,P002,Wireless Mouse,Electronics,West,10,210383.3,134584.07,75799.23,0.03
O004601,2025-05-01,C0442,P008,Pen Set,Stationery,North,10,367303.2,259136.41,108166.79,0.12
O004602,2025-08-17,C0442,P007,Notebook,Stationery,East,2,32851.12,26833.91,6017.21,0.06
O004603,2025-01-12,C0485,P005,Desk,Furniture,East,8,236701.2,190900.44,45800.76,0.15
O004604,2025-07-26,C0441,P003,Keyboard,Electronics,West,7,15142.05,10451.08,4690.97,0.05
O004605,2025-11-22,C0434,P006,Monitor,Electronics,North,7,306515.44,212803.13,93712.31,0.12
O004606,2025-02-18,C0442,P003,Keyboard,Electronics,South,10,114200.6,87435.84,26764.76,0.06
O004607,2025-11-03,C0331,P002,Wireless Mouse,Electronics,East,3,32984.16,20650.26,12333.9,0.12
O004608,2025-08-17,C0005,P002,Wireless Mouse,Electronics,East,4,58020.16,48188.77,9831.39,0.12
O004609,2025-07-27,C0433,P001,Laptop Pro,Electronics,East,8,298939.2,168440.59,130498.61,0.02
O004610,2025-08-21,C0271,P002,Wireless Mouse,Electronics,South,1,26229.72,18329.0,7900.72,0.07
O004611,2025-04-11,C0413,P005,Desk,Furniture,North,8,229554.08,161534.24,68019.84,0.18
O004612,2025-04-20,C0222,P004,Office Chair,Furniture,East,5,134762.15,88320.52,46441.63,0.21
O004613,2025-09-03,C0095,P005,Desk,Furniture,North,1,15033.72,11065.68,3968.04,0.22
O004614,2025-09-17,C0126,P001,Laptop Pro,Electronics,West,4,24685.44,17680.31,7005.13,0.22
O004615,2025-09-23,C0167,P005,Desk,Furniture,East,4,147908.16,100341.9,47566.26,0.24
O004616,2025-06-11,C0381,P005,Desk,Furniture,South,5,12594.7,9417.02,3177.68,0.14
O004617,2025-11-17,C0455,P001,Laptop Pro,Electronics,East,4,37702.08,21117.02,16585.06,0.24
O004618,2025-11-14,C0320,P007,Notebook,Stationery,North,1,37084.97,22115.79,14969.18,0.21
O004619,2025-01-20,C0461,P002,Wireless Mouse,Electronics,South,6,60516.9,49843.19,10673.71,0.05
O004620,2025-03-26,C0467,P007,Notebook,Stationery,South,7,86676.1,72618.83,14057.27,0.05
O004621,2025-05-06,C0016,P006,Monitor,Electronics,West,7,151741.59,83604.32,68137.27,0.07
O004622,2025-04-03,C0350,P002,Wireless Mouse,Electronics,West,6,87523.2,70235.29,17287.91,0.2
O004623,2025-11-18,C0312,P004,Office Chair,Furniture,East,3,5491.17,4447.38,1043.79,0.03
O004624,2025-01-12,C0150,P004,Office Chair,Furniture,South,2,55931.44,36238.39,19693.05,0.24
O004625,2025-01-20,C0389,P004,Office Chair,Furniture,West,2,66477.2,39355.13,27122.07,0.24
O004626,2025-12-21,C0017,P003,Keyboard,Electronics,South,1,17333.01,10180.26,7152.75,0.13
O004627,2025-04-22,C0469,P001,Laptop Pro,Electronics,East,6,102755.7,78366.12,24389.58,0.13
O004628,2025-09-27,C0482,P008,Pen Set,Stationery,South,8,281389.52,172033.69,109355.83,0.11
O004629,2025-02-23,C0192,P005,Desk,Furniture,North,6,209244.66,129943.16,79301.5,0.17
O004630,2025-09-21,C0446,P003,Keyboard,Electronics,South,8,61455.68,37262.92,24192.76,0.21
O004631,2025-02-20,C0259,P007,Notebook,Stationery,East,5,37476.5,30371.78,7104.72,0.15
O004632,2025-09-28,C0402,P003,Keyboard,Electronics,North,6,121610.16,91896.95,29713.21,0.16
O004633,2025-09-20,C0064,P006,Monitor,Electronics,West,6,231541.2,131073.45,100467.75,0.01
O004634,2025-02-22,C0346,P006,Monitor,Electronics,East,5,70295.85,48226.1,22069.75,0.19
O004635,2025-02-28,C0454,P001,Laptop Pro,Electronics,East,5,145284.1,105412.49,39871.61,0.14
O004636,2025-07-28,C0365,P001,Laptop Pro,Electronics,East,9,329059.89,206186.39,122873.5,0.03
O004637,2025-07-31,C0305,P001,Laptop Pro,Electronics,East,4,87064.56,72249.04,14815.52,0.01
O004638,2025-04-18,C0189,P006,Monitor,Electronics,East,6,197252.82,154266.89,42985.93,0.17
O004639,2025-03-20,C0229,P002,Wireless Mouse,Electronics,West,1,27117.18,16005.41,11111.77,0.19
O004640,2025-09-12,C0479,P006,Monitor,Electronics,West,5,119458.8,81901.88,37556.92,0.19
O004641,2025-12-29,C0061,P005,Desk,Furniture,South,6,177114.6,117069.42,60045.18,0.22
O004642,2025-10-28,C0416,P004,Office Chair,Furniture,South,9,255044.16,162345.15,92699.01,0.04
O004643,2025-02-01,C0364,P008,Pen Set,Stationery,East,10,263474.5,146256.82,117217.68,0.15
O004644,2025-06-08,C0292,P006,Monitor,Electronics,West,6,177799.5,126988.98,50810.52,0.25
O004645,2025-08-07,C0068,P008,Pen Set,Stationery,South,5,187075.95,108814.01,78261.94,0.21
O004646,2025-06-18,C0187,P006,Monitor,Electronics,South,7,239930.11,140412.82,99517.29,0.21
O004647,2025-05-15,C0320,P006,Monitor,Electronics,North,1,9119.79,6194.87,2924.92,0.19
O004648,2025-03-20,C0252,P007,Notebook,Stationery,South,5,33284.0,27405.38,5878.62,0.2
O004649,2025-05-25,C0419,P008,Pen Set,Stationery,East,7,158416.3,90111.33,68304.97,0.05
O004650,2025-11-23,C0420,P002,Wireless Mouse,Electronics,North,4,71031.16,58381.97,12649.19,0.03
O004651,2025-05-04,C0405,P001,Laptop Pro,Electronics,East,6,85458.96,55626.69,29832.27,0.24
O004652,2025-07-06,C0473,P006,Monitor,Electronics,West,6,186937.2,152600.4,34336.8,0.24
O004653,2025-12-06,C0110,P003,Keyboard,Electronics,South,2,41976.0,35129.44,6846.56,0.25
O004654,2025-08-01,C0261,P006,Monitor,Electronics,North,8,279874.56,218102.59,61771.97,0.24
O004655,2025-02-16,C0016,P006,Monitor,Electronics,West,1,14970.0,11573.99,3396.01,0.25
O004656,2025-06-18,C0349,P001,Laptop Pro,Electronics,West,5,65498.3,37768.83,27729.47,0.02
O004657,2025-10-26,C0119,P006,Monitor,Electronics,South,3,15941.52,11537.29,4404.23,0.16
O004658,2025-11-12,C0350,P007,Notebook,Stationery,South,9,177935.94,139418.31,38517.63,0.22
O004659,2025-09-23,C0260,P002,Wireless Mouse,Electronics,East,7,15602.58,13054.67,2547.91,0.13
O004660,2025-10-10,C0101,P001,Laptop Pro,Electronics,North,2,4347.98,3421.93,926.05,0.09
O004661,2025-03-24,C0208,P002,Wireless Mouse,Electronics,East,2,38567.8,23216.41,15351.39,0.21
O004662,2025-05-02,C0363,P001,Laptop Pro,Electronics,South,1,33003.36,24943.67,8059.69,0.18
O004663,2025-01-02,C0341,P007,Notebook,Stationery,South,4,112040.2,67838.36,44201.84,0.15
O004664,2025-02-02,C0287,P008,Pen Set,Stationery,South,9,77374.08,65635.26,11738.82,0.24
O004665,2025-07-31,C0396,P005,Desk,Furniture,West,5,129094.95,100152.79,28942.16,0.13
O004666,2025-03-11,C0379,P007,Notebook,Stationery,North,7,93458.61,59055.63,34402.98,0.19
O004667,2025-04-06,C0381,P004,Office Chair,Furniture,West,5,140216.05,84925.81,55290.24,0.17
O004668,2025-07-31,C0158,P007,Notebook,Stationery,East,5,147428.25,113280.8,34147.45,0.07
O004669,2025-12-17,C0392,P001,Laptop Pro,Electronics,South,5,128305.8,78040.38,50265.42,0.16
O004670,2025-11-30,C0168,P008,Pen Set,Stationery,North,10,257832.0,176022.68,81809.32,0.1
O004671,2025-06-09,C0199,P008,Pen Set,Stationery,West,8,148904.16,107202.58,41701.58,0.07
O004672,2025-10-19,C0316,P002,Wireless Mouse,Electronics,East,5,76761.0,56262.59,20498.41,0.1
O004673,2025-06-09,C0335,P004,Office Chair,Furniture,South,2,39802.88,27111.68,12691.2,0.08
O004674,2025-07-13,C0406,P004,Office Chair,Furniture,North,10,184940.0,110183.35,74756.65,0.0
O004675,2025-09-23,C0033,P007,Notebook,Stationery,North,5,174645.0,117970.92,56674.08,0.1
O004676,2025-12-07,C0396,P003,Keyboard,Electronics,South,3,91161.6,54128.86,37032.74,0.2
O004677,2025-01-27,C0116,P005,Desk,Furniture,West,7,227377.92,137727.73,89650.19,0.12
O004678,2025-01-28,C0199,P004,Office Chair,Furniture,North,4,105117.44,82208.29,22909.15,0.18
O004679,2025-09-24,C0494,P004,Office Chair,Furniture,East,9,216295.2,138480.95,77814.25,0.12
O004680,2025-06-18,C0168,P008,Pen Set,Stationery,West,9,144609.3,91053.04,53556.26,0.01
O004681,2025-07-10,C0423,P006,Monitor,Electronics,West,8,314085.6,249959.93,64125.67,0.1
O004682,2025-06-22,C0035,P007,Notebook,Stationery,South,9,401103.0,327303.14,73799.86,0.0
O004683,2025-11-05,C0136,P007,Notebook,Stationery,South,8,305497.84,226601.28,78896.56,0.11
O004684,2025-02-24,C0131,P007,Notebook,Stationery,West,4,38906.56,25689.75,13216.81,0.12
O004685,2025-02-01,C0150,P006,Monitor,Electronics,South,4,53340.8,32178.98,21161.82,0.2
O004686,2025-02-21,C0444,P002,Wireless Mouse,Electronics,East,9,228004.65,156587.65,71417.0,0.11
O004687,2025-02-17,C0293,P003,Keyboard,Electronics,East,1,15230.6,11262.6,3968.0,0.08
O004688,2025-04-25,C0163,P001,Laptop Pro,Electronics,East,6,147387.24,85541.27,61845.97,0.09
O004689,2025-04-06,C0427,P001,Laptop Pro,Electronics,South,9,44906.4,38020.78,6885.62,0.16
O004690,2025-09-08,C0344,P008,Pen Set,Stationery,North,7,155663.06,95179.18,60483.88,0.18
O004691,2025-07-25,C0021,P005,Desk,Furniture,North,3,39270.15,22727.07,16543.08,0.05
O004692,2025-02-11,C0271,P008,Pen Set,Stationery,East,1,2457.0,1444.9,1012.1,0.09
O004693,2025-10-25,C0426,P006,Monitor,Electronics,West,8,279164.88,230448.13,48716.75,0.19
O004694,2025-08-31,C0010,P006,Monitor,Electronics,South,10,390347.1,313906.76,76440.34,0.01
O004695,2025-05-29,C0111,P006,Monitor,Electronics,East,10,363654.0,304466.95,59187.05,0.11
O004696,2025-09-05,C0246,P004,Office Chair,Furniture,East,1,15697.04,8662.75,7034.29,0.24
O004697,2025-03-20,C0460,P002,Wireless Mouse,Electronics,South,4,10078.36,5575.87,4502.49,0.11
O004698,2025-04-13,C0422,P002,Wireless Mouse,Electronics,West,7,215562.55,137151.72,78410.83,0.15
O004699,2025-01-23,C0146,P002,Wireless Mouse,Electronics,South,5,138626.5,110944.43,27682.07,0.06
O004700,2025-02-14,C0092,P002,Wireless Mouse,Electronics,West,10,75418.6,47111.98,28306.62,0.11
O004701,2025-04-24,C0104,P007,Notebook,Stationery,West,7,146336.4,82383.11,63953.29,0.1
O004702,2025-03-16,C0129,P002,Wireless Mouse,Electronics,West,7,151449.48,84304.53,67144.95,0.08
O004703,2025-03-13,C0458,P006,Monitor,Electronics,North,6,128880.0,88549.69,40330.31,0.04
O004704,2025-03-15,C0233,P004,Office Chair,Furniture,East,7,226180.5,175112.77,51067.73,0.22
O004705,2025-12-17,C0473,P002,Wireless Mouse,Electronics,West,1,549.12,360.7,188.42,0.22
O004706,2025-02-08,C0396,P008,Pen Set,Stationery,North,1,24196.1,15624.92,8571.18,0.14
O004707,2025-08-21,C0446,P003,Keyboard,Electronics,South,2,79921.68,64322.38,15599.3,0.13
O004708,2025-04-28,C0390,P003,Keyboard,Electronics,South,4,77180.8,46793.72,30387.08,0.2
O004709,2025-12-25,C0164,P001,Laptop Pro,Electronics,North,6,94309.74,72639.51,21670.23,0.13
O004710,2025-10-25,C0152,P007,Notebook,Stationery,South,6,149774.4,122652.55,27121.85,0.2
O004711,2025-05-19,C0091,P003,Keyboard,Electronics,West,2,80883.9,45264.26,35619.64,0.13
O004712,2025-12-17,C0170,P005,Desk,Furniture,North,7,300498.87,195413.94,105084.93,0.13
O004713,2025-12-01,C0464,P001,Laptop Pro,Electronics,North,3,140878.98,80392.2,60486.78,0.01
O004714,2025-02-20,C0026,P006,Monitor,Electronics,South,5,156060.6,122307.4,33753.2,0.13
O004715,2025-04-25,C0214,P004,Office Chair,Furniture,South,5,104680.35,80292.08,24388.27,0.19
O004716,2025-12-25,C0155,P004,Office Chair,Furniture,South,1,18383.2,14369.67,4013.53,0.12
O004717,2025-05-25,C0062,P008,Pen Set,Stationery,West,1,334.54,238.22,96.32,0.14
O004718,2025-11-28,C0076,P005,Desk,Furniture,North,4,91617.68,51296.87,40320.81,0.23
O004719,2025-04-05,C0175,P008,Pen Set,Stationery,South,1,45695.55,25975.47,19720.08,0.07
O004720,2025-02-17,C0230,P004,Office Chair,Furniture,East,4,132252.8,102291.59,29961.21,0.2
O004721,2025-07-11,C0019,P007,Notebook,Stationery,East,9,58521.06,42810.44,15710.62,0.11
O004722,2025-10-16,C0123,P002,Wireless Mouse,Electronics,North,8,365945.76,276957.51,88988.25,0.06
O004723,2025-10-29,C0043,P002,Wireless Mouse,Electronics,West,1,41071.03,27062.73,14008.3,0.09
O004724,2025-04-19,C0456,P004,Office Chair,Furniture,West,4,158659.2,110496.27,48162.93,0.16
O004725,2025-05-12,C0371,P005,Desk,Furniture,East,8,14128.8,10794.63,3334.17,0.13
O004726,2025-06-01,C0476,P001,Laptop Pro,Electronics,East,7,132949.88,105087.57,27862.31,0.18
O004727,2025-08-28,C0011,P003,Keyboard,Electronics,West,6,214411.2,172018.05,42393.15,0.05
O004728,2025-01-07,C0241,P007,Notebook,Stationery,East,6,3297.24,2201.2,1096.04,0.14
O004729,2025-02-26,C0298,P007,Notebook,Stationery,South,3,97960.2,59235.19,38725.01,0.24
O004730,2025-12-03,C0197,P007,Notebook,Stationery,North,1,6560.32,5242.08,1318.24,0.24
O004731,2025-03-02,C0014,P002,Wireless Mouse,Electronics,South,9,225347.4,182426.33,42921.07,0.13
O004732,2025-10-20,C0002,P007,Notebook,Stationery,North,1,32517.24,23635.81,8881.43,0.16
O004733,2025-09-13,C0354,P008,Pen Set,Stationery,West,1,2659.8,2256.57,403.23,0.22
O004734,2025-12-09,C0342,P003,Keyboard,Electronics,West,9,14578.2,11709.25,2868.95,0.09
O004735,2025-12-10,C0302,P008,Pen Set,Stationery,West,8,209216.0,120380.39,88835.61,0.2
O004736,2025-02-23,C0289,P003,Keyboard,Electronics,East,7,226752.05,189939.85,36812.2,0.03
O004737,2025-09-09,C0231,P007,Notebook,Stationery,South,10,243754.0,136124.77,107629.23,0.08
O004738,2025-12-18,C0058,P006,Monitor,Electronics,South,10,215325.0,169987.69,45337.31,0.1
O004739,2025-03-03,C0498,P003,Keyboard,Electronics,South,1,18256.68,14979.12,3277.56,0.22
O004740,2025-10-19,C0479,P006,Monitor,Electronics,West,7,88142.67,67764.07,20378.6,0.21
O004741,2025-01-25,C0254,P005,Desk,Furniture,East,9,337540.95,221262.06,116278.89,0.15
O004742,2025-09-26,C0214,P002,Wireless Mouse,Electronics,West,7,174653.01,142129.86,32523.15,0.19
O004743,2025-02-27,C0251,P004,Office Chair,Furniture,West,6,207640.14,122344.75,85295.39,0.03
O004744,2025-08-19,C0311,P005,Desk,Furniture,South,9,202758.12,128679.61,74078.51,0.24
O004745,2025-12-02,C0282,P006,Monitor,Electronics,East,10,340507.5,283825.6,56681.9,0.17
O004746,2025-10-30,C0241,P004,Office Chair,Furniture,North,9,127870.47,93514.63,34355.84,0.09
O004747,2025-11-10,C0103,P003,Keyboard,Electronics,North,6,47025.36,37747.54,9277.82,0.19
O004748,2025-07-15,C0415,P007,Notebook,Stationery,West,5,118036.8,69278.94,48757.86,0.16
O004749,2025-10-22,C0097,P002,Wireless Mouse,Electronics,South,10,51901.0,43526.74,8374.26,0.14
O004750,2025-05-06,C0392,P006,Monitor,Electronics,West,4,176810.04,130509.52,46300.52,0.01
O004751,2025-09-21,C0409,P004,Office Chair,Furniture,West,1,17834.88,12646.91,5187.97,0.16
O004752,2025-08-05,C0354,P006,Monitor,Electronics,South,4,57511.04,37350.25,20160.79,0.08
O004753,2025-09-09,C0130,P001,Laptop Pro,Electronics,West,3,98118.45,76793.94,21324.51,0.17
O004754,2025-12-07,C0302,P002,Wireless Mouse,Electronics,South,2,21343.48,14320.82,7022.66,0.14
O004755,2025-03-26,C0410,P005,Desk,Furniture,South,6,43836.06,31613.5,12222.56,0.11
O004756,2025-09-19,C0221,P003,Keyboard,Electronics,East,10,143913.0,106990.21,36922.79,0.02
O004757,2025-08-13,C0192,P001,Laptop Pro,Electronics,North,4,125670.72,94969.12,30701.6,0.16
O004758,2025-09-05,C0400,P006,Monitor,Electronics,North,6,158418.78,110653.08,47765.7,0.17
O004759,2025-06-04,C0109,P008,Pen Set,Stationery,East,5,66434.2,39040.84,27393.36,0.02
O004760,2025-02-09,C0036,P006,Monitor,Electronics,East,4,86931.2,71935.37,14995.83,0.06
O004761,2025-08-24,C0081,P008,Pen Set,Stationery,North,6,10778.76,6383.36,4395.4,0.21
O004762,2025-10-30,C0360,P005,Desk,Furniture,East,9,18228.6,11054.34,7174.26,0.18
O004763,2025-04-11,C0103,P008,Pen Set,Stationery,North,6,157171.8,115292.34,41879.46,0.05
O004764,2025-01-03,C0413,P007,Notebook,Stationery,East,9,175106.88,137861.2,37245.68,0.22
O004765,2025-10-24,C0330,P006,Monitor,Electronics,East,1,22701.42,14340.1,8361.32,0.14
O004766,2025-06-03,C0075,P005,Desk,Furniture,West,2,6657.6,3796.41,2861.19,0.2
O004767,2025-10-27,C0077,P008,Pen Set,Stationery,North,5,194645.5,123312.12,71333.38,0.05
O004768,2025-11-24,C0315,P001,Laptop Pro,Electronics,West,2,55324.8,38809.18,16515.62,0.2
O004769,2025-10-28,C0126,P002,Wireless Mouse,Electronics,East,4,33689.52,27248.01,6441.51,0.19
O004770,2025-11-21,C0040,P008,Pen Set,Stationery,North,6,72928.62,57538.67,15389.95,0.13
O004771,2025-06-03,C0235,P002,Wireless Mouse,Electronics,East,6,249031.2,200850.47,48180.73,0.12
O004772,2025-07-30,C0147,P007,Notebook,Stationery,South,1,41494.18,34992.21,6501.97,0.02
O004773,2025-06-15,C0146,P007,Notebook,Stationery,West,3,47362.08,30799.41,16562.67,0.21
O004774,2025-06-24,C0364,P003,Keyboard,Electronics,East,1,9010.56,7200.87,1809.69,0.24
O004775,2025-05-08,C0292,P007,Notebook,Stationery,East,10,387419.1,229827.01,157592.09,0.17
O004776,2025-06-01,C0118,P001,Laptop Pro,Electronics,East,8,36696.24,22892.44,13803.8,0.19
O004777,2025-06-24,C0427,P007,Notebook,Stationery,East,7,22999.13,18179.24,4819.89,0.23
O004778,2025-05-08,C0475,P008,Pen Set,Stationery,North,1,39370.22,26580.26,12789.96,0.17
O004779,2025-07-20,C0098,P001,Laptop Pro,Electronics,East,8,228510.0,150186.17,78323.83,0.25
O004780,2025-04-01,C0001,P003,Keyboard,Electronics,South,2,28934.64,22321.39,6613.25,0.16
O004781,2025-02-04,C0197,P003,Keyboard,Electronics,North,5,202201.35,131711.16,70490.19,0.03
O004782,2025-06-21,C0139,P006,Monitor,Electronics,North,7,97526.66,56152.75,41373.91,0.17
O004783,2025-01-07,C0072,P004,Office Chair,Furniture,East,4,168636.4,112584.99,56051.41,0.05
O004784,2025-10-10,C0060,P002,Wireless Mouse,Electronics,West,6,141690.96,115305.35,26385.61,0.17
O004785,2025-01-31,C0361,P002,Wireless Mouse,Electronics,East,6,252626.88,151861.75,100765.13,0.12
O004786,2025-10-27,C0442,P003,Keyboard,Electronics,North,5,187387.2,107877.56,79509.64,0.04
O004787,2025-05-19,C0258,P002,Wireless Mouse,Electronics,North,5,45954.1,37826.96,8127.14,0.14
O004788,2025-09-20,C0493,P005,Desk,Furniture,East,2,37656.0,21660.76,15995.24,0.0
O004789,2025-03-28,C0212,P007,Notebook,Stationery,East,10,363669.5,213219.11,150450.39,0.05
O004790,2025-01-16,C0056,P003,Keyboard,Electronics,West,1,6406.9,5101.41,1305.49,0.21
O004791,2025-11-28,C0155,P005,Desk,Furniture,East,1,10069.29,8263.38,1805.91,0.01
O004792,2025-07-26,C0187,P007,Notebook,Stationery,East,10,288639.9,203829.3,84810.6,0.13
O004793,2025-11-04,C0064,P002,Wireless Mouse,Electronics,South,9,77814.0,64729.47,13084.53,0.12
O004794,2025-02-22,C0468,P007,Notebook,Stationery,West,8,323685.44,236938.16,86747.28,0.08
O004795,2025-06-10,C0098,P005,Desk,Furniture,South,5,191822.4,112623.96,79198.44,0.16
O004796,2025-04-08,C0032,P002,Wireless Mouse,Electronics,East,9,384029.91,222173.19,161856.72,0.01
O004797,2025-10-01,C0393,P003,Keyboard,Electronics,South,4,25141.48,20079.15,5062.33,0.09
O004798,2025-01-07,C0373,P004,Office Chair,Furniture,South,5,52438.5,43535.8,8902.7,0.14
O004799,2025-02-11,C0323,P003,Keyboard,Electronics,South,5,125068.8,83535.92,41532.88,0.04
O004800,2025-05-10,C0082,P003,Keyboard,Electronics,South,1,8590.96,7140.7,1450.26,0.08
O004801,2025-01-16,C0160,P007,Notebook,Stationery,South,8,17785.6,12311.66,5473.94,0.2
O004802,2025-08-07,C0363,P004,Office Chair,Furniture,West,10,430093.2,319102.28,110990.92,0.13
O004803,2025-09-13,C0250,P008,Pen Set,Stationery,South,5,13661.0,10385.64,3275.36,0.24
O004804,2025-05-30,C0432,P002,Wireless Mouse,Electronics,North,1,24874.92,15013.09,9861.83,0.16
O004805,2025-07-09,C0438,P001,Laptop Pro,Electronics,North,4,48239.6,39302.78,8936.82,0.17
O004806,2025-03-16,C0146,P001,Laptop Pro,Electronics,West,10,366888.6,308171.28,58717.32,0.22
O004807,2025-02-03,C0224,P003,Keyboard,Electronics,South,6,104429.7,68287.27,36142.43,0.05
O004808,2025-12-30,C0366,P003,Keyboard,Electronics,South,8,185768.64,155312.01,30456.63,0.19
O004809,2025-10-10,C0087,P006,Monitor,Electronics,South,3,37634.46,21866.35,15768.11,0.14
O004810,2025-08-24,C0282,P007,Notebook,Stationery,West,4,148340.64,116168.51,32172.13,0.16
O004811,2025-11-30,C0449,P001,Laptop Pro,Electronics,South,8,298994.08,189041.75,109952.33,0.23
O004812,2025-11-05,C0189,P006,Monitor,Electronics,South,8,322059.04,227476.52,94582.52,0.06
O004813,2025-04-06,C0346,P002,Wireless Mouse,Electronics,North,2,84984.32,61492.89,23491.43,0.11
O004814,2025-01-30,C0178,P004,Office Chair,Furniture,North,6,91339.44,63049.22,28290.22,0.08
O004815,2025-10-13,C0283,P008,Pen Set,Stationery,East,1,28758.4,15870.01,12888.39,0.12
O004816,2025-04-12,C0401,P005,Desk,Furniture,East,10,341181.5,281093.64,60087.86,0.15
O004817,2025-03-06,C0394,P008,Pen Set,Stationery,North,7,209582.1,175516.11,34065.99,0.1
O004818,2025-07-03,C0038,P004,Office Chair,Furniture,East,9,6854.4,5645.19,1209.21,0.2
O004819,2025-07-09,C0299,P005,Desk,Furniture,East,6,89482.32,53587.83,35894.49,0.19
O004820,2025-12-29,C0018,P006,Monitor,Electronics,East,2,20886.4,16653.57,4232.83,0.2
O004821,2025-12-04,C0353,P002,Wireless Mouse,Electronics,East,6,114524.76,77194.4,37330.36,0.02
O004822,2025-06-25,C0055,P002,Wireless Mouse,Electronics,South,2,3226.6,2256.57,970.03,0.15
O004823,2025-01-06,C0483,P007,Notebook,Stationery,East,4,85986.36,66230.17,19756.19,0.19
O004824,2025-03-14,C0073,P001,Laptop Pro,Electronics,South,5,19588.8,13692.34,5896.46,0.12
O004825,2025-09-15,C0403,P005,Desk,Furniture,West,3,64846.08,45136.72,19709.36,0.22
O004826,2025-10-07,C0058,P001,Laptop Pro,Electronics,South,4,171498.24,126907.03,44591.21,0.04
O004827,2025-11-15,C0335,P002,Wireless Mouse,Electronics,South,8,27062.88,21974.0,5088.88,0.22
O004828,2025-06-13,C0450,P006,Monitor,Electronics,South,5,197669.0,149160.46,48508.54,0.11
O004829,2025-10-25,C0217,P002,Wireless Mouse,Electronics,South,2,19163.48,12363.36,6800.12,0.11
O004830,2025-04-16,C0123,P008,Pen Set,Stationery,North,4,18851.28,13797.21,5054.07,0.02
O004831,2025-01-28,C0419,P001,Laptop Pro,Electronics,West,9,269090.1,226626.8,42463.3,0.1
O004832,2025-05-01,C0417,P006,Monitor,Electronics,North,10,142768.3,79651.02,63117.28,0.17
O004833,2025-07-10,C0367,P001,Laptop Pro,Electronics,North,4,167043.6,119292.93,47750.67,0.1
O004834,2025-02-08,C0362,P001,Laptop Pro,Electronics,East,1,8479.94,5053.36,3426.58,0.02
O004835,2025-05-15,C0498,P001,Laptop Pro,Electronics,West,9,47395.17,27982.81,19412.36,0.11
O004836,2025-11-25,C0406,P002,Wireless Mouse,Electronics,South,7,251491.52,178530.73,72960.79,0.14
O004837,2025-01-06,C0108,P003,Keyboard,Electronics,South,2,32079.72,23167.42,8912.3,0.14
O004838,2025-05-11,C0110,P001,Laptop Pro,Electronics,South,5,52504.2,39340.74,13163.46,0.16
O004839,2025-02-03,C0446,P005,Desk,Furniture,North,5,42195.0,28414.43,13780.57,0.03
O004840,2025-05-30,C0057,P001,Laptop Pro,Electronics,South,5,130465.0,72224.91,58240.09,0.0
O004841,2025-08-22,C0293,P002,Wireless Mouse,Electronics,East,4,80935.4,67824.91,13110.49,0.09
O004842,2025-03-17,C0351,P003,Keyboard,Electronics,South,1,41742.8,35177.97,6564.83,0.12
O004843,2025-12-21,C0238,P004,Office Chair,Furniture,South,10,210200.2,169881.18,40319.02,0.11
O004844,2025-09-25,C0410,P002,Wireless Mouse,Electronics,West,8,159724.8,91526.55,68198.25,0.2
O004845,2025-07-09,C0443,P008,Pen Set,Stationery,North,8,196803.2,134099.01,62704.19,0.12
O004846,2025-04-20,C0311,P004,Office Chair,Furniture,North,9,250921.44,143762.17,107159.27,0.12
O004847,2025-01-22,C0143,P004,Office Chair,Furniture,West,10,252966.0,199834.14,53131.86,0.16
O004848,2025-06-13,C0175,P004,Office Chair,Furniture,West,1,16576.56,12035.89,4540.67,0.09
O004849,2025-10-12,C0461,P002,Wireless Mouse,Electronics,North,8,358403.2,209322.08,149081.12,0.06
O004850,2025-12-13,C0021,P008,Pen Set,Stationery,South,10,389502.0,250648.25,138853.75,0.1
O004851,2025-11-14,C0099,P002,Wireless Mouse,Electronics,North,6,153355.2,107808.65,45546.55,0.2
O004852,2025-07-05,C0462,P006,Monitor,Electronics,East,4,156826.8,92851.3,63975.5,0.1
O004853,2025-08-18,C0042,P005,Desk,Furniture,East,10,103121.1,74768.86,28352.24,0.19
O004854,2025-08-04,C0459,P005,Desk,Furniture,West,1,25480.58,16414.69,9065.89,0.06
O004855,2025-02-08,C0394,P001,Laptop Pro,Electronics,East,3,9284.04,7789.87,1494.17,0.18
O004856,2025-12-18,C0459,P004,Office Chair,Furniture,East,8,247490.88,149923.4,97567.48,0.16
O004857,2025-06-13,C0137,P006,Monitor,Electronics,East,6,261200.88,160824.95,100375.93,0.08
O004858,2025-10-31,C0347,P001,Laptop Pro,Electronics,West,8,307574.96,216792.54,90782.42,0.23
O004859,2025-10-03,C0498,P008,Pen Set,Stationery,South,8,279552.32,227096.62,52455.7,0.24
O004860,2025-03-13,C0348,P003,Keyboard,Electronics,North,2,3645.0,2502.87,1142.13,0.19
O004861,2025-02-04,C0064,P005,Desk,Furniture,South,1,42288.35,29531.94,12756.41,0.15
O004862,2025-09-09,C0276,P005,Desk,Furniture,North,7,41384.63,27318.75,14065.88,0.17
O004863,2025-10-10,C0219,P005,Desk,Furniture,West,2,2593.12,2192.93,400.19,0.24
O004864,2025-03-18,C0492,P008,Pen Set,Stationery,West,2,61914.6,51717.94,10196.66,0.1
O004865,2025-01-31,C0357,P003,Keyboard,Electronics,East,5,78608.95,65902.35,12706.6,0.21
O004866,2025-03-02,C0258,P007,Notebook,Stationery,West,8,43331.84,24036.24,19295.6,0.03
O004867,2025-01-25,C0355,P008,Pen Set,Stationery,East,1,14413.96,9338.66,5075.3,0.06
O004868,2025-06-07,C0431,P005,Desk,Furniture,West,4,196657.56,122573.15,74084.41,0.01
O004869,2025-12-03,C0457,P007,Notebook,Stationery,East,9,251856.0,204622.59,47233.41,0.25
O004870,2025-04-27,C0263,P001,Laptop Pro,Electronics,North,4,136348.92,85659.11,50689.81,0.19
O004871,2025-10-30,C0294,P008,Pen Set,Stationery,South,8,279582.0,215894.86,63687.14,0.15
O004872,2025-05-25,C0438,P005,Desk,Furniture,North,7,253962.24,175268.18,78694.06,0.04
O004873,2025-05-28,C0126,P002,Wireless Mouse,Electronics,South,4,15985.76,10835.17,5150.59,0.02
O004874,2025-07-10,C0050,P004,Office Chair,Furniture,North,2,26980.8,20419.12,6561.68,0.23
O004875,2025-09-01,C0030,P003,Keyboard,Electronics,North,8,165002.0,135179.7,29822.3,0.15
O004876,2025-04-12,C0374,P004,Office Chair,Furniture,South,5,61834.85,42547.83,19287.02,0.23
O004877,2025-12-19,C0170,P006,Monitor,Electronics,South,7,276805.76,154596.11,122209.65,0.12
O004878,2025-03-21,C0106,P007,Notebook,Stationery,North,3,61319.58,45672.12,15647.46,0.02
O004879,2025-10-31,C0429,P002,Wireless Mouse,Electronics,North,6,99504.54,56711.46,42793.08,0.03
O004880,2025-07-25,C0333,P003,Keyboard,Electronics,South,1,25049.0,14546.91,10502.09,0.0
O004881,2025-12-12,C0159,P001,Laptop Pro,Electronics,East,1,18582.72,11204.65,7378.07,0.22
O004882,2025-07-07,C0418,P003,Keyboard,Electronics,South,7,169855.56,141637.37,28218.19,0.16
O004883,2025-07-29,C0056,P005,Desk,Furniture,East,3,50801.58,29768.49,21033.09,0.19
O004884,2025-02-13,C0274,P005,Desk,Furniture,East,5,232032.0,182755.8,49276.2,0.04
O004885,2025-06-12,C0275,P006,Monitor,Electronics,South,6,74434.26,58222.01,16212.25,0.11
O004886,2025-01-31,C0274,P007,Notebook,Stationery,North,9,63017.82,46473.11,16544.71,0.18
O004887,2025-01-17,C0094,P005,Desk,Furniture,South,10,305960.0,228574.33,77385.67,0.2
O004888,2025-06-28,C0262,P003,Keyboard,Electronics,North,4,78992.72,57502.64,21490.08,0.14
O004889,2025-06-22,C0015,P004,Office Chair,Furniture,West,6,244569.6,172509.97,72059.63,0.04
O004890,2025-10-27,C0352,P006,Monitor,Electronics,West,1,26876.32,18881.8,7994.52,0.18
O004891,2025-03-09,C0184,P004,Office Chair,Furniture,South,6,82512.0,65740.05,16771.95,0.2
O004892,2025-05-21,C0290,P005,Desk,Furniture,West,8,228560.64,143063.78,85496.86,0.12
O004893,2025-01-28,C0025,P005,Desk,Furniture,West,10,161112.6,109257.12,51855.48,0.01
O004894,2025-03-11,C0200,P001,Laptop Pro,Electronics,East,7,228033.96,160378.62,67655.34,0.13
O004895,2025-07-06,C0411,P007,Notebook,Stationery,South,3,121534.41,80121.11,41413.3,0.17
O004896,2025-10-15,C0181,P008,Pen Set,Stationery,East,8,294092.16,239917.53,54174.63,0.06
O004897,2025-05-11,C0013,P007,Notebook,Stationery,West,1,37243.15,21838.83,15404.32,0.03
O004898,2025-04-12,C0309,P003,Keyboard,Electronics,West,6,80635.2,52918.33,27716.87,0.2
O004899,2025-11-11,C0438,P001,Laptop Pro,Electronics,South,2,88506.94,63906.56,24600.38,0.11
O004900,2025-07-23,C0488,P003,Keyboard,Electronics,South,5,153044.1,110053.99,42990.11,0.01
O004901,2025-12-18,C0202,P006,Monitor,Electronics,North,2,81859.36,49965.93,31893.43,0.12
O004902,2025-12-15,C0355,P004,Office Chair,Furniture,East,3,72946.17,58179.65,14766.52,0.01
O004903,2025-05-17,C0481,P004,Office Chair,Furniture,South,10,258150.2,162014.29,96135.91,0.23
O004904,2025-05-05,C0219,P008,Pen Set,Stationery,North,9,309295.35,233735.65,75559.7,0.09
O004905,2025-06-22,C0475,P008,Pen Set,Stationery,East,10,150844.0,115813.89,35030.11,0.14
O004906,2025-03-01,C0089,P006,Monitor,Electronics,West,10,184875.8,142338.43,42537.37,0.21
O004907,2025-12-04,C0411,P004,Office Chair,Furniture,South,2,53316.4,33928.91,19387.49,0.18
O004908,2025-12-16,C0144,P008,Pen Set,Stationery,North,2,65563.12,52778.44,12784.68,0.06
O004909,2025-12-07,C0469,P003,Keyboard,Electronics,South,4,120086.08,80246.5,39839.58,0.24
O004910,2025-05-19,C0364,P008,Pen Set,Stationery,North,7,42553.28,35125.03,7428.25,0.12
O004911,2025-12-06,C0188,P005,Desk,Furniture,North,1,15111.78,10077.01,5034.77,0.18
O004912,2025-03-04,C0494,P002,Wireless Mouse,Electronics,North,3,99382.92,69706.41,29676.51,0.09
O004913,2025-09-30,C0368,P006,Monitor,Electronics,South,1,7464.46,5907.35,1557.11,0.18
O004914,2025-10-28,C0183,P001,Laptop Pro,Electronics,South,8,318342.72,235869.44,82473.28,0.07
O004915,2025-04-04,C0106,P003,Keyboard,Electronics,South,8,195184.0,153878.55,41305.45,0.12
O004916,2025-11-24,C0451,P006,Monitor,Electronics,West,5,55524.7,34357.08,21167.62,0.23
O004917,2025-11-08,C0215,P004,Office Chair,Furniture,South,3,125722.29,105483.14,20239.15,0.11
O004918,2025-01-01,C0251,P002,Wireless Mouse,Electronics,West,6,47781.36,28257.23,19524.13,0.01
O004919,2025-05-09,C0489,P003,Keyboard,Electronics,West,2,32436.8,23951.64,8485.16,0.05
O004920,2025-07-02,C0244,P007,Notebook,Stationery,South,6,67359.24,38427.43,28931.81,0.22
O004921,2025-10-14,C0100,P002,Wireless Mouse,Electronics,North,1,22360.15,16056.7,6303.45,0.05
O004922,2025-07-05,C0027,P008,Pen Set,Stationery,West,4,7260.84,5231.46,2029.38,0.17
O004923,2025-04-27,C0054,P004,Office Chair,Furniture,South,4,109683.6,87624.09,22059.51,0.11
O004924,2025-09-22,C0175,P008,Pen Set,Stationery,North,4,55425.28,42822.85,12602.43,0.24
O004925,2025-11-24,C0425,P003,Keyboard,Electronics,North,8,271643.68,179810.59,91833.09,0.23
O004926,2025-01-31,C0242,P003,Keyboard,Electronics,South,7,205824.92,113219.68,92605.24,0.18
O004927,2025-03-22,C0484,P003,Keyboard,Electronics,North,1,31038.0,21517.92,9520.08,0.16
O004928,2025-12-25,C0166,P005,Desk,Furniture,West,6,67651.8,57422.16,10229.64,0.06
O004929,2025-11-14,C0465,P001,Laptop Pro,Electronics,West,3,44383.05,35233.84,9149.21,0.05
O004930,2025-01-16,C0102,P006,Monitor,Electronics,South,2,55258.84,43481.41,11777.43,0.09
O004931,2025-08-11,C0443,P004,Office Chair,Furniture,North,1,31578.39,17905.14,13673.25,0.13
O004932,2025-05-24,C0063,P005,Desk,Furniture,South,2,56421.76,33897.63,22524.13,0.08
O004933,2025-09-10,C0333,P001,Laptop Pro,Electronics,East,1,25471.86,18183.8,7288.06,0.13
O004934,2025-01-03,C0301,P008,Pen Set,Stationery,East,6,112179.48,73076.55,39102.93,0.17
O004935,2025-08-13,C0091,P002,Wireless Mouse,Electronics,South,5,109746.45,80727.72,29018.73,0.01
O004936,2025-08-17,C0092,P007,Notebook,Stationery,West,7,266682.15,178144.7,88537.45,0.07
O004937,2025-12-20,C0069,P006,Monitor,Electronics,North,2,54825.54,34891.51,19934.03,0.23
O004938,2025-06-15,C0468,P005,Desk,Furniture,North,4,147517.52,115009.07,32508.45,0.14
O004939,2025-05-14,C0340,P005,Desk,Furniture,South,7,66426.57,54006.3,12420.27,0.03
O004940,2025-02-24,C0218,P005,Desk,Furniture,West,10,105741.5,86842.91,18898.59,0.21
O004941,2025-10-14,C0345,P008,Pen Set,Stationery,West,5,10662.2,8725.11,1937.09,0.11
O004942,2025-02-14,C0028,P006,Monitor,Electronics,West,9,166776.21,122777.02,43999.19,0.11
O004943,2025-02-16,C0259,P007,Notebook,Stationery,West,8,324211.2,220021.86,104189.34,0.04
O004944,2025-04-21,C0233,P004,Office Chair,Furniture,West,10,258320.4,211262.24,47058.16,0.13
O004945,2025-02-26,C0221,P001,Laptop Pro,Electronics,East,2,19887.12,12207.28,7679.84,0.07
O004946,2025-05-13,C0127,P006,Monitor,Electronics,West,10,257842.5,213465.4,44377.1,0.25
O004947,2025-11-18,C0302,P001,Laptop Pro,Electronics,South,5,145305.0,81629.92,63675.08,0.0
O004948,2025-07-11,C0202,P007,Notebook,Stationery,South,6,22435.2,17979.59,4455.61,0.2
O004949,2025-04-23,C0343,P007,Notebook,Stationery,South,10,75702.6,60569.94,15132.66,0.19
O004950,2025-07-06,C0200,P008,Pen Set,Stationery,West,4,73327.68,42921.84,30405.84,0.19
O004951,2025-10-10,C0400,P003,Keyboard,Electronics,East,2,16292.96,8984.88,7308.08,0.21
O004952,2025-07-08,C0120,P008,Pen Set,Stationery,South,9,310851.45,225707.17,85144.28,0.09
O004953,2025-01-04,C0298,P005,Desk,Furniture,North,3,54696.87,36329.51,18367.36,0.19
O004954,2025-01-24,C0358,P006,Monitor,Electronics,South,8,269328.8,200921.72,68407.08,0.05
O004955,2025-05-06,C0421,P001,Laptop Pro,Electronics,West,4,69803.44,57452.74,12350.7,0.02
O004956,2025-10-02,C0137,P006,Monitor,Electronics,West,4,28532.8,18459.39,10073.41,0.15
O004957,2025-01-23,C0013,P008,Pen Set,Stationery,West,1,42643.04,24010.29,18632.75,0.12
O004958,2025-05-07,C0447,P005,Desk,Furniture,West,7,37095.24,29162.57,7932.67,0.21
O004959,2025-12-05,C0250,P001,Laptop Pro,Electronics,East,1,15091.28,8659.43,6431.85,0.18
O004960,2025-11-23,C0423,P005,Desk,Furniture,West,4,88050.24,50605.51,37444.73,0.14
O004961,2025-02-10,C0465,P004,Office Chair,Furniture,East,9,370390.41,224433.46,145956.95,0.11
O004962,2025-05-11,C0498,P008,Pen Set,Stationery,East,8,125951.28,97198.62,28752.66,0.21
O004963,2025-10-04,C0371,P007,Notebook,Stationery,West,7,49883.19,31782.63,18100.56,0.13
O004964,2025-04-30,C0322,P005,Desk,Furniture,North,2,34867.2,24468.8,10398.4,0.04
O004965,2025-08-29,C0089,P005,Desk,Furniture,West,2,78334.6,54907.38,23427.22,0.18
O004966,2025-03-24,C0070,P004,Office Chair,Furniture,South,5,194188.0,111589.61,82598.39,0.14
O004967,2025-03-23,C0063,P004,Office Chair,Furniture,East,10,304568.7,215404.95,89163.75,0.21
O004968,2025-03-12,C0339,P001,Laptop Pro,Electronics,North,1,25242.79,14814.42,10428.37,0.17
O004969,2025-08-03,C0233,P005,Desk,Furniture,West,5,158474.6,124271.0,34203.6,0.06
O004970,2025-08-26,C0333,P002,Wireless Mouse,Electronics,West,6,244939.68,188659.02,56280.66,0.07
O004971,2025-04-29,C0296,P007,Notebook,Stationery,North,1,18072.48,12911.28,5161.2,0.08
O004972,2025-08-14,C0335,P002,Wireless Mouse,Electronics,West,7,252739.2,162520.15,90219.05,0.2
O004973,2025-08-31,C0369,P008,Pen Set,Stationery,West,8,316620.8,262688.88,53931.92,0.2
O004974,2025-10-15,C0181,P007,Notebook,Stationery,South,7,102841.2,68720.0,34121.2,0.12
O004975,2025-11-25,C0072,P001,Laptop Pro,Electronics,West,9,326107.44,212819.96,113287.48,0.18
O004976,2025-07-06,C0032,P005,Desk,Furniture,East,6,98008.68,55980.88,42027.8,0.23
O004977,2025-03-15,C0240,P008,Pen Set,Stationery,East,9,68888.25,48248.21,20640.04,0.15
O004978,2025-12-18,C0359,P005,Desk,Furniture,East,5,45547.2,30941.92,14605.28,0.04
O004979,2025-08-28,C0402,P001,Laptop Pro,Electronics,South,7,268806.72,214524.11,54282.61,0.04
O004980,2025-03-13,C0157,P007,Notebook,Stationery,West,5,12122.6,9578.33,2544.27,0.02
O004981,2025-02-14,C0132,P007,Notebook,Stationery,South,4,152392.68,91232.64,61160.04,0.01
O004982,2025-10-18,C0421,P001,Laptop Pro,Electronics,South,4,20743.2,12590.62,8152.58,0.14
O004983,2025-09-18,C0135,P004,Office Chair,Furniture,North,1,5214.72,3043.37,2171.35,0.03
O004984,2025-09-25,C0256,P007,Notebook,Stationery,East,6,87111.36,56362.36,30749.0,0.13
O004985,2025-07-21,C0054,P006,Monitor,Electronics,East,3,127913.13,76241.84,51671.29,0.07
O004986,2025-05-10,C0178,P002,Wireless Mouse,Electronics,West,5,57775.5,39705.5,18070.0,0.1
O004987,2025-10-07,C0103,P004,Office Chair,Furniture,West,6,22979.88,19240.91,3738.97,0.23
O004988,2025-08-06,C0468,P002,Wireless Mouse,Electronics,West,4,79013.48,52877.8,26135.68,0.09
O004989,2025-12-30,C0454,P004,Office Chair,Furniture,West,4,117292.8,84749.95,32542.85,0.18
O004990,2025-06-17,C0484,P005,Desk,Furniture,West,2,51419.76,42525.53,8894.23,0.16
O004991,2025-02-26,C0397,P001,Laptop Pro,Electronics,West,2,67185.7,48706.02,18479.68,0.15
O004992,2025-08-29,C0216,P003,Keyboard,Electronics,South,5,107892.4,69262.14,38630.26,0.23
O004993,2025-08-09,C0269,P004,Office Chair,Furniture,East,7,242690.14,154153.66,88536.48,0.23
O004994,2025-10-17,C0373,P002,Wireless Mouse,Electronics,North,8,276654.72,188189.43,88465.29,0.11
O004995,2025-09-11,C0417,P002,Wireless Mouse,Electronics,North,1,7385.28,6123.61,1261.67,0.16
O004996,2025-03-07,C0429,P001,Laptop Pro,Electronics,North,10,163530.0,126304.32,37225.68,0.21
O004997,2025-03-07,C0064,P004,Office Chair,Furniture,East,9,348274.8,202089.16,146185.64,0.11
O004998,2025-07-15,C0088,P002,Wireless Mouse,Electronics,East,10,24502.8,20085.22,4417.58,0.16
O004999,2025-07-20,C0173,P005,Desk,Furniture,West,7,301437.85,169014.81,132423.04,0.05
O005000,2025-12-14,C0181,P007,Notebook,Stationery,North,4,133212.8,97310.31,35902.49,0.2
